viewer_id,subscription_start,subscription_status,months_subscribed,churned_after_show,age_group
V10000,2022-10-02,Active,24,,35-44
V10001,2024-09-01,Active,1,,55+
V10002,2024-09-01,Active,1,,45-54
V10003,2023-10-02,Active,12,,35-44
V10004,2024-04-04,Active,6,,45-54
V10005,2022-10-02,Cancelled,24,,55+
V10006,2024-04-04,Cancelled,6,,35-44
V10007,2023-10-02,Cancelled,12,,25-34
V10008,2024-09-01,Active,1,,18-24
V10009,2024-04-04,Active,6,,25-34
V10010,2024-04-04,Active,6,,18-24
V10011,2022-10-02,Active,24,,18-24
V10012,2024-04-04,Cancelled,6,,25-34
V10013,2024-09-01,Active,1,,35-44
V10014,2024-04-04,Active,6,,35-44
V10015,2021-10-02,Active,36,,25-34
V10016,2023-10-02,Active,12,,25-34
V10017,2024-09-01,Active,1,,55+
V10018,2022-10-02,Active,24,,25-34
V10019,2024-07-03,Active,3,,25-34
V10020,2024-04-04,Active,6,,35-44
V10021,2024-07-03,Paused,3,,35-44
V10022,2024-04-04,Active,6,,25-34
V10023,2024-07-03,Active,3,,45-54
V10024,2024-09-01,Active,1,,18-24
V10025,2024-09-01,Cancelled,1,,35-44
V10026,2024-09-01,Active,1,,25-34
V10027,2024-07-03,Active,3,,25-34
V10028,2023-10-02,Active,12,,18-24
V10029,2024-04-04,Active,6,,35-44
V10030,2022-10-02,Active,24,,25-34
V10031,2024-09-01,Active,1,,18-24
V10032,2024-04-04,Cancelled,6,,35-44
V10033,2023-10-02,Active,12,,35-44
V10034,2022-10-02,Active,24,,55+
V10035,2022-10-02,Active,24,,18-24
V10036,2024-09-01,Active,1,,18-24
V10037,2023-10-02,Active,12,,25-34
V10038,2022-10-02,Active,24,,45-54
V10039,2024-07-03,Active,3,,35-44
V10040,2023-10-02,Cancelled,12,,35-44
V10041,2024-07-03,Active,3,,45-54
V10042,2022-10-02,Paused,24,,25-34
V10043,2024-04-04,Cancelled,6,,25-34
V10044,2022-10-02,Active,24,,45-54
V10045,2023-10-02,Active,12,,55+
V10046,2024-04-04,Cancelled,6,,25-34
V10047,2024-04-04,Active,6,,55+
V10048,2024-09-01,Active,1,,55+
V10049,2021-10-02,Active,36,,35-44
V10050,2024-04-04,Active,6,,25-34
V10051,2023-10-02,Cancelled,12,,45-54
V10052,2024-09-01,Active,1,,18-24
V10053,2024-04-04,Active,6,,45-54
V10054,2024-04-04,Active,6,,18-24
V10055,2023-10-02,Active,12,,18-24
V10056,2024-09-01,Active,1,,18-24
V10057,2022-10-02,Active,24,,18-24
V10058,2024-09-01,Paused,1,,25-34
V10059,2024-04-04,Cancelled,6,,55+
V10060,2023-10-02,Active,12,,18-24
V10061,2023-10-02,Active,12,,25-34
V10062,2022-10-02,Active,24,,25-34
V10063,2024-09-01,Active,1,,18-24
V10064,2024-09-01,Active,1,,35-44
V10065,2023-10-02,Active,12,,55+
V10066,2024-04-04,Active,6,,45-54
V10067,2024-07-03,Paused,3,,18-24
V10068,2021-10-02,Active,36,,45-54
V10069,2024-04-04,Paused,6,,18-24
V10070,2024-04-04,Paused,6,,35-44
V10071,2023-10-02,Active,12,,25-34
V10072,2023-10-02,Active,12,,55+
V10073,2024-09-01,Active,1,,55+
V10074,2022-10-02,Active,24,,35-44
V10075,2024-07-03,Active,3,,25-34
V10076,2024-04-04,Active,6,,18-24
V10077,2021-10-02,Paused,36,,35-44
V10078,2024-04-04,Active,6,,45-54
V10079,2023-10-02,Active,12,,55+
V10080,2022-10-02,Cancelled,24,,35-44
V10081,2024-04-04,Cancelled,6,SH2054,45-54
V10082,2024-04-04,Cancelled,6,,25-34
V10083,2024-04-04,Active,6,,25-34
V10084,2022-10-02,Active,24,,18-24
V10085,2024-09-01,Active,1,,18-24
V10086,2024-09-01,Active,1,,35-44
V10087,2023-10-02,Cancelled,12,,35-44
V10088,2023-10-02,Active,12,,25-34
V10089,2024-07-03,Active,3,,25-34
V10090,2024-07-03,Cancelled,3,SH2030,45-54
V10091,2024-09-01,Active,1,,35-44
V10092,2023-10-02,Active,12,,45-54
V10093,2024-04-04,Active,6,,45-54
V10094,2024-04-04,Active,6,,18-24
V10095,2023-10-02,Active,12,,35-44
V10096,2024-07-03,Active,3,,18-24
V10097,2024-04-04,Active,6,,25-34
V10098,2024-04-04,Cancelled,6,,25-34
V10099,2023-10-02,Active,12,,35-44
V10100,2022-10-02,Cancelled,24,,18-24
V10101,2024-04-04,Active,6,,25-34
V10102,2021-10-02,Active,36,,25-34
V10103,2023-10-02,Active,12,,18-24
V10104,2024-09-01,Active,1,,25-34
V10105,2024-09-01,Active,1,,25-34
V10106,2024-07-03,Cancelled,3,,25-34
V10107,2024-07-03,Active,3,,18-24
V10108,2024-07-03,Active,3,,25-34
V10109,2024-09-01,Active,1,,25-34
V10110,2024-07-03,Active,3,,35-44
V10111,2023-10-02,Active,12,,45-54
V10112,2023-10-02,Active,12,,45-54
V10113,2022-10-02,Active,24,,25-34
V10114,2022-10-02,Active,24,,25-34
V10115,2024-07-03,Active,3,,25-34
V10116,2023-10-02,Active,12,,25-34
V10117,2023-10-02,Active,12,,25-34
V10118,2023-10-02,Cancelled,12,,35-44
V10119,2024-09-01,Active,1,,35-44
V10120,2024-07-03,Active,3,,25-34
V10121,2024-09-01,Active,1,,25-34
V10122,2024-07-03,Active,3,,45-54
V10123,2024-04-04,Active,6,,45-54
V10124,2024-04-04,Active,6,,35-44
V10125,2024-04-04,Active,6,,25-34
V10126,2024-09-01,Active,1,,25-34
V10127,2023-10-02,Active,12,,25-34
V10128,2021-10-02,Active,36,,25-34
V10129,2024-09-01,Active,1,,25-34
V10130,2024-07-03,Active,3,,25-34
V10131,2024-07-03,Cancelled,3,,18-24
V10132,2024-04-04,Paused,6,,18-24
V10133,2024-04-04,Paused,6,,45-54
V10134,2022-10-02,Active,24,,25-34
V10135,2023-10-02,Cancelled,12,,35-44
V10136,2024-07-03,Cancelled,3,,25-34
V10137,2024-04-04,Active,6,,25-34
V10138,2024-09-01,Active,1,,25-34
V10139,2024-04-04,Active,6,,25-34
V10140,2024-04-04,Active,6,,25-34
V10141,2024-09-01,Active,1,,55+
V10142,2024-07-03,Cancelled,3,,25-34
V10143,2023-10-02,Active,12,,25-34
V10144,2024-04-04,Active,6,,55+
V10145,2022-10-02,Paused,24,,18-24
V10146,2023-10-02,Cancelled,12,SH2039,25-34
V10147,2023-10-02,Active,12,,45-54
V10148,2022-10-02,Cancelled,24,,45-54
V10149,2024-07-03,Active,3,,35-44
V10150,2026-03-15,Active,24,,35-44
V10151,2023-10-02,Active,12,,35-44
V10152,2022-10-02,Active,24,,35-44
V10153,2024-04-04,Active,6,,25-34
V10154,2024-04-04,Active,6,,18-24
V10155,2024-07-03,Active,3,,25-34
V10156,2024-07-03,Active,3,,35-44
V10157,2024-07-03,Cancelled,3,,25-34
V10158,2024-04-04,Paused,6,,45-54
V10159,2023-10-02,Cancelled,12,SH2001,18-24
V10160,2023-10-02,Cancelled,12,,25-34
V10161,2024-09-01,Cancelled,1,,18-24
V10162,2023-10-02,Active,12,,25-34
V10163,2023-10-02,Active,12,,35-44
V10164,2023-10-02,Active,12,,25-34
V10165,2024-07-03,Active,3,,55+
V10166,2024-04-04,Active,6,,25-34
V10167,2022-10-02,Active,24,,35-44
V10168,2024-04-04,Active,6,,18-24
V10169,2022-10-02,Cancelled,24,,35-44
V10170,2022-10-02,Active,24,,25-34
V10171,2024-04-04,Active,6,,25-34
V10172,2023-10-02,Cancelled,12,,55+
V10173,2024-09-01,Paused,1,,45-54
V10174,2024-09-01,Cancelled,1,,45-54
V10175,2024-04-04,Active,6,,18-24
V10176,2024-07-03,Cancelled,3,,18-24
V10177,2024-04-04,Active,6,,55+
V10178,2024-07-03,Active,3,,35-44
V10179,2024-04-04,Active,6,,25-34
V10180,2024-09-01,Active,1,,25-34
V10181,2024-04-04,Cancelled,6,,25-34
V10182,2023-10-02,Active,12,,35-44
V10183,2024-07-03,Paused,3,,18-24
V10184,2024-04-04,Active,6,,55+
V10185,2024-04-04,Active,6,,18-24
V10186,2023-10-02,Active,12,,45-54
V10187,2024-07-03,Active,3,,18-24
V10188,2024-04-04,Active,6,,18-24
V10189,2023-10-02,Active,12,,35-44
V10190,2024-04-04,Active,6,,35-44
V10191,2024-07-03,Active,3,,45-54
V10192,2022-10-02,Active,24,,25-34
V10193,2023-10-02,Active,12,,18-24
V10194,2024-07-03,Active,3,,35-44
V10195,2024-09-01,Active,1,,25-34
V10196,2023-10-02,Active,12,,18-24
V10197,2023-10-02,Active,12,,35-44
V10198,2024-07-03,Active,3,,25-34
V10199,2023-10-02,Cancelled,12,,45-54
V10200,2023-10-02,Active,12,,25-34
V10201,2022-10-02,Active,24,,18-24
V10202,2024-07-03,Active,3,,25-34
V10203,2024-04-04,Active,6,,45-54
V10204,2022-10-02,Active,24,,25-34
V10205,2024-04-04,Active,6,,25-34
V10206,2023-10-02,Active,12,,35-44
V10207,2024-04-04,Active,6,,55+
V10208,2023-10-02,Active,12,,45-54
V10209,2024-04-04,Cancelled,6,,45-54
V10210,2024-09-01,Active,1,,35-44
V10211,2023-10-02,Active,12,,18-24
V10212,2022-10-02,Paused,24,,35-44
V10213,2024-07-03,Active,3,,18-24
V10214,2022-10-02,Active,24,,35-44
V10215,2024-07-03,Active,3,,35-44
V10216,2022-10-02,Active,24,,18-24
V10217,2024-09-01,Cancelled,1,,45-54
V10218,2023-10-02,Active,12,,25-34
V10219,2022-10-02,Active,24,,25-34
V10220,2024-04-04,Active,6,,25-34
V10221,2023-10-02,Active,12,,35-44
V10222,2024-07-03,Active,3,,25-34
V10223,2024-04-04,Active,6,,25-34
V10224,2024-04-04,Active,6,,35-44
V10225,2022-10-02,Active,24,,25-34
V10226,2024-09-01,Active,1,,35-44
V10227,2024-09-01,Active,1,,35-44
V10228,2024-07-03,Cancelled,3,SH2016,18-24
V10229,2024-04-04,Active,6,,35-44
V10230,2024-04-04,Active,6,,18-24
V10231,2024-09-01,Paused,1,,18-24
V10232,2024-09-01,Active,1,,45-54
V10233,2021-10-02,Cancelled,36,,35-44
V10234,2024-09-01,Paused,1,,45-54
V10235,2023-10-02,Cancelled,12,,35-44
V10236,2021-10-02,Cancelled,36,,35-44
V10237,2024-09-01,Active,1,,18-24
V10238,2024-04-04,Paused,6,,35-44
V10239,2024-04-04,Active,6,,18-24
V10240,2023-10-02,Active,12,,18-24
V10241,2024-04-04,Cancelled,6,SH2034,35-44
V10242,2024-07-03,Cancelled,3,,18-24
V10243,2024-07-03,Active,3,,18-24
V10244,2023-10-02,Active,12,,35-44
V10245,2024-09-01,Active,1,,35-44
V10246,2023-10-02,Active,12,,35-44
V10247,2022-10-02,Active,24,,25-34
V10248,2024-09-01,Cancelled,1,,18-24
V10249,2024-04-04,Cancelled,6,,45-54
V10250,2024-04-04,Cancelled,6,,25-34
V10251,2023-10-02,Cancelled,12,,55+
V10252,2024-04-04,Active,6,,35-44
V10253,2024-07-03,Active,3,,25-34
V10254,2024-07-03,Active,3,,25-34
V10255,2024-09-01,Active,1,,55+
V10256,2024-04-04,Active,6,,35-44
V10257,2024-07-03,Cancelled,3,SH2005,45-54
V10258,2021-10-02,Cancelled,36,,35-44
V10259,2021-10-02,Active,36,,18-24
V10260,2024-04-04,Cancelled,6,,25-34
V10261,2024-09-01,Active,1,,25-34
V10262,2024-09-01,Paused,1,,45-54
V10263,2022-10-02,Active,24,,25-34
V10264,2024-04-04,Active,6,,35-44
V10265,2024-07-03,Active,3,,25-34
V10266,2021-10-02,Cancelled,36,,25-34
V10267,2023-10-02,Active,12,,45-54
V10268,2022-10-02,Active,24,,25-34
V10269,2024-07-03,Active,3,,18-24
V10270,2022-10-02,Active,24,,25-34
V10271,2022-10-02,Active,24,,25-34
V10272,2024-07-03,Active,3,,35-44
V10273,2024-09-01,Active,1,,55+
V10274,2024-09-01,Cancelled,1,SH2044,55+
V10275,2024-04-04,Active,6,,45-54
V10276,2024-07-03,Active,3,,35-44
V10277,2024-07-03,Cancelled,3,,45-54
V10278,2022-10-02,Cancelled,24,,35-44
V10279,2023-10-02,Active,12,,35-44
V10280,2023-10-02,Active,12,,45-54
V10281,2022-10-02,Active,24,,45-54
V10282,2024-09-01,Active,1,,35-44
V10283,2024-07-03,Cancelled,3,,45-54
V10284,2024-09-01,Active,1,,35-44
V10285,2021-10-02,Active,36,,25-34
V10286,2023-10-02,Active,12,,45-54
V10287,2024-09-01,Cancelled,1,,35-44
V10288,2024-07-03,Active,3,,55+
V10289,2024-09-01,Cancelled,1,SH2026,35-44
V10290,2024-07-03,Cancelled,3,,35-44
V10291,2024-09-01,Active,1,,45-54
V10292,2021-10-02,Active,36,,25-34
V10293,2023-10-02,Active,12,,25-34
V10294,2024-09-01,Cancelled,1,,25-34
V10295,2024-07-03,Active,3,,25-34
V10296,2024-04-04,Cancelled,6,,18-24
V10297,2024-04-04,Cancelled,6,,25-34
V10298,2023-10-02,Active,12,,18-24
V10299,2022-10-02,Paused,24,,18-24
V10300,2023-10-02,Cancelled,-5,,45-54
V10301,2023-10-02,Active,12,,25-34
V10302,2024-07-03,Active,3,,35-44
V10303,2024-07-03,Cancelled,3,,35-44
V10304,2024-04-04,Active,6,,25-34
V10305,2024-07-03,Active,3,,25-34
V10306,2024-04-04,Active,6,,18-24
V10307,2023-10-02,Active,12,,55+
V10308,2021-10-02,Active,36,,25-34
V10309,2024-09-01,Active,1,,35-44
V10310,2024-07-03,Active,3,,25-34
V10311,2024-07-03,Active,3,,25-34
V10312,2024-04-04,Active,6,,55+
V10313,2024-09-01,Active,1,,35-44
V10314,2024-04-04,Paused,6,,35-44
V10315,2023-10-02,Cancelled,12,,55+
V10316,2023-10-02,Active,12,,18-24
V10317,2024-09-01,Active,1,,18-24
V10318,2024-04-04,Active,6,,25-34
V10319,2023-10-02,Cancelled,12,,18-24
V10320,2022-10-02,Active,24,,45-54
V10321,2024-04-04,Active,6,,55+
V10322,2024-07-03,Active,3,,45-54
V10323,2024-09-01,Active,1,,55+
V10324,2024-09-01,Cancelled,1,,35-44
V10325,2023-10-02,Active,12,,55+
V10326,2022-10-02,Active,24,,45-54
V10327,2023-10-02,Active,12,,35-44
V10328,2024-04-04,Active,6,,45-54
V10329,2024-04-04,Active,6,,25-34
V10330,2024-04-04,Active,6,,35-44
V10331,2023-10-02,Active,12,,35-44
V10332,2024-07-03,Active,3,,35-44
V10333,2022-10-02,Active,24,,18-24
V10334,2024-07-03,Active,3,,35-44
V10335,2024-07-03,Active,3,,25-34
V10336,2024-09-01,Active,1,,25-34
V10337,2024-04-04,Active,6,,45-54
V10338,2024-07-03,Paused,3,,25-34
V10339,2022-10-02,Active,24,,35-44
V10340,2023-10-02,Active,12,,35-44
V10341,2024-04-04,Active,6,,18-24
V10342,2024-04-04,Active,6,,35-44
V10343,2023-10-02,Active,12,,55+
V10344,2024-07-03,Active,3,,25-34
V10345,2024-04-04,Cancelled,6,,25-34
V10346,2024-04-04,Active,6,,35-44
V10347,2024-04-04,Active,6,,25-34
V10348,2024-09-01,Active,1,,18-24
V10349,2024-04-04,Active,6,,35-44
V10350,2023-10-02,Active,12,,35-44
V10351,2024-07-03,Active,3,,45-54
V10352,2024-09-01,Active,1,,35-44
V10353,2024-04-04,Active,6,,25-34
V10354,2022-10-02,Active,24,,25-34
V10355,2024-04-04,Active,6,,18-24
V10356,2024-04-04,Active,6,,55+
V10357,2024-07-03,Active,3,,25-34
V10358,2023-10-02,Active,12,,35-44
V10359,2023-10-02,Active,12,,25-34
V10360,2022-10-02,Active,24,,35-44
V10361,2024-09-01,Paused,1,,18-24
V10362,2024-07-03,Active,3,,35-44
V10363,2024-07-03,Active,3,,18-24
V10364,2024-09-01,Active,1,,35-44
V10365,2024-04-04,Active,6,,35-44
V10366,2024-09-01,Active,1,,55+
V10367,2024-04-04,Active,6,,35-44
V10368,2024-07-03,Active,3,,18-24
V10369,2024-09-01,Active,1,,55+
V10370,2023-10-02,Active,12,,25-34
V10371,2023-10-02,Active,12,,25-34
V10372,2021-10-02,Active,36,,35-44
V10373,2021-10-02,Active,36,,18-24
V10374,2024-07-03,Cancelled,3,,45-54
V10375,2024-09-01,Cancelled,1,,55+
V10376,2022-10-02,Cancelled,24,,35-44
V10377,2024-07-03,Active,3,,35-44
V10378,2024-07-03,Cancelled,3,,55+
V10379,2024-09-01,Active,1,,18-24
V10380,2023-10-02,Cancelled,12,,55+
V10381,2022-10-02,Cancelled,24,,25-34
V10382,2024-04-04,Active,6,,35-44
V10383,2024-07-03,Active,3,,35-44
V10384,2024-04-04,Active,6,,35-44
V10385,2024-04-04,Active,6,,25-34
V10386,2024-09-01,Active,1,,25-34
V10387,2023-10-02,Cancelled,12,,35-44
V10388,2021-10-02,Cancelled,36,,55+
V10389,2024-09-01,Active,1,,35-44
V10390,2024-07-03,Active,3,,25-34
V10391,2024-04-04,Active,6,,35-44
V10392,2024-04-04,Cancelled,6,,25-34
V10393,2024-09-01,Paused,1,,35-44
V10394,2024-04-04,Active,6,,25-34
V10395,2024-07-03,Active,3,,35-44
V10396,2024-04-04,Active,6,,55+
V10397,2024-04-04,Active,6,,18-24
V10398,2023-10-02,Active,12,,55+
V10399,2022-10-02,Active,24,,18-24
V10400,2022-10-02,Cancelled,24,SH2048,25-34
V10401,2024-04-04,Active,6,,55+
V10402,2024-04-04,Cancelled,6,SH2041,35-44
V10403,2024-09-01,Active,1,,35-44
V10404,2024-04-04,Active,6,,45-54
V10405,2023-10-02,Active,12,,25-34
V10406,2022-10-02,Cancelled,24,SH2003,35-44
V10407,2024-07-03,Cancelled,3,,25-34
V10408,2024-09-01,Active,1,,25-34
V10409,2024-04-04,Active,6,,35-44
V10410,2022-10-02,Active,24,,18-24
V10411,2024-09-01,Active,1,,35-44
V10412,2024-04-04,Active,6,,25-34
V10413,2024-04-04,Active,6,,55+
V10414,2024-09-01,Active,1,,25-34
V10415,2024-04-04,Active,6,,35-44
V10416,2021-10-02,Active,36,,18-24
V10417,2023-10-02,Active,12,,25-34
V10418,2024-09-01,Active,1,,45-54
V10419,2024-07-03,Active,3,,25-34
V10420,2024-04-04,Active,6,,35-44
V10421,2024-09-01,Cancelled,1,,25-34
V10422,2022-10-02,Active,24,,35-44
V10423,2024-07-03,Active,3,,35-44
V10424,2021-10-02,Active,36,,35-44
V10425,2023-10-02,Active,12,,18-24
V10426,2024-04-04,Paused,6,,25-34
V10427,2023-10-02,Active,12,,35-44
V10428,2024-09-01,Active,1,,45-54
V10429,2024-07-03,Active,3,,45-54
V10430,2022-10-02,Active,24,,25-34
V10431,2024-07-03,Paused,3,,55+
V10432,2024-04-04,Cancelled,6,,35-44
V10433,2024-09-01,Cancelled,1,,18-24
V10434,2023-10-02,Active,12,,18-24
V10435,2024-07-03,Active,3,,25-34
V10436,2024-09-01,Cancelled,1,,35-44
V10437,2024-04-04,Active,6,,35-44
V10438,2024-04-04,Cancelled,6,,25-34
V10439,2022-10-02,Active,24,,55+
V10440,2024-09-01,Cancelled,1,,25-34
V10441,2022-10-02,Cancelled,24,,45-54
V10442,2024-09-01,Active,1,,25-34
V10443,2023-10-02,Active,12,,55+
V10444,2023-10-02,Cancelled,12,,18-24
V10445,2022-10-02,Active,24,,35-44
V10446,2023-10-02,Active,12,,35-44
V10447,2024-04-04,Active,6,,25-34
V10448,2024-09-01,Active,1,,18-24
V10449,2021-10-02,Active,36,,55+
V10450,2024-04-04,Suspended,6,,35-44
V10451,2024-04-04,Active,6,,35-44
V10452,2024-07-03,Active,3,,35-44
V10453,2024-07-03,Active,3,,45-54
V10454,2024-04-04,Active,6,,55+
V10455,2024-09-01,Active,1,,55+
V10456,2024-07-03,Active,3,,18-24
V10457,2024-07-03,Active,3,,35-44
V10458,2024-09-01,Active,1,,55+
V10459,2022-10-02,Active,24,,25-34
V10460,2023-10-02,Active,12,,25-34
V10461,2024-09-01,Cancelled,1,SH2006,25-34
V10462,2024-04-04,Active,6,,25-34
V10463,2024-04-04,Paused,6,,25-34
V10464,2024-09-01,Active,1,,45-54
V10465,2024-04-04,Active,6,,25-34
V10466,2023-10-02,Active,12,,45-54
V10467,2023-10-02,Active,12,,18-24
V10468,2024-09-01,Active,1,,25-34
V10469,2023-10-02,Active,12,,25-34
V10470,2024-09-01,Active,1,,45-54
V10471,2024-07-03,Active,3,,45-54
V10472,2023-10-02,Cancelled,12,,25-34
V10473,2024-09-01,Active,1,,35-44
V10474,2022-10-02,Cancelled,24,SH2049,18-24
V10475,2024-09-01,Cancelled,1,,25-34
V10476,2023-10-02,Cancelled,12,,35-44
V10477,2024-09-01,Active,1,,25-34
V10478,2023-10-02,Active,12,,35-44
V10479,2024-09-01,Active,1,,35-44
V10480,2024-09-01,Active,1,,18-24
V10481,2021-10-02,Active,36,,25-34
V10482,2024-07-03,Active,3,,45-54
V10483,2023-10-02,Active,12,,25-34
V10484,2024-09-01,Active,1,,45-54
V10485,2024-07-03,Active,3,,18-24
V10486,2021-10-02,Active,36,,45-54
V10487,2023-10-02,Active,12,,25-34
V10488,2024-09-01,Active,1,,45-54
V10489,2023-10-02,Active,12,,18-24
V10490,2021-10-02,Cancelled,36,,25-34
V10491,2023-10-02,Active,12,,35-44
V10492,2022-10-02,Active,24,,18-24
V10493,2024-07-03,Cancelled,3,,25-34
V10494,2024-04-04,Active,6,,35-44
V10495,2022-10-02,Active,24,,18-24
V10496,2024-07-03,Cancelled,3,SH2031,35-44
V10497,2024-07-03,Cancelled,3,,25-34
V10498,2023-10-02,Active,12,,55+
V10499,2023-10-02,Active,12,,25-34
V10500,2024-09-01,Active,1,,45-54
V10501,2024-07-03,Active,3,,35-44
V10502,2024-09-01,Active,1,,18-24
V10503,2021-10-02,Active,36,,25-34
V10504,2024-07-03,Active,3,,45-54
V10505,2023-10-02,Active,12,,18-24
V10506,2024-07-03,Active,3,,35-44
V10507,2022-10-02,Active,24,,25-34
V10508,2024-04-04,Cancelled,6,,35-44
V10509,2024-07-03,Active,3,,45-54
V10510,2023-10-02,Active,12,,35-44
V10511,2022-10-02,Active,24,,35-44
V10512,2024-04-04,Active,6,,35-44
V10513,2022-10-02,Cancelled,24,SH2056,45-54
V10514,2021-10-02,Active,36,,25-34
V10515,2024-09-01,Active,1,,45-54
V10516,2021-10-02,Active,36,,25-34
V10517,2023-10-02,Cancelled,12,,35-44
V10518,2024-04-04,Active,6,,18-24
V10519,2023-10-02,Active,12,,45-54
V10520,2024-09-01,Active,1,,25-34
V10521,2023-10-02,Active,12,,35-44
V10522,2024-04-04,Active,6,,35-44
V10523,2023-10-02,Cancelled,12,,25-34
V10524,2024-04-04,Active,6,,18-24
V10525,2024-07-03,Cancelled,3,,35-44
V10526,2024-04-04,Active,6,,18-24
V10527,2024-07-03,Active,3,,18-24
V10528,2024-07-03,Active,3,,35-44
V10529,2021-10-02,Cancelled,36,,35-44
V10530,2023-10-02,Cancelled,12,,18-24
V10531,2022-10-02,Active,24,,35-44
V10532,2024-04-04,Active,6,,25-34
V10533,2024-07-03,Active,3,,18-24
V10534,2022-10-02,Active,24,,35-44
V10535,2024-07-03,Cancelled,3,,25-34
V10536,2022-10-02,Cancelled,24,,25-34
V10537,2024-04-04,Active,6,,18-24
V10538,2024-09-01,Active,1,,25-34
V10539,2024-04-04,Active,6,,45-54
V10540,2024-07-03,Active,3,,18-24
V10541,2023-10-02,Active,12,,55+
V10542,2024-09-01,Active,1,,25-34
V10543,2024-07-03,Active,3,,55+
V10544,2024-07-03,Active,3,,45-54
V10545,2024-04-04,Cancelled,6,,18-24
V10546,2024-09-01,Active,1,,55+
V10547,2024-09-01,Active,1,,25-34
V10548,2024-07-03,Cancelled,3,,18-24
V10549,2021-10-02,Active,36,,55+
V10550,2024-09-01,Active,1,,25-34
V10551,2023-10-02,Paused,12,,25-34
V10552,2023-10-02,Active,12,,35-44
V10553,2024-04-04,Paused,6,,35-44
V10554,2024-07-03,Active,3,,25-34
V10555,2024-07-03,Active,3,,45-54
V10556,2024-04-04,Active,6,,18-24
V10557,2022-10-02,Active,24,,18-24
V10558,2023-10-02,Active,12,,18-24
V10559,2024-04-04,Active,6,,25-34
V10560,2022-10-02,Cancelled,24,,35-44
V10561,2024-04-04,Active,6,,35-44
V10562,2024-09-01,Active,1,,45-54
V10563,2024-04-04,Active,6,,45-54
V10564,2024-07-03,Active,3,,25-34
V10565,2024-07-03,Cancelled,3,SH2020,35-44
V10566,2023-10-02,Active,12,,25-34
V10567,2022-10-02,Active,24,,45-54
V10568,2024-04-04,Active,6,,18-24
V10569,2024-07-03,Active,3,,25-34
V10570,2023-10-02,Active,12,,25-34
V10571,2024-04-04,Active,6,,25-34
V10572,2024-07-03,Active,3,,18-24
V10573,2024-04-04,Cancelled,6,,25-34
V10574,2023-10-02,Active,12,,45-54
V10575,2024-04-04,Active,6,,35-44
V10576,2024-07-03,Active,3,,25-34
V10577,2022-10-02,Active,24,,35-44
V10578,2024-04-04,Active,6,,25-34
V10579,2023-10-02,Cancelled,12,,25-34
V10580,2021-10-02,Cancelled,36,,18-24
V10581,2024-07-03,Paused,3,,25-34
V10582,2024-09-01,Active,1,,25-34
V10583,2021-10-02,Paused,36,,35-44
V10584,2024-09-01,Active,1,,18-24
V10585,2024-09-01,Cancelled,1,,25-34
V10586,2021-10-02,Active,36,,25-34
V10587,2022-10-02,Active,24,,45-54
V10588,2021-10-02,Cancelled,36,,35-44
V10589,2024-07-03,Cancelled,3,,45-54
V10590,2024-07-03,Active,3,,18-24
V10591,2023-10-02,Active,12,,55+
V10592,2023-10-02,Active,12,,35-44
V10593,2024-04-04,Active,6,,35-44
V10594,2022-10-02,Cancelled,24,SH2015,25-34
V10595,2024-09-01,Active,1,,18-24
V10596,2023-10-02,Active,12,,35-44
V10597,2021-10-02,Active,36,,18-24
V10598,2024-07-03,Cancelled,3,,25-34
V10599,2024-09-01,Cancelled,1,,25-34
,2022-10-02,Active,24,,45-54
V10601,2024-09-01,Cancelled,1,,35-44
V10602,2024-09-01,Active,1,,25-34
V10603,2024-04-04,Active,6,,25-34
V10604,2024-09-01,Active,1,,45-54
V10605,2024-04-04,Active,6,,25-34
V10606,2024-09-01,Paused,1,,18-24
V10607,2023-10-02,Paused,12,,45-54
V10608,2023-10-02,Cancelled,12,,55+
V10609,2024-04-04,Active,6,,35-44
V10610,2023-10-02,Active,12,,25-34
V10611,2024-09-01,Active,1,,25-34
V10612,2024-09-01,Active,1,,25-34
V10613,2022-10-02,Active,24,,25-34
V10614,2023-10-02,Active,12,,18-24
V10615,2022-10-02,Cancelled,24,,25-34
V10616,2021-10-02,Active,36,,35-44
V10617,2022-10-02,Active,24,,25-34
V10618,2024-07-03,Cancelled,3,,35-44
V10619,2024-07-03,Active,3,,25-34
V10620,2023-10-02,Active,12,,18-24
V10621,2022-10-02,Active,24,,55+
V10622,2024-09-01,Active,1,,18-24
V10623,2022-10-02,Active,24,,18-24
V10624,2024-07-03,Active,3,,25-34
V10625,2022-10-02,Active,24,,45-54
V10626,2023-10-02,Active,12,,18-24
V10627,2024-07-03,Cancelled,3,SH2023,55+
V10628,2023-10-02,Active,12,,35-44
V10629,2023-10-02,Active,12,,25-34
V10630,2024-04-04,Active,6,,18-24
V10631,2024-09-01,Active,1,,55+
V10632,2024-07-03,Active,3,,25-34
V10633,2023-10-02,Active,12,,25-34
V10634,2024-04-04,Active,6,,18-24
V10635,2024-07-03,Active,3,,18-24
V10636,2024-07-03,Cancelled,3,,35-44
V10637,2024-07-03,Cancelled,3,SH2040,25-34
V10638,2022-10-02,Active,24,,45-54
V10639,2024-04-04,Active,6,,35-44
V10640,2024-09-01,Active,1,,55+
V10641,2024-07-03,Active,3,,35-44
V10642,2022-10-02,Active,24,,25-34
V10643,2023-10-02,Active,12,,35-44
V10644,2021-10-02,Active,36,,45-54
V10645,2024-09-01,Active,1,,45-54
V10646,2024-09-01,Cancelled,1,,25-34
V10647,2022-10-02,Active,24,,18-24
V10648,2024-04-04,Active,6,,55+
V10649,2024-04-04,Active,6,,35-44
V10650,2024-04-04,Active,6,,35-44
V10651,2022-10-02,Active,24,,35-44
V10652,2024-09-01,Active,1,,25-34
V10653,2024-07-03,Active,3,,35-44
V10654,2024-04-04,Cancelled,6,,55+
V10655,2023-10-02,Active,12,,25-34
V10656,2024-09-01,Active,1,,55+
V10657,2022-10-02,Active,24,,25-34
V10658,2022-10-02,Active,24,,25-34
V10659,2022-10-02,Active,24,,18-24
V10660,2024-04-04,Cancelled,6,SH2031,35-44
V10661,2022-10-02,Cancelled,24,,55+
V10662,2024-07-03,Active,3,,25-34
V10663,2023-10-02,Active,12,,35-44
V10664,2024-04-04,Active,6,,25-34
V10665,2024-09-01,Cancelled,1,SH2028,25-34
V10666,2024-04-04,Active,6,,18-24
V10667,2024-04-04,Cancelled,6,SH2004,35-44
V10668,2024-04-04,Cancelled,6,,35-44
V10669,2024-09-01,Active,1,,55+
V10670,2024-07-03,Paused,3,,35-44
V10671,2024-09-01,Active,1,,25-34
V10672,2022-10-02,Active,24,,25-34
V10673,2024-07-03,Active,3,,25-34
V10674,2024-09-01,Cancelled,1,,25-34
V10675,2024-04-04,Active,6,,55+
V10676,2024-04-04,Active,6,,35-44
V10677,2024-07-03,Active,3,,55+
V10678,2023-10-02,Paused,12,,25-34
V10679,2024-04-04,Active,6,,25-34
V10680,2022-10-02,Active,24,,45-54
V10681,2023-10-02,Active,12,,35-44
V10682,2023-10-02,Active,12,,45-54
V10683,2024-04-04,Active,6,,35-44
V10684,2021-10-02,Active,36,,45-54
V10685,2024-07-03,Cancelled,3,,35-44
V10686,2024-07-03,Cancelled,3,,25-34
V10687,2024-09-01,Cancelled,1,,35-44
V10688,2024-09-01,Active,1,,35-44
V10689,2024-04-04,Active,6,,18-24
V10690,2023-10-02,Active,12,,18-24
V10691,2023-10-02,Active,12,,18-24
V10692,2021-10-02,Cancelled,36,SH2051,35-44
V10693,2022-10-02,Active,24,,25-34
V10694,2024-07-03,Active,3,,45-54
V10695,2024-04-04,Active,6,,25-34
V10696,2024-04-04,Cancelled,6,,55+
V10697,2022-10-02,Cancelled,24,,35-44
V10698,2024-07-03,Active,3,,45-54
V10699,2024-04-04,Cancelled,6,SH2037,45-54
V10700,2024-07-03,Active,3,,55+
V10701,2024-07-03,Active,3,,45-54
V10702,2022-10-02,Active,24,,45-54
V10703,2024-04-04,Active,6,,35-44
V10704,2022-10-02,Active,24,,35-44
V10705,2024-04-04,Cancelled,6,SH2025,55+
V10706,2022-10-02,Active,24,,18-24
V10707,2023-10-02,Cancelled,12,SH2039,35-44
V10708,2022-10-02,Cancelled,24,,45-54
V10709,2023-10-02,Active,12,,25-34
V10710,2023-10-02,Active,12,,35-44
V10711,2024-09-01,Active,1,,35-44
V10712,2023-10-02,Active,12,,35-44
V10713,2024-09-01,Active,1,,45-54
V10714,2023-10-02,Active,12,,45-54
V10715,2024-07-03,Active,3,,18-24
V10716,2023-10-02,Active,12,,25-34
V10717,2022-10-02,Active,24,,25-34
V10718,2024-07-03,Active,3,,18-24
V10719,2024-04-04,Cancelled,6,SH2012,35-44
V10720,2023-10-02,Active,12,,35-44
V10721,2024-09-01,Cancelled,1,,35-44
V10722,2024-04-04,Active,6,,18-24
V10723,2023-10-02,Active,12,,35-44
V10724,2022-10-02,Cancelled,24,,35-44
V10725,2024-09-01,Cancelled,1,,25-34
V10726,2024-07-03,Active,3,,35-44
V10727,2024-09-01,Active,1,,25-34
V10728,2024-09-01,Active,1,,18-24
V10729,2024-07-03,Active,3,,18-24
V10730,2022-10-02,Active,24,,25-34
V10731,2023-10-02,Active,12,,18-24
V10732,2024-04-04,Active,6,,45-54
V10733,2024-07-03,Cancelled,3,,45-54
V10734,2022-10-02,Active,24,,55+
V10735,2024-09-01,Active,1,,25-34
V10736,2024-04-04,Active,6,,35-44
V10737,2024-09-01,Active,1,,35-44
V10738,2023-10-02,Paused,12,,45-54
V10739,2021-10-02,Active,36,,25-34
V10740,2024-09-01,Cancelled,1,SH2036,35-44
V10741,2024-04-04,Active,6,,45-54
V10742,2024-04-04,Active,6,,35-44
V10743,2023-10-02,Active,12,,45-54
V10744,2024-07-03,Active,3,,25-34
V10745,2023-10-02,Active,12,,45-54
V10746,2023-10-02,Active,12,,45-54
V10747,2023-10-02,Active,12,,25-34
V10748,2022-10-02,Active,24,,35-44
V10749,2021-10-02,Active,36,,35-44
V10100,2024-04-04,Active,6,,18-24
V10751,2024-09-01,Active,1,,45-54
V10752,2023-10-02,Active,12,,18-24
V10753,2023-10-02,Active,12,,55+
V10754,2022-10-02,Active,24,,55+
V10755,2024-09-01,Active,1,,25-34
V10756,2022-10-02,Active,24,,35-44
V10757,2022-10-02,Active,24,,25-34
V10758,2023-10-02,Active,12,,25-34
V10759,2024-07-03,Active,3,,45-54
V10760,2024-04-04,Active,6,,25-34
V10761,2024-04-04,Active,6,,25-34
V10762,2024-07-03,Active,3,,35-44
V10763,2024-07-03,Active,3,,35-44
V10764,2024-04-04,Active,6,,35-44
V10765,2022-10-02,Active,24,,35-44
V10766,2022-10-02,Active,24,,25-34
V10767,2024-07-03,Active,3,,45-54
V10768,2023-10-02,Cancelled,12,,35-44
V10769,2024-09-01,Active,1,,35-44
V10770,2021-10-02,Active,36,,35-44
V10771,2023-10-02,Active,12,,35-44
V10772,2023-10-02,Active,12,,35-44
V10773,2023-10-02,Cancelled,12,,45-54
V10774,2024-07-03,Paused,3,,35-44
V10775,2022-10-02,Active,24,,35-44
V10776,2022-10-02,Cancelled,24,,25-34
V10777,2024-04-04,Active,6,,35-44
V10778,2023-10-02,Cancelled,12,SH2055,25-34
V10779,2024-09-01,Paused,1,,35-44
V10780,2024-07-03,Active,3,,35-44
V10781,2024-09-01,Active,1,,45-54
V10782,2024-04-04,Active,6,,25-34
V10783,2024-09-01,Active,1,,25-34
V10784,2024-07-03,Active,3,,45-54
V10785,2021-10-02,Cancelled,36,SH2005,45-54
V10786,2024-09-01,Active,1,,25-34
V10787,2024-04-04,Paused,6,,35-44
V10788,2024-07-03,Active,3,,55+
V10789,2024-07-03,Active,3,,18-24
V10790,2024-09-01,Cancelled,1,,35-44
V10791,2023-10-02,Active,12,,55+
V10792,2021-10-02,Active,36,,45-54
V10793,2023-10-02,Active,12,,25-34
V10794,2024-04-04,Cancelled,6,,55+
V10795,2022-10-02,Active,24,,45-54
V10796,2023-10-02,Active,12,,35-44
V10797,2022-10-02,Active,24,,45-54
V10798,2024-07-03,Active,3,,45-54
V10799,2024-07-03,Active,3,,25-34
V10800,2022-10-02,Active,24,,55+
V10801,2024-07-03,Paused,3,,55+
V10802,2024-04-04,Active,6,,25-34
V10803,2023-10-02,Active,12,,18-24
V10804,2024-09-01,Active,1,,25-34
V10805,2023-10-02,Paused,12,,25-34
V10806,2024-04-04,Active,6,,45-54
V10807,2022-10-02,Cancelled,24,SH2058,55+
V10808,2024-07-03,Active,3,,18-24
V10809,2024-07-03,Cancelled,3,,25-34
V10810,2024-04-04,Active,6,,35-44
V10811,2024-04-04,Cancelled,6,,25-34
V10812,2022-10-02,Cancelled,24,,45-54
V10813,2023-10-02,Active,12,,25-34
V10814,2024-07-03,Active,3,,25-34
V10815,2024-07-03,Cancelled,3,SH2003,25-34
V10816,2024-07-03,Cancelled,3,SH2026,25-34
V10817,2022-10-02,Active,24,,35-44
V10818,2023-10-02,Active,12,,25-34
V10819,2022-10-02,Active,24,,25-34
V10820,2024-04-04,Active,6,,18-24
V10821,2023-10-02,Active,12,,25-34
V10822,2024-04-04,Active,6,,55+
V10823,2024-07-03,Active,3,,25-34
V10824,2024-07-03,Active,3,,35-44
V10825,2021-10-02,Active,36,,35-44
V10826,2023-10-02,Cancelled,12,,25-34
V10827,2024-07-03,Active,3,,45-54
V10828,2024-07-03,Active,3,,55+
V10829,2022-10-02,Paused,24,,45-54
V10830,2024-04-04,Active,6,,35-44
V10831,2024-09-01,Active,1,,35-44
V10832,2024-07-03,Cancelled,3,,35-44
V10833,2024-09-01,Active,1,,35-44
V10834,2024-07-03,Active,3,,45-54
V10835,2024-09-01,Active,1,,35-44
V10836,2024-04-04,Cancelled,6,,45-54
V10837,2023-10-02,Active,12,,55+
V10838,2023-10-02,Active,12,,45-54
V10839,2024-07-03,Cancelled,3,,25-34
V10840,2024-07-03,Paused,3,,45-54
V10841,2023-10-02,Active,12,,35-44
V10842,2022-10-02,Active,24,,25-34
V10843,2024-07-03,Cancelled,3,,35-44
V10844,2024-09-01,Cancelled,1,,18-24
V10845,2021-10-02,Active,36,,25-34
V10846,2023-10-02,Cancelled,12,,35-44
V10847,2024-09-01,Active,1,,35-44
V10848,2022-10-02,Active,24,,45-54
V10849,2024-04-04,Active,6,,18-24
V10850,2022-10-02,Active,24,,25-34
V10851,2024-07-03,Cancelled,3,,35-44
V10852,2024-07-03,Active,3,,35-44
V10853,2022-10-02,Cancelled,24,,18-24
V10854,2024-09-01,Active,1,,25-34
V10855,2024-07-03,Active,3,,35-44
V10856,2024-07-03,Active,3,,25-34
V10857,2024-09-01,Cancelled,1,,25-34
V10858,2023-10-02,Active,12,,18-24
V10859,2024-04-04,Cancelled,6,,35-44
V10860,2023-10-02,Active,12,,25-34
V10861,2023-10-02,Active,12,,25-34
V10862,2024-07-03,Active,3,,55+
V10863,2024-09-01,Active,1,,25-34
V10864,2021-10-02,Active,36,,25-34
V10865,2023-10-02,Active,12,,25-34
V10866,2024-07-03,Active,3,,25-34
V10867,2024-07-03,Active,3,,25-34
V10868,2024-07-03,Active,3,,55+
V10869,2023-10-02,Active,12,,18-24
V10870,2021-10-02,Active,36,,18-24
V10871,2024-04-04,Active,6,,35-44
V10872,2024-07-03,Active,3,,55+
V10873,2024-07-03,Active,3,,35-44
V10874,2023-10-02,Active,12,,25-34
V10875,2024-04-04,Cancelled,6,SH2009,55+
V10876,2023-10-02,Active,12,,55+
V10877,2024-09-01,Cancelled,1,,35-44
V10878,2024-09-01,Active,1,,25-34
V10879,2022-10-02,Active,24,,55+
V10880,2024-07-03,Active,3,,35-44
V10881,2023-10-02,Active,12,,35-44
V10882,2024-04-04,Active,6,,25-34
V10883,2022-10-02,Active,24,,45-54
V10884,2022-10-02,Cancelled,24,,35-44
V10885,2021-10-02,Active,36,,35-44
V10886,2023-10-02,Active,12,,25-34
V10887,2023-10-02,Cancelled,12,,18-24
V10888,2024-09-01,Active,1,,18-24
V10889,2024-09-01,Cancelled,1,,25-34
V10890,2024-07-03,Active,3,,35-44
V10891,2024-04-04,Active,6,,45-54
V10892,2024-04-04,Active,6,,25-34
V10893,2023-10-02,Active,12,,35-44
V10894,2024-07-03,Paused,3,,25-34
V10895,2023-10-02,Active,12,,25-34
V10896,2023-10-02,Active,12,,45-54
V10897,2022-10-02,Cancelled,24,,18-24
V10898,2024-04-04,Cancelled,6,,35-44
V10899,2024-04-04,Active,6,,18-24
V10900,2023-10-02,Active,12,SH2025,35-44
V10901,2023-10-02,Active,12,,25-34
V10902,2024-04-04,Active,6,,25-34
V10903,2024-09-01,Active,1,,25-34
V10904,2023-10-02,Active,12,,25-34
V10905,2022-10-02,Active,24,,35-44
V10906,2023-10-02,Cancelled,12,,35-44
V10907,2022-10-02,Active,24,,45-54
V10908,2024-09-01,Cancelled,1,,25-34
V10909,2024-07-03,Active,3,,18-24
V10910,2022-10-02,Cancelled,24,,25-34
V10911,2023-10-02,Active,12,,25-34
V10912,2024-07-03,Active,3,,25-34
V10913,2022-10-02,Active,24,,45-54
V10914,2024-07-03,Active,3,,45-54
V10915,2022-10-02,Active,24,,25-34
V10916,2024-04-04,Active,6,,25-34
V10917,2024-04-04,Active,6,,35-44
V10918,2024-04-04,Active,6,,25-34
V10919,2023-10-02,Cancelled,12,,35-44
V10920,2024-07-03,Active,3,,25-34
V10921,2024-04-04,Active,6,,45-54
V10922,2024-09-01,Active,1,,35-44
V10923,2024-09-01,Active,1,,25-34
V10924,2024-07-03,Active,3,,25-34
V10925,2024-07-03,Active,3,,35-44
V10926,2021-10-02,Active,36,,45-54
V10927,2022-10-02,Active,24,,25-34
V10928,2023-10-02,Active,12,,25-34
V10929,2024-04-04,Active,6,,18-24
V10930,2022-10-02,Active,24,,25-34
V10931,2022-10-02,Active,24,,55+
V10932,2024-04-04,Active,6,,45-54
V10933,2023-10-02,Cancelled,12,,55+
V10934,2023-10-02,Cancelled,12,,35-44
V10935,2022-10-02,Active,24,,35-44
V10936,2022-10-02,Active,24,,35-44
V10937,2023-10-02,Active,12,,45-54
V10938,2024-07-03,Active,3,,25-34
V10939,2024-04-04,Active,6,,45-54
V10940,2024-04-04,Active,6,,18-24
V10941,2024-04-04,Active,6,,18-24
V10942,2024-07-03,Active,3,,18-24
V10943,2024-04-04,Active,6,,35-44
V10944,2022-10-02,Active,24,,55+
V10945,2024-04-04,Active,6,,55+
V10946,2024-07-03,Cancelled,3,,18-24
V10947,2024-09-01,Active,1,,35-44
V10948,2023-10-02,Active,12,,25-34
V10949,2024-09-01,Active,1,,55+
V10950,2024-04-04,Cancelled,6,,45-54
V10951,2023-10-02,Active,12,,18-24
V10952,2024-09-01,Active,1,,25-34
V10953,2024-04-04,Active,6,,25-34
V10954,2023-10-02,Cancelled,12,SH2043,18-24
V10955,2023-10-02,Active,12,,25-34
V10956,2022-10-02,Active,24,,55+
V10957,2023-10-02,Active,12,,35-44
V10958,2022-10-02,Active,24,,35-44
V10959,2024-07-03,Active,3,,35-44
V10960,2024-07-03,Active,3,,25-34
V10961,2024-07-03,Active,3,,25-34
V10962,2022-10-02,Active,24,,25-34
V10963,2024-09-01,Active,1,,25-34
V10964,2022-10-02,Active,24,,45-54
V10965,2024-07-03,Active,3,,25-34
V10966,2022-10-02,Active,24,,25-34
V10967,2024-07-03,Active,3,,35-44
V10968,2024-07-03,Active,3,,25-34
V10969,2023-10-02,Cancelled,12,,45-54
V10970,2024-07-03,Active,3,,35-44
V10971,2024-04-04,Active,6,,18-24
V10972,2024-07-03,Active,3,,45-54
V10973,2024-07-03,Active,3,,18-24
V10974,2023-10-02,Active,12,,45-54
V10975,2022-10-02,Active,24,,55+
V10976,2021-10-02,Cancelled,36,SH2053,45-54
V10977,2023-10-02,Paused,12,,45-54
V10978,2022-10-02,Cancelled,24,,45-54
V10979,2024-09-01,Active,1,,35-44
V10980,2024-07-03,Active,3,,55+
V10981,2022-10-02,Cancelled,24,SH2059,25-34
V10982,2023-10-02,Active,12,,18-24
V10983,2023-10-02,Active,12,,45-54
V10984,2024-09-01,Cancelled,1,,35-44
V10985,2023-10-02,Cancelled,12,,35-44
V10986,2021-10-02,Cancelled,36,,25-34
V10987,2024-04-04,Active,6,,35-44
V10988,2022-10-02,Cancelled,24,,25-34
V10989,2024-07-03,Paused,3,,55+
V10990,2023-10-02,Cancelled,12,,35-44
V10991,2024-09-01,Active,1,,35-44
V10992,2023-10-02,Active,12,,55+
V10993,2024-07-03,Active,3,,35-44
V10994,2023-10-02,Active,12,,25-34
V10995,2024-07-03,Active,3,,35-44
V10996,2024-07-03,Active,3,,25-34
V10997,2023-10-02,Cancelled,12,SH2047,25-34
V10998,2024-09-01,Active,1,,25-34
V10999,2024-04-04,Active,6,,55+
V11000,2023-10-02,Paused,12,,45-54
V11001,2024-04-04,Cancelled,6,SH2010,35-44
V11002,2024-04-04,Active,6,,18-24
V11003,2024-09-01,Active,1,,18-24
V11004,2023-10-02,Cancelled,12,,45-54
V11005,2024-07-03,Cancelled,3,SH2052,45-54
V11006,2022-10-02,Cancelled,24,SH2036,18-24
V11007,2022-10-02,Active,24,,55+
V11008,2024-04-04,Cancelled,6,,18-24
V11009,2024-09-01,Paused,1,,45-54
V11010,2022-10-02,Cancelled,24,,18-24
V11011,2024-09-01,Active,1,,25-34
V11012,2024-04-04,Active,6,,18-24
V11013,2024-07-03,Active,3,,55+
V11014,2023-10-02,Paused,12,,25-34
V11015,2024-07-03,Cancelled,3,SH2029,25-34
V11016,2024-09-01,Cancelled,1,,25-34
V11017,2024-07-03,Paused,3,,25-34
V11018,2022-10-02,Cancelled,24,,18-24
V11019,2024-07-03,Active,3,,45-54
V11020,2023-10-02,Active,12,,25-34
V11021,2024-04-04,Cancelled,6,,25-34
V11022,2024-09-01,Active,1,,45-54
V11023,2024-04-04,Paused,6,,25-34
V11024,2023-10-02,Active,12,,25-34
V11025,2024-07-03,Active,3,,35-44
V11026,2021-10-02,Active,36,,25-34
V11027,2024-09-01,Active,1,,35-44
V11028,2023-10-02,Cancelled,12,,18-24
V11029,2024-04-04,Active,6,,35-44
V11030,2023-10-02,Active,12,,18-24
V11031,2023-10-02,Active,12,,35-44
V11032,2024-04-04,Active,6,,55+
V11033,2022-10-02,Cancelled,24,,35-44
V11034,2024-04-04,Cancelled,6,,25-34
V11035,2022-10-02,Active,24,,25-34
V11036,2024-09-01,Cancelled,1,,25-34
V11037,2024-04-04,Active,6,,55+
V11038,2023-10-02,Active,12,,35-44
V11039,2024-04-04,Cancelled,6,,25-34
V11040,2022-10-02,Active,24,,35-44
V11041,2024-04-04,Active,6,,55+
V11042,2024-09-01,Active,1,,35-44
V11043,2024-04-04,Active,6,,45-54
V11044,2023-10-02,Active,12,,18-24
V11045,2024-04-04,Active,6,,25-34
V11046,2024-04-04,Active,6,,25-34
V11047,2024-07-03,Cancelled,3,,55+
V11048,2022-10-02,Cancelled,24,SH2027,35-44
V11049,2023-10-02,Active,12,,25-34
V11050,2024-04-04,Active,6,,55+
V11051,2023-10-02,Active,12,,45-54
V11052,2024-07-03,Active,3,,25-34
V11053,2024-07-03,Active,3,,35-44
V11054,2022-10-02,Active,24,,35-44
V11055,2024-09-01,Active,1,,35-44
V11056,2024-04-04,Cancelled,6,SH2033,25-34
V11057,2024-07-03,Active,3,,25-34
V11058,2023-10-02,Cancelled,12,,25-34
V11059,2023-10-02,Active,12,,25-34
V11060,2024-09-01,Active,1,,35-44
V11061,2024-07-03,Active,3,,45-54
V11062,2022-10-02,Cancelled,24,,25-34
V11063,2023-10-02,Active,12,,18-24
V11064,2024-07-03,Active,3,,25-34
V11065,2024-07-03,Active,3,,18-24
V11066,2023-10-02,Active,12,,35-44
V11067,2024-07-03,Active,3,,35-44
V11068,2024-04-04,Active,6,,25-34
V11069,2022-10-02,Active,24,,25-34
V11070,2023-10-02,Active,12,,25-34
V11071,2024-04-04,Cancelled,6,SH2055,25-34
V11072,2024-04-04,Active,6,,25-34
V11073,2022-10-02,Cancelled,24,,25-34
V11074,2022-10-02,Active,24,,18-24
V11075,2024-07-03,Active,3,,25-34
V11076,2021-10-02,Active,36,,35-44
V11077,2024-07-03,Active,3,,35-44
V11078,2023-10-02,Cancelled,12,,35-44
V11079,2022-10-02,Cancelled,24,SH2011,18-24
V11080,2022-10-02,Active,24,,35-44
V11081,2022-10-02,Active,24,,45-54
V11082,2024-07-03,Active,3,,18-24
V11083,2024-04-04,Active,6,,55+
V11084,2023-10-02,Cancelled,12,SH2032,45-54
V11085,2024-09-01,Active,1,,55+
V11086,2024-09-01,Active,1,,35-44
V11087,2024-04-04,Active,6,,25-34
V11088,2024-09-01,Active,1,,18-24
V11089,2024-04-04,Active,6,,45-54
V11090,2024-04-04,Active,6,,25-34
V11091,2024-04-04,Cancelled,6,SH2004,18-24
V11092,2024-09-01,Active,1,,25-34
V11093,2024-09-01,Active,1,,25-34
V11094,2022-10-02,Cancelled,24,,35-44
V11095,2022-10-02,Active,24,,45-54
V11096,2023-10-02,Active,12,,35-44
V11097,2024-07-03,Active,3,,45-54
V11098,2024-09-01,Cancelled,1,SH2030,25-34
V11099,2024-09-01,Active,1,,25-34
V11100,2024-07-03,Active,3,,25-34
V11101,2024-04-04,Active,6,,45-54
V11102,2022-10-02,Active,24,,25-34
V11103,2024-04-04,Cancelled,6,SH2016,25-34
V11104,2022-10-02,Active,24,,55+
V11105,2024-04-04,Active,6,,18-24
V11106,2024-04-04,Cancelled,6,SH2055,45-54
V11107,2022-10-02,Active,24,,55+
V11108,2023-10-02,Active,12,,18-24
V11109,2024-04-04,Active,6,,25-34
V11110,2023-10-02,Paused,12,,35-44
V11111,2023-10-02,Active,12,,25-34
V11112,2024-09-01,Active,1,,55+
V11113,2023-10-02,Active,12,,25-34
V11114,2024-04-04,Active,6,,45-54
V11115,2022-10-02,Active,24,,25-34
V11116,2024-07-03,Active,3,,25-34
V11117,2024-04-04,Active,6,,35-44
V11118,2024-09-01,Active,1,,25-34
V11119,2024-07-03,Cancelled,3,,18-24
V11120,2024-07-03,Cancelled,3,SH2023,35-44
V11121,2021-10-02,Active,36,,25-34
V11122,2022-10-02,Active,24,,25-34
V11123,2024-04-04,Active,6,,25-34
V11124,2024-09-01,Active,1,,18-24
V11125,2023-10-02,Active,12,,25-34
V11126,2022-10-02,Active,24,,18-24
V11127,2022-10-02,Active,24,,18-24
V11128,2023-10-02,Active,12,,25-34
V11129,2024-07-03,Active,3,,25-34
V11130,2022-10-02,Active,24,,45-54
V11131,2024-04-04,Cancelled,6,,35-44
V11132,2024-07-03,Active,3,,25-34
V11133,2022-10-02,Cancelled,24,SH2021,25-34
V11134,2023-10-02,Active,12,,55+
V11135,2024-09-01,Active,1,,35-44
V11136,2023-10-02,Active,12,,55+
V11137,2024-07-03,Active,3,,25-34
V11138,2024-07-03,Active,3,,25-34
V11139,2024-07-03,Active,3,,25-34
V11140,2023-10-02,Cancelled,12,,18-24
V11141,2024-09-01,Active,1,,35-44
V11142,2023-10-02,Active,12,,25-34
V11143,2024-09-01,Cancelled,1,SH2001,55+
V11144,2022-10-02,Active,24,,18-24
V11145,2024-09-01,Active,1,,25-34
V11146,2024-09-01,Active,1,,18-24
V11147,2023-10-02,Active,12,,18-24
V11148,2024-04-04,Active,6,,55+
V11149,2024-04-04,Active,6,,35-44
V11150,2024-07-03,Cancelled,3,,25-34
V11151,2024-09-01,Active,1,,45-54
V11152,2022-10-02,Active,24,,25-34
V11153,2022-10-02,Cancelled,24,,18-24
V11154,2024-07-03,Cancelled,3,SH2009,18-24
V11155,2023-10-02,Cancelled,12,,45-54
V11156,2024-04-04,Active,6,,35-44
V11157,2024-07-03,Active,3,,25-34
V11158,2022-10-02,Active,24,,35-44
V11159,2024-07-03,Active,3,,18-24
V11160,2024-07-03,Cancelled,3,,35-44
V11161,2022-10-02,Active,24,,55+
V11162,2024-07-03,Active,3,,25-34
V11163,2024-09-01,Active,1,,35-44
V11164,2022-10-02,Cancelled,24,,18-24
V11165,2024-09-01,Active,1,,35-44
V11166,2024-04-04,Active,6,,18-24
V11167,2021-10-02,Active,36,,25-34
V11168,2024-04-04,Active,6,,25-34
V11169,2024-04-04,Cancelled,6,,35-44
V11170,2021-10-02,Cancelled,36,,25-34
V11171,2023-10-02,Active,12,,35-44
V11172,2023-10-02,Active,12,,25-34
V11173,2024-07-03,Active,3,,18-24
V11174,2023-10-02,Active,12,,25-34
V11175,2024-04-04,Active,6,,25-34
V11176,2023-10-02,Cancelled,12,,45-54
V11177,2024-04-04,Active,6,,25-34
V11178,2024-09-01,Paused,1,,18-24
V11179,2024-07-03,Cancelled,3,,55+
V11180,2024-09-01,Active,1,,25-34
V11181,2024-09-01,Active,1,,25-34
V11182,2022-10-02,Active,24,,35-44
V11183,2023-10-02,Active,12,,35-44
V11184,2024-07-03,Active,3,,35-44
V11185,2024-09-01,Paused,1,,25-34
V11186,2024-04-04,Active,6,,18-24
V11187,2024-09-01,Active,1,,45-54
V11188,2022-10-02,Active,24,,45-54
V11189,2023-10-02,Active,12,,25-34
V11190,2023-10-02,Cancelled,12,,25-34
V11191,2024-04-04,Active,6,,18-24
V11192,2024-04-04,Active,6,,45-54
V11193,2024-09-01,Cancelled,1,SH2005,45-54
V11194,2023-10-02,Active,12,,35-44
V11195,2023-10-02,Cancelled,12,,45-54
V11196,2023-10-02,Cancelled,12,SH2058,25-34
V11197,2024-09-01,Cancelled,1,SH2038,25-34
V11198,2024-09-01,Active,1,,25-34
V11199,2023-10-02,Active,12,,25-34
V11200,2024-09-01,Active,1,,45-54
V11201,2022-10-02,Active,24,,18-24
V11202,2024-04-04,Active,6,,45-54
V11203,2024-09-01,Active,1,,35-44
V11204,2024-04-04,Active,6,,18-24
V11205,2024-04-04,Cancelled,6,,55+
V11206,2024-04-04,Active,6,,35-44
V11207,2024-04-04,Active,6,,25-34
V11208,2024-07-03,Active,3,,25-34
V11209,2024-09-01,Active,1,,55+
V11210,2024-04-04,Active,6,,45-54
V11211,2021-10-02,Active,36,,45-54
V11212,2024-07-03,Active,3,,25-34
V11213,2023-10-02,Active,12,,25-34
V11214,2024-09-01,Active,1,,18-24
V11215,2024-04-04,Active,6,,35-44
V11216,2023-10-02,Cancelled,12,,25-34
V11217,2023-10-02,Active,12,,18-24
V11218,2024-07-03,Active,3,,35-44
V11219,2022-10-02,Active,24,,18-24
V11220,2021-10-02,Active,36,,25-34
V11221,2024-04-04,Active,6,,18-24
V11222,2024-09-01,Active,1,,35-44
V11223,2024-04-04,Active,6,,35-44
V11224,2022-10-02,Active,24,,25-34
V11225,2023-10-02,Active,12,,25-34
V11226,2023-10-02,Cancelled,12,,45-54
V11227,2023-10-02,Active,12,,35-44
V11228,2024-04-04,Active,6,,35-44
V11229,2024-04-04,Active,6,,55+
V11230,2024-09-01,Active,1,,18-24
V11231,2023-10-02,Active,12,,25-34
V11232,2023-10-02,Active,12,,45-54
V11233,2024-04-04,Active,6,,55+
V11234,2024-07-03,Active,3,,35-44
V11235,2021-10-02,Active,36,,18-24
V11236,2024-07-03,Active,3,,25-34
V11237,2023-10-02,Paused,12,,25-34
V11238,2024-04-04,Active,6,,18-24
V11239,2022-10-02,Active,24,,25-34
V11240,2023-10-02,Active,12,,35-44
V11241,2024-09-01,Cancelled,1,,55+
V11242,2021-10-02,Active,36,,25-34
V11243,2023-10-02,Active,12,,25-34
V11244,2024-07-03,Active,3,,25-34
V11245,2024-07-03,Active,3,,25-34
V11246,2024-09-01,Active,1,,35-44
V11247,2022-10-02,Active,24,,25-34
V11248,2022-10-02,Active,24,,18-24
V11249,2024-04-04,Cancelled,6,SH2015,25-34
V11250,2024-04-04,Cancelled,6,,25-34
V11251,2024-04-04,Active,6,,25-34
V11252,2024-04-04,Active,6,,25-34
V11253,2023-10-02,Cancelled,12,,25-34
V11254,2024-07-03,Active,3,,25-34
V11255,2021-10-02,Active,36,,25-34
V11256,2023-10-02,Cancelled,12,,25-34
V11257,2021-10-02,Active,36,,45-54
V11258,2024-09-01,Cancelled,1,,35-44
V11259,2022-10-02,Active,24,,25-34
V11260,2024-04-04,Active,6,,35-44
V11261,2024-09-01,Active,1,,18-24
V11262,2024-07-03,Active,3,,45-54
V11263,2022-10-02,Cancelled,24,,25-34
V11264,2024-07-03,Active,3,,35-44
V11265,2024-09-01,Active,1,,55+
V11266,2024-04-04,Active,6,,18-24
V11267,2024-07-03,Cancelled,3,,25-34
V11268,2024-09-01,Active,1,,18-24
V11269,2022-10-02,Cancelled,24,SH2058,45-54
V11270,2024-07-03,Active,3,,18-24
V11271,2024-04-04,Active,6,,25-34
V11272,2024-07-03,Active,3,,18-24
V11273,2024-04-04,Active,6,,25-34
V11274,2024-04-04,Cancelled,6,,18-24
V11275,2024-09-01,Active,1,,35-44
V11276,2024-04-04,Cancelled,6,,35-44
V11277,2024-09-01,Active,1,,18-24
V11278,2024-07-03,Active,3,,35-44
V11279,2024-09-01,Cancelled,1,SH2024,45-54
V11280,2022-10-02,Paused,24,,45-54
V11281,2023-10-02,Active,12,,25-34
V11282,2024-09-01,Active,1,,35-44
V11283,2024-09-01,Cancelled,1,SH2058,18-24
V11284,2024-09-01,Active,1,,35-44
V11285,2024-04-04,Active,6,,25-34
V11286,2024-09-01,Active,1,,25-34
V11287,2024-09-01,Paused,1,,35-44
V11288,2023-10-02,Active,12,,25-34
V11289,2024-07-03,Active,3,,25-34
V11290,2023-10-02,Active,12,,35-44
V11291,2024-04-04,Cancelled,6,SH2056,18-24
V11292,2023-10-02,Cancelled,12,,25-34
V11293,2021-10-02,Active,36,,25-34
V11294,2023-10-02,Active,12,,35-44
V11295,2024-09-01,Active,1,,45-54
V11296,2024-07-03,Active,3,,25-34
V11297,2024-04-04,Active,6,,25-34
V11298,2021-10-02,Cancelled,36,,35-44
V11299,2023-10-02,Active,12,,35-44
V11300,2024-09-01,Active,1,,45-54
V11301,2021-10-02,Active,36,,35-44
V11302,2024-04-04,Active,6,,18-24
V11303,2024-04-04,Active,6,,25-34
V11304,2023-10-02,Active,12,,35-44
V11305,2022-10-02,Active,24,,25-34
V11306,2023-10-02,Active,12,,25-34
V11307,2024-07-03,Active,3,,45-54
V11308,2024-07-03,Active,3,,18-24
V11309,2023-10-02,Active,12,,35-44
V11310,2024-04-04,Active,6,,35-44
V11311,2024-09-01,Active,1,,25-34
V11312,2022-10-02,Active,24,,35-44
V11313,2024-07-03,Active,3,,25-34
V11314,2022-10-02,Active,24,,18-24
V11315,2024-07-03,Active,3,,18-24
V11316,2024-04-04,Active,6,,18-24
V11317,2023-10-02,Active,12,,18-24
V11318,2024-07-03,Active,3,,25-34
V11319,2024-04-04,Active,6,,35-44
V11320,2024-07-03,Active,3,,45-54
V11321,2023-10-02,Active,12,,25-34
V11322,2024-07-03,Active,3,,25-34
V11323,2023-10-02,Active,12,,25-34
V11324,2024-04-04,Active,6,,18-24
V11325,2022-10-02,Active,24,,35-44
V11326,2023-10-02,Active,12,,35-44
V11327,2024-09-01,Active,1,,35-44
V11328,2024-04-04,Cancelled,6,SH2016,25-34
V11329,2024-09-01,Active,1,,45-54
V11330,2024-04-04,Active,6,,35-44
V11331,2023-10-02,Cancelled,12,,55+
V11332,2024-07-03,Cancelled,3,SH2008,18-24
V11333,2024-09-01,Active,1,,55+
V11334,2024-09-01,Active,1,,25-34
V11335,2024-04-04,Cancelled,6,,18-24
V11336,2023-10-02,Cancelled,12,,35-44
V11337,2024-09-01,Active,1,,25-34
V11338,2022-10-02,Active,24,,25-34
V11339,2024-07-03,Active,3,,25-34
V11340,2021-10-02,Active,36,,35-44
V11341,2023-10-02,Active,12,,18-24
V11342,2024-07-03,Active,3,,35-44
V11343,2024-04-04,Active,6,,35-44
V11344,2022-10-02,Cancelled,24,,45-54
V11345,2024-07-03,Cancelled,3,,18-24
V11346,2023-10-02,Active,12,,45-54
V11347,2022-10-02,Active,24,,45-54
V11348,2024-09-01,Active,1,,25-34
V11349,2024-04-04,Cancelled,6,,45-54
V11350,2024-07-03,Cancelled,3,,18-24
V11351,2024-07-03,Active,3,,35-44
V11352,2024-07-03,Active,3,,25-34
V11353,2024-09-01,Active,1,,18-24
V11354,2024-04-04,Active,6,,35-44
V11355,2024-07-03,Cancelled,3,SH2021,45-54
V11356,2022-10-02,Active,24,,35-44
V11357,2023-10-02,Active,12,,25-34
V11358,2022-10-02,Active,24,,18-24
V11359,2023-10-02,Active,12,,45-54
V11360,2024-04-04,Active,6,,45-54
V11361,2024-04-04,Active,6,,35-44
V11362,2024-04-04,Active,6,,25-34
V11363,2022-10-02,Cancelled,24,SH2051,35-44
V11364,2024-04-04,Active,6,,55+
V11365,2024-09-01,Active,1,,18-24
V11366,2023-10-02,Active,12,,25-34
V11367,2024-09-01,Active,1,,45-54
V11368,2024-07-03,Active,3,,35-44
V11369,2022-10-02,Active,24,,55+
V11370,2024-04-04,Paused,6,,55+
V11371,2024-07-03,Active,3,,25-34
V11372,2024-04-04,Active,6,,25-34
V11373,2024-04-04,Active,6,,18-24
V11374,2024-04-04,Active,6,,25-34
V11375,2024-04-04,Active,6,,45-54
V11376,2024-04-04,Active,6,,25-34
V11377,2022-10-02,Cancelled,24,,45-54
V11378,2024-09-01,Active,1,,18-24
V11379,2022-10-02,Active,24,,35-44
V11380,2024-07-03,Cancelled,3,SH2050,25-34
V11381,2024-09-01,Active,1,,25-34
V11382,2024-07-03,Active,3,,55+
V11383,2022-10-02,Active,24,,25-34
V11384,2024-09-01,Active,1,,35-44
V11385,2022-10-02,Active,24,,18-24
V11386,2024-04-04,Active,6,,25-34
V11387,2023-10-02,Active,12,,18-24
V11388,2024-09-01,Paused,1,,25-34
V11389,2024-09-01,Active,1,,18-24
V11390,2024-04-04,Cancelled,6,,25-34
V11391,2023-10-02,Active,12,,45-54
V11392,2022-10-02,Active,24,,45-54
V11393,2024-04-04,Paused,6,,25-34
V11394,2021-10-02,Cancelled,36,,25-34
V11395,2021-10-02,Cancelled,36,,18-24
V11396,2024-07-03,Active,3,,25-34
V11397,2024-07-03,Cancelled,3,,25-34
V11398,2024-09-01,Active,1,,25-34
V11399,2024-07-03,Active,3,,25-34
V11400,2024-04-04,Active,6,,25-34
V11401,2024-04-04,Cancelled,6,,55+
V11402,2024-07-03,Active,3,,55+
V11403,2024-09-01,Active,1,,25-34
V11404,2024-07-03,Active,3,,45-54
V11405,2024-09-01,Active,1,,18-24
V11406,2024-09-01,Cancelled,1,,25-34
V11407,2024-04-04,Active,6,,55+
V11408,2024-07-03,Cancelled,3,,25-34
V11409,2024-09-01,Active,1,,45-54
V11410,2022-10-02,Cancelled,24,,45-54
V11411,2024-07-03,Active,3,,25-34
V11412,2024-04-04,Active,6,,35-44
V11413,2024-07-03,Active,3,,25-34
V11414,2024-07-03,Active,3,,45-54
V11415,2023-10-02,Active,12,,25-34
V11416,2024-04-04,Active,6,,25-34
V11417,2024-04-04,Active,6,,25-34
V11418,2021-10-02,Paused,36,,25-34
V11419,2024-09-01,Active,1,,25-34
V11420,2022-10-02,Active,24,,45-54
V11421,2024-09-01,Paused,1,,25-34
V11422,2023-10-02,Active,12,,35-44
V11423,2024-07-03,Active,3,,55+
V11424,2022-10-02,Cancelled,24,,35-44
V11425,2024-09-01,Active,1,,25-34
V11426,2023-10-02,Active,12,,18-24
V11427,2024-04-04,Cancelled,6,SH2009,25-34
V11428,2021-10-02,Active,36,,35-44
V11429,2022-10-02,Active,24,,35-44
V11430,2023-10-02,Active,12,,25-34
V11431,2024-04-04,Active,6,,25-34
V11432,2024-04-04,Active,6,,25-34
V11433,2024-04-04,Active,6,,35-44
V11434,2022-10-02,Active,24,,25-34
V11435,2024-09-01,Active,1,,35-44
V11436,2024-07-03,Active,3,,25-34
V11437,2022-10-02,Active,24,,25-34
V11438,2022-10-02,Active,24,,18-24
V11439,2024-04-04,Active,6,,35-44
V11440,2024-07-03,Active,3,,25-34
V11441,2024-09-01,Cancelled,1,,35-44
V11442,2024-04-04,Active,6,,45-54
V11443,2024-09-01,Active,1,,35-44
V11444,2024-04-04,Active,6,,18-24
V11445,2024-07-03,Active,3,,25-34
V11446,2022-10-02,Active,24,,25-34
V11447,2023-10-02,Active,12,,35-44
V11448,2022-10-02,Active,24,,55+
V11449,2024-04-04,Active,6,,25-34
V11450,2024-07-03,Active,3,,45-54
V11451,2022-10-02,Paused,24,,45-54
V11452,2023-10-02,Active,12,,35-44
V11453,2024-09-01,Active,1,,25-34
V11454,2024-09-01,Active,1,,25-34
V11455,2024-04-04,Active,6,,35-44
V11456,2024-04-04,Active,6,,25-34
V11457,2024-09-01,Active,1,,25-34
V11458,2024-09-01,Active,1,,18-24
V11459,2024-04-04,Active,6,,35-44
V11460,2022-10-02,Active,24,,55+
V11461,2024-04-04,Active,6,,35-44
V11462,2023-10-02,Active,12,,25-34
V11463,2024-09-01,Active,1,,25-34
V11464,2024-07-03,Active,3,,18-24
V11465,2023-10-02,Cancelled,12,,55+
V11466,2023-10-02,Cancelled,12,,25-34
V11467,2022-10-02,Active,24,,25-34
V11468,2024-07-03,Active,3,,45-54
V11469,2023-10-02,Active,12,,25-34
V11470,2024-04-04,Active,6,,25-34
V11471,2022-10-02,Active,24,,25-34
V11472,2023-10-02,Active,12,,45-54
V11473,2023-10-02,Cancelled,12,SH2005,18-24
V11474,2024-07-03,Active,3,,25-34
V11475,2024-04-04,Cancelled,6,,35-44
V11476,2021-10-02,Active,36,,55+
V11477,2024-04-04,Active,6,,18-24
V11478,2023-10-02,Active,12,,25-34
V11479,2024-04-04,Active,6,,35-44
V11480,2024-07-03,Active,3,,35-44
V11481,2021-10-02,Active,36,,55+
V11482,2023-10-02,Active,12,,25-34
V11483,2023-10-02,Active,12,,35-44
V11484,2024-04-04,Active,6,,25-34
V11485,2024-04-04,Active,6,,45-54
V11486,2024-07-03,Active,3,,25-34
V11487,2023-10-02,Active,12,,25-34
V11488,2024-04-04,Active,6,,55+
V11489,2022-10-02,Active,24,,25-34
V11490,2023-10-02,Active,12,,25-34
V11491,2024-07-03,Cancelled,3,,18-24
V11492,2023-10-02,Active,12,,18-24
V11493,2021-10-02,Active,36,,35-44
V11494,2024-07-03,Active,3,,25-34
V11495,2024-09-01,Active,1,,45-54
V11496,2024-07-03,Active,3,,35-44
V11497,2023-10-02,Active,12,,35-44
V11498,2024-09-01,Active,1,,18-24
V11499,2022-10-02,Active,24,,18-24
V11500,2024-04-04,Cancelled,6,,25-34
V11501,2024-09-01,Active,1,,35-44
V11502,2024-04-04,Active,6,,25-34
V11503,2024-09-01,Active,1,,18-24
V11504,2023-10-02,Paused,12,,55+
V11505,2022-10-02,Active,24,,35-44
V11506,2024-07-03,Active,3,,25-34
V11507,2024-04-04,Cancelled,6,,25-34
V11508,2022-10-02,Active,24,,25-34
V11509,2022-10-02,Active,24,,35-44
V11510,2024-07-03,Active,3,,45-54
V11511,2024-04-04,Active,6,,18-24
V11512,2024-09-01,Paused,1,,25-34
V11513,2023-10-02,Active,12,,35-44
V11514,2022-10-02,Active,24,,18-24
V11515,2024-04-04,Cancelled,6,,25-34
V11516,2023-10-02,Cancelled,12,SH2049,35-44
V11517,2022-10-02,Active,24,,35-44
V11518,2024-04-04,Active,6,,35-44
V11519,2024-07-03,Active,3,,25-34
V11520,2023-10-02,Cancelled,12,,55+
V11521,2024-07-03,Active,3,,45-54
V11522,2024-07-03,Paused,3,,25-34
V11523,2021-10-02,Cancelled,36,,45-54
V11524,2024-09-01,Active,1,,25-34
V11525,2024-09-01,Active,1,,25-34
V11526,2023-10-02,Active,12,,18-24
V11527,2021-10-02,Active,36,,25-34
V11528,2024-04-04,Cancelled,6,,18-24
V11529,2023-10-02,Active,12,,35-44
V11530,2022-10-02,Paused,24,,18-24
V11531,2024-07-03,Active,3,,25-34
V11532,2024-07-03,Active,3,,55+
V11533,2022-10-02,Active,24,,25-34
V11534,2024-04-04,Active,6,,35-44
V11535,2023-10-02,Cancelled,12,,35-44
V11536,2023-10-02,Active,12,,35-44
V11537,2024-04-04,Active,6,,25-34
V11538,2024-07-03,Cancelled,3,SH2000,25-34
V11539,2024-07-03,Active,3,,25-34
V11540,2024-09-01,Active,1,,45-54
V11541,2024-07-03,Active,3,,35-44
V11542,2024-04-04,Active,6,,25-34
V11543,2024-04-04,Active,6,,35-44
V11544,2023-10-02,Active,12,,25-34
V11545,2021-10-02,Active,36,,35-44
V11546,2022-10-02,Active,24,,35-44
V11547,2023-10-02,Cancelled,12,,25-34
V11548,2024-04-04,Paused,6,,35-44
V11549,2024-09-01,Cancelled,1,SH2054,25-34
V11550,2024-09-01,Active,1,,45-54
V11551,2024-07-03,Active,3,,18-24
V11552,2022-10-02,Active,24,,25-34
V11553,2024-04-04,Cancelled,6,,35-44
V11554,2024-07-03,Active,3,,35-44
V11555,2021-10-02,Active,36,,18-24
V11556,2024-09-01,Active,1,,45-54
V11557,2024-09-01,Active,1,,25-34
V11558,2024-09-01,Active,1,,25-34
V11559,2024-04-04,Active,6,,35-44
V11560,2024-09-01,Paused,1,,35-44
V11561,2023-10-02,Active,12,,18-24
V11562,2024-09-01,Active,1,,25-34
V11563,2022-10-02,Active,24,,25-34
V11564,2024-04-04,Active,6,,35-44
V11565,2024-04-04,Cancelled,6,SH2030,55+
V11566,2022-10-02,Cancelled,24,,25-34
V11567,2022-10-02,Paused,24,,35-44
V11568,2024-04-04,Active,6,,55+
V11569,2024-09-01,Active,1,,25-34
V11570,2024-07-03,Active,3,,55+
V11571,2024-09-01,Active,1,,18-24
V11572,2024-07-03,Active,3,,35-44
V11573,2024-07-03,Active,3,,18-24
V11574,2024-07-03,Paused,3,,55+
V11575,2024-07-03,Active,3,,55+
V11576,2024-09-01,Cancelled,1,SH2041,55+
V11577,2021-10-02,Active,36,,18-24
V11578,2024-07-03,Active,3,,35-44
V11579,2023-10-02,Paused,12,,25-34
V11580,2024-04-04,Active,6,,25-34
V11581,2024-07-03,Paused,3,,45-54
V11582,2024-04-04,Active,6,,25-34
V11583,2024-04-04,Active,6,,35-44
V11584,2021-10-02,Active,36,,25-34
V11585,2023-10-02,Active,12,,25-34
V11586,2024-07-03,Active,3,,45-54
V11587,2024-04-04,Cancelled,6,,35-44
V11588,2022-10-02,Active,24,,25-34
V11589,2024-04-04,Active,6,,18-24
V11590,2023-10-02,Active,12,,25-34
V11591,2021-10-02,Active,36,,45-54
V11592,2024-09-01,Active,1,,45-54
V11593,2024-04-04,Active,6,,25-34
V11594,2024-09-01,Active,1,,25-34
V11595,2022-10-02,Active,24,,55+
V11596,2021-10-02,Active,36,,25-34
V11597,2022-10-02,Paused,24,,25-34
V11598,2024-07-03,Active,3,,35-44
V11599,2024-07-03,Active,3,,18-24
V11600,2024-09-01,Active,1,,25-34
V11601,2024-07-03,Active,3,,25-34
V11602,2024-07-03,Active,3,,55+
V11603,2024-04-04,Active,6,,35-44
V11604,2021-10-02,Active,36,,35-44
V11605,2023-10-02,Active,12,,18-24
V11606,2023-10-02,Active,12,,35-44
V11607,2023-10-02,Active,12,,45-54
V11608,2024-09-01,Cancelled,1,SH2021,25-34
V11609,2023-10-02,Active,12,,18-24
V11610,2024-04-04,Active,6,,25-34
V11611,2022-10-02,Active,24,,35-44
V11612,2024-07-03,Cancelled,3,SH2012,35-44
V11613,2024-04-04,Active,6,,55+
V11614,2021-10-02,Cancelled,36,SH2053,25-34
V11615,2024-04-04,Active,6,,25-34
V11616,2024-09-01,Active,1,,18-24
V11617,2023-10-02,Active,12,,25-34
V11618,2023-10-02,Paused,12,,45-54
V11619,2024-07-03,Active,3,,45-54
V11620,2024-04-04,Active,6,,45-54
V11621,2022-10-02,Paused,24,,55+
V11622,2022-10-02,Active,24,,18-24
V11623,2024-04-04,Active,6,,25-34
V11624,2024-04-04,Active,6,,35-44
V11625,2024-09-01,Active,1,,35-44
V11626,2023-10-02,Active,12,,35-44
V11627,2023-10-02,Active,12,,18-24
V11628,2024-04-04,Active,6,,55+
V11629,2024-09-01,Active,1,,18-24
V11630,2024-04-04,Active,6,,25-34
V11631,2024-04-04,Active,6,,25-34
V11632,2023-10-02,Active,12,,45-54
V11633,2023-10-02,Active,12,,18-24
V11634,2024-04-04,Cancelled,6,,25-34
V11635,2024-07-03,Cancelled,3,,18-24
V11636,2024-04-04,Active,6,,25-34
V11637,2024-04-04,Paused,6,,25-34
V11638,2024-09-01,Active,1,,25-34
V11639,2024-04-04,Active,6,,25-34
V11640,2022-10-02,Active,24,,18-24
V11641,2023-10-02,Active,12,,25-34
V11642,2023-10-02,Active,12,,25-34
V11643,2022-10-02,Active,24,,25-34
V11644,2022-10-02,Paused,24,,25-34
V11645,2024-04-04,Active,6,,55+
V11646,2022-10-02,Active,24,,25-34
V11647,2024-04-04,Cancelled,6,,35-44
V11648,2021-10-02,Active,36,,25-34
V11649,2024-04-04,Active,6,,18-24
V11650,2024-09-01,Active,1,,45-54
V11651,2024-04-04,Active,6,,25-34
V11652,2023-10-02,Cancelled,12,SH2001,35-44
V11653,2022-10-02,Active,24,,25-34
V11654,2024-09-01,Active,1,,25-34
V11655,2022-10-02,Active,24,,25-34
V11656,2024-04-04,Active,6,,55+
V11657,2024-04-04,Active,6,,25-34
V11658,2023-10-02,Active,12,,35-44
V11659,2024-07-03,Active,3,,18-24
V11660,2023-10-02,Active,12,,35-44
V11661,2022-10-02,Cancelled,24,,25-34
V11662,2024-09-01,Active,1,,45-54
V11663,2024-07-03,Active,3,,45-54
V11664,2022-10-02,Active,24,,35-44
V11665,2024-07-03,Active,3,,55+
V11666,2022-10-02,Cancelled,24,,18-24
V11667,2024-04-04,Active,6,,35-44
V11668,2024-09-01,Cancelled,1,SH2019,35-44
V11669,2024-07-03,Active,3,,55+
V11670,2024-04-04,Active,6,,35-44
V11671,2024-09-01,Active,1,,55+
V11672,2024-04-04,Active,6,,55+
V11673,2021-10-02,Active,36,,25-34
V11674,2022-10-02,Active,24,,35-44
V11675,2022-10-02,Active,24,,25-34
V11676,2023-10-02,Active,12,,45-54
V11677,2023-10-02,Active,12,,35-44
V11678,2024-07-03,Active,3,,35-44
V11679,2024-07-03,Cancelled,3,,18-24
V11680,2022-10-02,Active,24,,25-34
V11681,2021-10-02,Active,36,,18-24
V11682,2024-04-04,Active,6,,55+
V11683,2024-07-03,Cancelled,3,SH2043,45-54
V11684,2024-09-01,Active,1,,18-24
V11685,2022-10-02,Paused,24,,25-34
V11686,2024-07-03,Cancelled,3,,25-34
V11687,2024-04-04,Active,6,,45-54
V11688,2024-04-04,Cancelled,6,SH2010,55+
V11689,2024-07-03,Active,3,,25-34
V11690,2024-04-04,Active,6,,55+
V11691,2024-07-03,Cancelled,3,,18-24
V11692,2022-10-02,Active,24,,55+
V11693,2024-04-04,Cancelled,6,,35-44
V11694,2024-07-03,Active,3,,18-24
V11695,2024-09-01,Active,1,,25-34
V11696,2023-10-02,Active,12,,18-24
V11697,2023-10-02,Active,12,,18-24
V11698,2024-07-03,Cancelled,3,,45-54
V11699,2023-10-02,Active,12,,35-44
V11700,2023-10-02,Active,12,,25-34
V11701,2024-09-01,Active,1,,45-54
V11702,2024-04-04,Cancelled,6,SH2051,55+
V11703,2024-09-01,Active,1,,35-44
V11704,2024-07-03,Active,3,,45-54
V11705,2024-07-03,Active,3,,45-54
V11706,2022-10-02,Active,24,,25-34
V11707,2024-07-03,Active,3,,35-44
V11708,2024-09-01,Active,1,,55+
V11709,2021-10-02,Active,36,,35-44
V11710,2024-04-04,Cancelled,6,SH2049,25-34
V11711,2023-10-02,Active,12,,35-44
V11712,2024-09-01,Active,1,,35-44
V11713,2024-09-01,Cancelled,1,,25-34
V11714,2024-04-04,Active,6,,18-24
V11715,2024-09-01,Cancelled,1,,25-34
V11716,2021-10-02,Active,36,,25-34
V11717,2023-10-02,Paused,12,,55+
V11718,2024-04-04,Cancelled,6,,18-24
V11719,2021-10-02,Active,36,,25-34
V11720,2024-09-01,Active,1,,45-54
V11721,2024-04-04,Active,6,,25-34
V11722,2021-10-02,Active,36,,25-34
V11723,2024-07-03,Paused,3,,45-54
V11724,2024-07-03,Active,3,,18-24
V11725,2024-09-01,Active,1,,55+
V11726,2024-04-04,Cancelled,6,,25-34
V11727,2023-10-02,Active,12,,25-34
V11728,2023-10-02,Active,12,,25-34
V11729,2024-04-04,Paused,6,,25-34
V11730,2022-10-02,Active,24,,45-54
V11731,2024-04-04,Cancelled,6,,25-34
V11732,2023-10-02,Active,12,,18-24
V11733,2024-09-01,Active,1,,45-54
V11734,2024-07-03,Active,3,,35-44
V11735,2024-07-03,Active,3,,25-34
V11736,2021-10-02,Cancelled,36,,45-54
V11737,2023-10-02,Active,12,,18-24
V11738,2024-09-01,Active,1,,25-34
V11739,2024-04-04,Active,6,,25-34
V11740,2023-10-02,Active,12,,35-44
V11741,2024-07-03,Cancelled,3,SH2004,35-44
V11742,2024-04-04,Active,6,,35-44
V11743,2024-04-04,Active,6,,18-24
V11744,2024-04-04,Active,6,,35-44
V11745,2024-09-01,Cancelled,1,,35-44
V11746,2024-04-04,Active,6,,25-34
V11747,2022-10-02,Cancelled,24,,18-24
V11748,2023-10-02,Active,12,,18-24
V11749,2024-07-03,Active,3,,45-54
V11750,2024-04-04,Active,6,,55+
V11751,2023-10-02,Cancelled,12,SH2024,25-34
V11752,2023-10-02,Active,12,,45-54
V11753,2024-07-03,Active,3,,25-34
V11754,2022-10-02,Active,24,,25-34
V11755,2024-04-04,Active,6,,55+
V11756,2023-10-02,Active,12,,35-44
V11757,2024-09-01,Paused,1,,25-34
V11758,2023-10-02,Active,12,,35-44
V11759,2023-10-02,Active,12,,35-44
V11760,2022-10-02,Active,24,,25-34
V11761,2024-07-03,Paused,3,,25-34
V11762,2023-10-02,Active,12,,25-34
V11763,2024-07-03,Active,3,,25-34
V11764,2024-07-03,Active,3,,45-54
V11765,2021-10-02,Active,36,,25-34
V11766,2024-09-01,Active,1,,45-54
V11767,2024-09-01,Active,1,,45-54
V11768,2023-10-02,Active,12,,35-44
V11769,2024-07-03,Active,3,,45-54
V11770,2022-10-02,Active,24,,55+
V11771,2024-04-04,Cancelled,6,,25-34
V11772,2022-10-02,Active,24,,55+
V11773,2022-10-02,Cancelled,24,,25-34
V11774,2022-10-02,Active,24,,55+
V11775,2024-09-01,Active,1,,35-44
V11776,2024-04-04,Active,6,,18-24
V11777,2021-10-02,Active,36,,18-24
V11778,2024-09-01,Active,1,,55+
V11779,2023-10-02,Cancelled,12,,18-24
V11780,2024-04-04,Active,6,,18-24
V11781,2023-10-02,Active,12,,45-54
V11782,2024-04-04,Active,6,,35-44
V11783,2024-07-03,Cancelled,3,SH2050,35-44
V11784,2023-10-02,Cancelled,12,SH2056,35-44
V11785,2022-10-02,Cancelled,24,,55+
V11786,2024-04-04,Cancelled,6,,18-24
V11787,2024-04-04,Active,6,,25-34
V11788,2022-10-02,Cancelled,24,SH2023,18-24
V11789,2024-09-01,Active,1,,18-24
V11790,2024-09-01,Active,1,,55+
V11791,2022-10-02,Active,24,,18-24
V11792,2024-07-03,Active,3,,45-54
V11793,2022-10-02,Active,24,,25-34
V11794,2024-09-01,Active,1,,25-34
V11795,2024-09-01,Active,1,,45-54
V11796,2024-04-04,Active,6,,25-34
V11797,2024-04-04,Active,6,,25-34
V11798,2024-04-04,Active,6,,45-54
V11799,2024-07-03,Cancelled,3,SH2039,25-34
V11800,2024-04-04,Active,6,,25-34
V11801,2024-04-04,Active,6,,45-54
V11802,2024-04-04,Active,6,,18-24
V11803,2024-07-03,Cancelled,3,SH2029,25-34
V11804,2024-07-03,Active,3,,25-34
V11805,2024-04-04,Active,6,,25-34
V11806,2024-04-04,Paused,6,,25-34
V11807,2024-07-03,Active,3,,25-34
V11808,2023-10-02,Active,12,,35-44
V11809,2024-09-01,Active,1,,45-54
V11810,2024-07-03,Active,3,,25-34
V11811,2023-10-02,Active,12,,45-54
V11812,2024-07-03,Cancelled,3,,25-34
V11813,2024-07-03,Cancelled,3,SH2039,18-24
V11814,2024-07-03,Active,3,,18-24
V11815,2024-04-04,Active,6,,25-34
V11816,2024-09-01,Active,1,,55+
V11817,2024-04-04,Active,6,,18-24
V11818,2023-10-02,Active,12,,25-34
V11819,2024-09-01,Active,1,,45-54
V11820,2022-10-02,Active,24,,35-44
V11821,2024-09-01,Active,1,,35-44
V11822,2024-07-03,Cancelled,3,,25-34
V11823,2023-10-02,Active,12,,35-44
V11824,2024-09-01,Cancelled,1,,35-44
V11825,2021-10-02,Active,36,,18-24
V11826,2023-10-02,Active,12,,18-24
V11827,2024-04-04,Paused,6,,25-34
V11828,2023-10-02,Active,12,,35-44
V11829,2024-04-04,Active,6,,25-34
V11830,2023-10-02,Paused,12,,35-44
V11831,2024-04-04,Cancelled,6,,18-24
V11832,2022-10-02,Active,24,,25-34
V11833,2024-07-03,Active,3,,35-44
V11834,2024-07-03,Active,3,,25-34
V11835,2024-04-04,Active,6,,45-54
V11836,2024-09-01,Cancelled,1,,35-44
V11837,2023-10-02,Active,12,,25-34
V11838,2024-09-01,Active,1,,25-34
V11839,2024-09-01,Active,1,,18-24
V11840,2024-07-03,Active,3,,18-24
V11841,2024-07-03,Paused,3,,18-24
V11842,2023-10-02,Active,12,,55+
V11843,2024-09-01,Paused,1,,35-44
V11844,2024-09-01,Cancelled,1,SH2051,35-44
V11845,2022-10-02,Active,24,,25-34
V11846,2024-04-04,Active,6,,25-34
V11847,2024-09-01,Active,1,,25-34
V11848,2023-10-02,Cancelled,12,,25-34
V11849,2024-04-04,Active,6,,45-54
V11850,2023-10-02,Active,12,,25-34
V11851,2024-09-01,Active,1,,18-24
V11852,2021-10-02,Cancelled,36,,25-34
V11853,2022-10-02,Active,24,,25-34
V11854,2024-04-04,Cancelled,6,,35-44
V11855,2022-10-02,Cancelled,24,SH2041,55+
V11856,2023-10-02,Active,12,,25-34
V11857,2024-07-03,Active,3,,18-24
V11858,2024-09-01,Active,1,,45-54
V11859,2024-07-03,Active,3,,18-24
V11860,2024-04-04,Active,6,,55+
V11861,2023-10-02,Paused,12,,45-54
V11862,2024-04-04,Active,6,,25-34
V11863,2024-04-04,Cancelled,6,,18-24
V11864,2024-07-03,Cancelled,3,,55+
V11865,2023-10-02,Active,12,,45-54
V11866,2021-10-02,Cancelled,36,,35-44
V11867,2022-10-02,Active,24,,45-54
V11868,2024-04-04,Active,6,,25-34
V11869,2024-04-04,Active,6,,18-24
V11870,2024-04-04,Active,6,,25-34
V11871,2023-10-02,Paused,12,,35-44
V11872,2021-10-02,Active,36,,25-34
V11873,2023-10-02,Active,12,,25-34
V11874,2024-09-01,Active,1,,18-24
V11875,2023-10-02,Active,12,,35-44
V11876,2024-04-04,Active,6,,25-34
V11877,2023-10-02,Cancelled,12,,45-54
V11878,2023-10-02,Active,12,,25-34
V11879,2024-07-03,Active,3,,25-34
V11880,2024-09-01,Active,1,,35-44
V11881,2024-04-04,Active,6,,25-34
V11882,2024-04-04,Active,6,,25-34
V11883,2023-10-02,Cancelled,12,,25-34
V11884,2024-04-04,Active,6,,25-34
V11885,2024-09-01,Active,1,,25-34
V11886,2023-10-02,Cancelled,12,SH2051,35-44
V11887,2023-10-02,Cancelled,12,SH2021,25-34
V11888,2024-04-04,Active,6,,25-34
V11889,2021-10-02,Active,36,,18-24
V11890,2024-09-01,Cancelled,1,,25-34
V11891,2021-10-02,Cancelled,36,SH2024,25-34
V11892,2024-04-04,Active,6,,25-34
V11893,2024-04-04,Active,6,,25-34
V11894,2024-07-03,Active,3,,45-54
V11895,2023-10-02,Active,12,,55+
V11896,2022-10-02,Active,24,,18-24
V11897,2023-10-02,Cancelled,12,,55+
V11898,2023-10-02,Active,12,,18-24
V11899,2024-07-03,Active,3,,35-44
V11900,2024-04-04,Active,6,,25-34
V11901,2024-04-04,Active,6,,25-34
V11902,2023-10-02,Active,12,,55+
V11903,2024-07-03,Active,3,,25-34
V11904,2024-04-04,Cancelled,6,,35-44
V11905,2024-07-03,Cancelled,3,,18-24
V11906,2024-07-03,Active,3,,35-44
V11907,2022-10-02,Active,24,,25-34
V11908,2022-10-02,Active,24,,25-34
V11909,2024-04-04,Active,6,,55+
V11910,2023-10-02,Active,12,,55+
V11911,2024-04-04,Active,6,,25-34
V11912,2024-04-04,Active,6,,55+
V11913,2023-10-02,Active,12,,35-44
V11914,2023-10-02,Cancelled,12,,45-54
V11915,2023-10-02,Active,12,,35-44
V11916,2024-09-01,Active,1,,35-44
V11917,2024-07-03,Active,3,,35-44
V11918,2024-09-01,Active,1,,35-44
V11919,2021-10-02,Active,36,,18-24
V11920,2024-04-04,Cancelled,6,,55+
V11921,2024-07-03,Cancelled,3,,25-34
V11922,2024-04-04,Active,6,,25-34
V11923,2024-07-03,Active,3,,55+
V11924,2024-07-03,Cancelled,3,,18-24
V11925,2024-09-01,Cancelled,1,,45-54
V11926,2022-10-02,Active,24,,55+
V11927,2023-10-02,Cancelled,12,SH2053,35-44
V11928,2023-10-02,Active,12,,35-44
V11929,2024-04-04,Active,6,,55+
V11930,2024-09-01,Active,1,,25-34
V11931,2022-10-02,Active,24,,25-34
V11932,2024-09-01,Active,1,,25-34
V11933,2024-04-04,Active,6,,45-54
V11934,2024-04-04,Active,6,,35-44
V11935,2021-10-02,Active,36,,55+
V11936,2022-10-02,Active,24,,35-44
V11937,2024-07-03,Active,3,,25-34
V11938,2024-07-03,Cancelled,3,,25-34
V11939,2024-09-01,Active,1,,45-54
V11940,2023-10-02,Active,12,,25-34
V11941,2024-04-04,Active,6,,35-44
V11942,2024-04-04,Paused,6,,35-44
V11943,2022-10-02,Active,24,,35-44
V11944,2024-09-01,Active,1,,45-54
V11945,2024-07-03,Active,3,,25-34
V11946,2024-07-03,Cancelled,3,,45-54
V11947,2024-09-01,Active,1,,35-44
V11948,2021-10-02,Active,36,,25-34
V11949,2024-04-04,Paused,6,,35-44
V11950,2023-10-02,Active,12,,35-44
V11951,2023-10-02,Active,12,,25-34
V11952,2024-07-03,Active,3,,18-24
V11953,2024-07-03,Active,3,,18-24
V11954,2024-07-03,Cancelled,3,,35-44
V11955,2024-04-04,Active,6,,25-34
V11956,2022-10-02,Active,24,,35-44
V11957,2024-07-03,Active,3,,35-44
V11958,2024-04-04,Active,6,,35-44
V11959,2021-10-02,Cancelled,36,,18-24
V11960,2022-10-02,Active,24,,35-44
V11961,2022-10-02,Cancelled,24,,35-44
V11962,2024-07-03,Active,3,,25-34
V11963,2024-07-03,Active,3,,25-34
V11964,2023-10-02,Active,12,,25-34
V11965,2024-04-04,Cancelled,6,,18-24
V11966,2022-10-02,Active,24,,35-44
V11967,2022-10-02,Active,24,,35-44
V11968,2024-04-04,Active,6,,45-54
V11969,2022-10-02,Cancelled,24,SH2056,25-34
V11970,2024-07-03,Active,3,,18-24
V11971,2023-10-02,Active,12,,25-34
V11972,2024-04-04,Active,6,,18-24
V11973,2024-04-04,Active,6,,35-44
V11974,2022-10-02,Active,24,,45-54
V11975,2023-10-02,Active,12,,35-44
V11976,2024-04-04,Active,6,,35-44
V11977,2024-04-04,Active,6,,25-34
V11978,2022-10-02,Active,24,,18-24
V11979,2024-04-04,Cancelled,6,,45-54
V11980,2022-10-02,Active,24,,25-34
V11981,2022-10-02,Cancelled,24,,35-44
V11982,2024-09-01,Cancelled,1,SH2039,25-34
V11983,2024-04-04,Active,6,,18-24
V11984,2024-09-01,Active,1,,35-44
V11985,2024-04-04,Cancelled,6,,25-34
V11986,2024-07-03,Active,3,,55+
V11987,2024-04-04,Cancelled,6,,25-34
V11988,2022-10-02,Active,24,,45-54
V11989,2024-04-04,Active,6,,35-44
V11990,2022-10-02,Active,24,,25-34
V11991,2022-10-02,Cancelled,24,,18-24
V11992,2024-04-04,Active,6,,25-34
V11993,2023-10-02,Active,12,,45-54
V11994,2022-10-02,Active,24,,25-34
V11995,2024-07-03,Active,3,,35-44
V11996,2024-04-04,Active,6,,25-34
V11997,2024-07-03,Active,3,,18-24
V11998,2024-07-03,Active,3,,45-54
V11999,2023-10-02,Active,12,,25-34
V12000,2024-07-03,Active,3,,25-34
V12001,2024-04-04,Active,6,,18-24
V12002,2024-09-01,Active,1,,35-44
V12003,2024-07-03,Active,3,,35-44
V12004,2022-10-02,Cancelled,24,SH2025,35-44
V12005,2023-10-02,Active,12,,35-44
V12006,2022-10-02,Active,24,,18-24
V12007,2024-09-01,Active,1,,25-34
V12008,2023-10-02,Active,12,,25-34
V12009,2022-10-02,Active,24,,18-24
V12010,2023-10-02,Cancelled,12,,35-44
V12011,2023-10-02,Cancelled,12,,25-34
V12012,2021-10-02,Active,36,,18-24
V12013,2024-04-04,Active,6,,25-34
V12014,2021-10-02,Active,36,,25-34
V12015,2022-10-02,Active,24,,18-24
V12016,2024-04-04,Active,6,,18-24
V12017,2021-10-02,Active,36,,35-44
V12018,2024-04-04,Active,6,,25-34
V12019,2024-07-03,Active,3,,45-54
V12020,2024-09-01,Active,1,,45-54
V12021,2024-07-03,Active,3,,25-34
V12022,2024-04-04,Active,6,,25-34
V12023,2024-04-04,Active,6,,25-34
V12024,2024-04-04,Cancelled,6,,55+
V12025,2024-04-04,Active,6,,25-34
V12026,2024-09-01,Active,1,,35-44
V12027,2024-07-03,Active,3,,55+
V12028,2024-07-03,Active,3,,18-24
V12029,2024-04-04,Active,6,,25-34
V12030,2024-04-04,Cancelled,6,,45-54
V12031,2022-10-02,Active,24,,25-34
V12032,2024-09-01,Active,1,,35-44
V12033,2022-10-02,Active,24,,18-24
V12034,2024-04-04,Cancelled,6,,35-44
V12035,2022-10-02,Cancelled,24,,45-54
V12036,2024-07-03,Active,3,,35-44
V12037,2024-09-01,Paused,1,,25-34
V12038,2022-10-02,Active,24,,25-34
V12039,2022-10-02,Active,24,,25-34
V12040,2024-09-01,Active,1,,25-34
V12041,2024-04-04,Active,6,,35-44
V12042,2023-10-02,Active,12,,25-34
V12043,2022-10-02,Active,24,,35-44
V12044,2024-04-04,Cancelled,6,,25-34
V12045,2023-10-02,Active,12,,18-24
V12046,2024-04-04,Active,6,,55+
V12047,2023-10-02,Active,12,,25-34
V12048,2022-10-02,Cancelled,24,SH2046,25-34
V12049,2024-04-04,Active,6,,35-44
V12050,2021-10-02,Active,36,,18-24
V12051,2023-10-02,Active,12,,45-54
V12052,2024-04-04,Active,6,,25-34
V12053,2023-10-02,Active,12,,45-54
V12054,2024-07-03,Active,3,,25-34
V12055,2022-10-02,Cancelled,24,,25-34
V12056,2024-09-01,Active,1,,25-34
V12057,2022-10-02,Cancelled,24,,25-34
V12058,2022-10-02,Cancelled,24,,18-24
V12059,2024-04-04,Active,6,,25-34
V12060,2024-09-01,Active,1,,25-34
V12061,2024-09-01,Active,1,,45-54
V12062,2022-10-02,Active,24,,25-34
V12063,2021-10-02,Active,36,,25-34
V12064,2024-07-03,Active,3,,25-34
V12065,2022-10-02,Active,24,,25-34
V12066,2022-10-02,Active,24,,25-34
V12067,2024-04-04,Active,6,,18-24
V12068,2024-04-04,Active,6,,35-44
V12069,2023-10-02,Active,12,,18-24
V12070,2024-04-04,Active,6,,55+
V12071,2024-04-04,Active,6,,45-54
V12072,2024-04-04,Active,6,,45-54
V12073,2022-10-02,Active,24,,18-24
V12074,2024-04-04,Cancelled,6,SH2058,18-24
V12075,2021-10-02,Cancelled,36,,25-34
V12076,2024-09-01,Active,1,,45-54
V12077,2023-10-02,Active,12,,25-34
V12078,2024-04-04,Active,6,,25-34
V12079,2021-10-02,Cancelled,36,,45-54
V12080,2023-10-02,Cancelled,12,,45-54
V12081,2024-09-01,Active,1,,35-44
V12082,2023-10-02,Cancelled,12,SH2024,25-34
V12083,2024-04-04,Active,6,,35-44
V12084,2024-04-04,Active,6,,25-34
V12085,2024-07-03,Active,3,,45-54
V12086,2024-09-01,Cancelled,1,,25-34
V12087,2022-10-02,Active,24,,35-44
V12088,2024-07-03,Cancelled,3,,25-34
V12089,2023-10-02,Cancelled,12,,25-34
V12090,2024-04-04,Active,6,,35-44
V12091,2024-04-04,Active,6,,45-54
V12092,2024-09-01,Active,1,,25-34
V12093,2024-09-01,Active,1,,35-44
V12094,2023-10-02,Active,12,,18-24
V12095,2022-10-02,Active,24,,45-54
V12096,2024-07-03,Active,3,,25-34
V12097,2022-10-02,Active,24,,25-34
V12098,2024-09-01,Active,1,,35-44
V12099,2024-09-01,Active,1,,45-54
V12100,2024-07-03,Active,3,,25-34
V12101,2022-10-02,Cancelled,24,SH2019,55+
V12102,2024-07-03,Active,3,,35-44
V12103,2024-09-01,Cancelled,1,,18-24
V12104,2023-10-02,Cancelled,12,,18-24
V12105,2022-10-02,Active,24,,25-34
V12106,2024-07-03,Active,3,,45-54
V12107,2024-04-04,Active,6,,25-34
V12108,2024-04-04,Active,6,,25-34
V12109,2024-04-04,Active,6,,25-34
V12110,2024-07-03,Active,3,,25-34
V12111,2022-10-02,Active,24,,18-24
V12112,2024-09-01,Paused,1,,25-34
V12113,2022-10-02,Active,24,,55+
V12114,2022-10-02,Active,24,,18-24
V12115,2024-07-03,Active,3,,25-34
V12116,2024-07-03,Active,3,,35-44
V12117,2024-04-04,Active,6,,18-24
V12118,2021-10-02,Active,36,,45-54
V12119,2024-04-04,Active,6,,25-34
V12120,2024-07-03,Cancelled,3,SH2005,35-44
V12121,2024-09-01,Active,1,,55+
V12122,2023-10-02,Active,12,,18-24
V12123,2024-09-01,Active,1,,45-54
V12124,2024-04-04,Active,6,,55+
V12125,2024-04-04,Active,6,,35-44
V12126,2022-10-02,Cancelled,24,,18-24
V12127,2024-04-04,Cancelled,6,,18-24
V12128,2022-10-02,Active,24,,25-34
V12129,2024-09-01,Active,1,,25-34
V12130,2022-10-02,Active,24,,25-34
V12131,2023-10-02,Active,12,,25-34
V12132,2023-10-02,Cancelled,12,,35-44
V12133,2024-09-01,Cancelled,1,,18-24
V12134,2024-07-03,Cancelled,3,,35-44
V12135,2024-07-03,Active,3,,35-44
V12136,2023-10-02,Active,12,,55+
V12137,2022-10-02,Active,24,,45-54
V12138,2024-04-04,Active,6,,25-34
V12139,2024-04-04,Active,6,,25-34
V12140,2023-10-02,Active,12,,35-44
V12141,2024-09-01,Cancelled,1,SH2023,25-34
V12142,2022-10-02,Cancelled,24,,25-34
V12143,2024-04-04,Active,6,,55+
V12144,2023-10-02,Active,12,,25-34
V12145,2024-07-03,Paused,3,,18-24
V12146,2024-07-03,Active,3,,25-34
V12147,2024-04-04,Active,6,,18-24
V12148,2024-07-03,Cancelled,3,,18-24
V12149,2023-10-02,Cancelled,12,SH2036,45-54
V12150,2023-10-02,Cancelled,12,,55+
V12151,2024-09-01,Active,1,,18-24
V12152,2022-10-02,Active,24,,25-34
V12153,2024-04-04,Active,6,,45-54
V12154,2024-04-04,Active,6,,25-34
V12155,2024-04-04,Active,6,,35-44
V12156,2024-04-04,Active,6,,55+
V12157,2022-10-02,Cancelled,24,SH2044,25-34
V12158,2021-10-02,Active,36,,45-54
V12159,2024-04-04,Active,6,,25-34
V12160,2024-04-04,Active,6,,45-54
V12161,2024-07-03,Cancelled,3,SH2053,25-34
V12162,2022-10-02,Active,24,,25-34
V12163,2022-10-02,Cancelled,24,,18-24
V12164,2024-07-03,Active,3,,35-44
V12165,2022-10-02,Active,24,,45-54
V12166,2022-10-02,Cancelled,24,,25-34
V12167,2024-07-03,Active,3,,18-24
V12168,2024-09-01,Active,1,,25-34
V12169,2024-07-03,Active,3,,35-44
V12170,2024-09-01,Cancelled,1,SH2049,18-24
V12171,2024-04-04,Active,6,,45-54
V12172,2024-09-01,Active,1,,18-24
V12173,2024-09-01,Active,1,,35-44
V12174,2024-04-04,Cancelled,6,,55+
V12175,2024-09-01,Active,1,,45-54
V12176,2024-04-04,Cancelled,6,,45-54
V12177,2022-10-02,Active,24,,25-34
V12178,2021-10-02,Active,36,,18-24
V12179,2023-10-02,Active,12,,45-54
V12180,2023-10-02,Active,12,,55+
V12181,2022-10-02,Active,24,,25-34
V12182,2024-04-04,Active,6,,18-24
V12183,2024-07-03,Active,3,,25-34
V12184,2024-04-04,Active,6,,25-34
V12185,2023-10-02,Active,12,,18-24
V12186,2023-10-02,Paused,12,,35-44
V12187,2024-09-01,Active,1,,45-54
V12188,2024-07-03,Active,3,,25-34
V12189,2024-07-03,Cancelled,3,,35-44
V12190,2024-07-03,Active,3,,35-44
V12191,2024-04-04,Active,6,,18-24
V12192,2024-09-01,Paused,1,,45-54
V12193,2022-10-02,Active,24,,55+
V12194,2024-09-01,Active,1,,45-54
V12195,2024-07-03,Active,3,,18-24
V12196,2024-09-01,Active,1,,35-44
V12197,2023-10-02,Active,12,,35-44
V12198,2024-09-01,Active,1,,55+
V12199,2024-09-01,Active,1,,25-34
V12200,2023-10-02,Active,12,,25-34
V12201,2024-07-03,Active,3,,25-34
V12202,2024-07-03,Active,3,,25-34
V12203,2022-10-02,Active,24,,18-24
V12204,2023-10-02,Active,12,,25-34
V12205,2024-04-04,Active,6,,25-34
V12206,2024-07-03,Active,3,,25-34
V12207,2023-10-02,Active,12,,35-44
V12208,2023-10-02,Cancelled,12,,35-44
V12209,2024-07-03,Cancelled,3,,18-24
V12210,2023-10-02,Active,12,,25-34
V12211,2024-04-04,Active,6,,35-44
V12212,2022-10-02,Active,24,,18-24
V12213,2023-10-02,Active,12,,35-44
V12214,2024-07-03,Active,3,,35-44
V12215,2024-04-04,Active,6,,25-34
V12216,2024-07-03,Active,3,,18-24
V12217,2024-04-04,Active,6,,35-44
V12218,2024-07-03,Active,3,,45-54
V12219,2024-07-03,Active,3,,18-24
V12220,2023-10-02,Active,12,,25-34
V12221,2023-10-02,Active,12,,35-44
V12222,2024-04-04,Active,6,,18-24
V12223,2022-10-02,Active,24,,25-34
V12224,2024-07-03,Active,3,,45-54
V12225,2022-10-02,Active,24,,45-54
V12226,2024-09-01,Active,1,,55+
V12227,2023-10-02,Active,12,,45-54
V12228,2021-10-02,Cancelled,36,,45-54
V12229,2024-07-03,Cancelled,3,,25-34
V12230,2024-04-04,Active,6,,25-34
V12231,2024-09-01,Active,1,,55+
V12232,2021-10-02,Active,36,,55+
V12233,2022-10-02,Active,24,,18-24
V12234,2022-10-02,Active,24,,45-54
V12235,2022-10-02,Cancelled,24,SH2004,35-44
V12236,2024-09-01,Cancelled,1,,35-44
V12237,2024-04-04,Active,6,,18-24
V12238,2022-10-02,Active,24,,25-34
V12239,2024-09-01,Active,1,,25-34
V12240,2024-04-04,Active,6,,25-34
V12241,2021-10-02,Active,36,,45-54
V12242,2024-09-01,Active,1,,25-34
V12243,2024-04-04,Cancelled,6,SH2004,18-24
V12244,2022-10-02,Paused,24,,25-34
V12245,2024-04-04,Paused,6,,25-34
V12246,2023-10-02,Active,12,,35-44
V12247,2024-07-03,Cancelled,3,SH2015,35-44
V12248,2021-10-02,Active,36,,18-24
V12249,2023-10-02,Cancelled,12,SH2041,25-34
V12250,2023-10-02,Active,12,,35-44
V12251,2023-10-02,Paused,12,,55+
V12252,2023-10-02,Active,12,,25-34
V12253,2022-10-02,Active,24,,25-34
V12254,2024-04-04,Cancelled,6,,18-24
V12255,2024-04-04,Active,6,,25-34
V12256,2022-10-02,Cancelled,24,,25-34
V12257,2023-10-02,Active,12,,35-44
V12258,2021-10-02,Active,36,,25-34
V12259,2022-10-02,Active,24,,18-24
V12260,2024-04-04,Active,6,,45-54
V12261,2024-04-04,Active,6,,35-44
V12262,2024-04-04,Active,6,,35-44
V12263,2022-10-02,Active,24,,35-44
V12264,2024-07-03,Active,3,,25-34
V12265,2024-07-03,Cancelled,3,,25-34
V12266,2024-09-01,Paused,1,,35-44
V12267,2023-10-02,Active,12,,25-34
V12268,2024-07-03,Cancelled,3,,25-34
V12269,2023-10-02,Active,12,,35-44
V12270,2023-10-02,Active,12,,25-34
V12271,2024-04-04,Active,6,,45-54
V12272,2023-10-02,Active,12,,55+
V12273,2024-09-01,Cancelled,1,,55+
V12274,2022-10-02,Active,24,,25-34
V12275,2023-10-02,Active,12,,25-34
V12276,2023-10-02,Active,12,,55+
V12277,2022-10-02,Cancelled,24,,45-54
V12278,2022-10-02,Active,24,,25-34
V12279,2022-10-02,Cancelled,24,SH2028,25-34
V12280,2024-07-03,Active,3,,55+
V12281,2024-04-04,Cancelled,6,SH2034,35-44
V12282,2024-07-03,Active,3,,25-34
V12283,2024-09-01,Active,1,,18-24
V12284,2024-04-04,Active,6,,35-44
V12285,2022-10-02,Cancelled,24,,45-54
V12286,2024-09-01,Active,1,,35-44
V12287,2022-10-02,Paused,24,,18-24
V12288,2024-04-04,Active,6,,45-54
V12289,2023-10-02,Active,12,,25-34
V12290,2023-10-02,Cancelled,12,,18-24
V12291,2024-04-04,Cancelled,6,SH2052,45-54
V12292,2023-10-02,Active,12,,35-44
V12293,2024-09-01,Active,1,,45-54
V12294,2024-04-04,Active,6,,25-34
V12295,2023-10-02,Active,12,,45-54
V12296,2024-07-03,Cancelled,3,,35-44
V12297,2024-04-04,Active,6,,35-44
V12298,2023-10-02,Paused,12,,18-24
V12299,2024-09-01,Cancelled,1,,35-44
V12300,2024-04-04,Active,6,,45-54
V12301,2023-10-02,Active,12,,25-34
V12302,2022-10-02,Active,24,,45-54
V12303,2024-07-03,Active,3,,55+
V12304,2023-10-02,Active,12,,35-44
V12305,2024-07-03,Active,3,,55+
V12306,2023-10-02,Active,12,,25-34
V12307,2024-09-01,Active,1,,35-44
V12308,2023-10-02,Active,12,,45-54
V12309,2024-09-01,Active,1,,25-34
V12310,2024-04-04,Active,6,,55+
V12311,2024-07-03,Cancelled,3,,25-34
V12312,2024-04-04,Cancelled,6,,18-24
V12313,2022-10-02,Active,24,,18-24
V12314,2024-04-04,Cancelled,6,,35-44
V12315,2024-09-01,Active,1,,45-54
V12316,2024-09-01,Active,1,,55+
V12317,2024-07-03,Active,3,,18-24
V12318,2023-10-02,Active,12,,35-44
V12319,2024-07-03,Active,3,,35-44
V12320,2024-07-03,Active,3,,25-34
V12321,2023-10-02,Active,12,,35-44
V12322,2024-09-01,Active,1,,25-34
V12323,2023-10-02,Active,12,,45-54
V12324,2022-10-02,Active,24,,35-44
V12325,2024-09-01,Active,1,,35-44
V12326,2023-10-02,Active,12,,25-34
V12327,2024-04-04,Active,6,,35-44
V12328,2024-04-04,Active,6,,25-34
V12329,2024-07-03,Active,3,,18-24
V12330,2024-07-03,Cancelled,3,,45-54
V12331,2024-04-04,Active,6,,45-54
V12332,2024-09-01,Cancelled,1,,25-34
V12333,2022-10-02,Active,24,,35-44
V12334,2024-04-04,Active,6,,25-34
V12335,2023-10-02,Active,12,,18-24
V12336,2022-10-02,Active,24,,25-34
V12337,2024-07-03,Active,3,,18-24
V12338,2021-10-02,Active,36,,18-24
V12339,2024-09-01,Active,1,,45-54
V12340,2024-07-03,Active,3,,25-34
V12341,2024-09-01,Active,1,,25-34
V12342,2024-07-03,Active,3,,25-34
V12343,2022-10-02,Cancelled,24,,35-44
V12344,2024-04-04,Active,6,,35-44
V12345,2024-04-04,Cancelled,6,,55+
V12346,2024-04-04,Active,6,,25-34
V12347,2024-04-04,Active,6,,45-54
V12348,2024-07-03,Active,3,,35-44
V12349,2023-10-02,Active,12,,45-54
V12350,2024-04-04,Active,6,,18-24
V12351,2024-04-04,Cancelled,6,,35-44
V12352,2024-04-04,Active,6,,18-24
V12353,2024-07-03,Active,3,,45-54
V12354,2024-07-03,Active,3,,25-34
V12355,2024-04-04,Active,6,,18-24
V12356,2024-07-03,Active,3,,25-34
V12357,2024-09-01,Active,1,,25-34
V12358,2021-10-02,Active,36,,25-34
V12359,2024-04-04,Active,6,,45-54
V12360,2024-09-01,Cancelled,1,,45-54
V12361,2024-04-04,Active,6,,25-34
V12362,2023-10-02,Active,12,,18-24
V12363,2024-04-04,Active,6,,45-54
V12364,2024-09-01,Cancelled,1,,25-34
V12365,2024-07-03,Active,3,,25-34
V12366,2024-04-04,Cancelled,6,,25-34
V12367,2022-10-02,Active,24,,25-34
V12368,2024-07-03,Cancelled,3,SH2054,35-44
V12369,2023-10-02,Active,12,,18-24
V12370,2024-07-03,Active,3,,45-54
V12371,2024-09-01,Cancelled,1,,35-44
V12372,2024-04-04,Active,6,,35-44
V12373,2023-10-02,Active,12,,25-34
V12374,2023-10-02,Active,12,,25-34
V12375,2021-10-02,Active,36,,25-34
V12376,2024-07-03,Active,3,,18-24
V12377,2023-10-02,Active,12,,18-24
V12378,2023-10-02,Active,12,,55+
V12379,2024-09-01,Active,1,,18-24
V12380,2024-04-04,Paused,6,,45-54
V12381,2024-09-01,Active,1,,35-44
V12382,2024-07-03,Active,3,,55+
V12383,2021-10-02,Paused,36,,45-54
V12384,2023-10-02,Active,12,,25-34
V12385,2024-09-01,Active,1,,45-54
V12386,2022-10-02,Cancelled,24,,45-54
V12387,2024-07-03,Cancelled,3,SH2038,35-44
V12388,2024-04-04,Active,6,,18-24
V12389,2024-07-03,Active,3,,25-34
V12390,2022-10-02,Paused,24,,35-44
V12391,2024-07-03,Cancelled,3,SH2056,35-44
V12392,2024-04-04,Active,6,,25-34
V12393,2022-10-02,Active,24,,45-54
V12394,2024-04-04,Active,6,,25-34
V12395,2024-07-03,Cancelled,3,,25-34
V12396,2024-09-01,Active,1,,55+
V12397,2023-10-02,Active,12,,55+
V12398,2023-10-02,Active,12,,25-34
V12399,2023-10-02,Active,12,,25-34
V12400,2024-07-03,Paused,3,,18-24
V12401,2024-04-04,Active,6,,45-54
V12402,2024-09-01,Active,1,,18-24
V12403,2023-10-02,Cancelled,12,,25-34
V12404,2024-04-04,Active,6,,45-54
V12405,2024-07-03,Active,3,,25-34
V12406,2024-07-03,Active,3,,35-44
V12407,2024-04-04,Active,6,,25-34
V12408,2024-09-01,Cancelled,1,SH2043,45-54
V12409,2023-10-02,Active,12,,18-24
V12410,2023-10-02,Active,12,,25-34
V12411,2022-10-02,Active,24,,55+
V12412,2021-10-02,Active,36,,18-24
V12413,2023-10-02,Active,12,,18-24
V12414,2023-10-02,Active,12,,45-54
V12415,2024-09-01,Active,1,,25-34
V12416,2021-10-02,Active,36,,45-54
V12417,2024-04-04,Active,6,,25-34
V12418,2024-04-04,Active,6,,35-44
V12419,2024-07-03,Cancelled,3,,25-34
V12420,2024-09-01,Active,1,,25-34
V12421,2024-04-04,Active,6,,25-34
V12422,2024-04-04,Active,6,,35-44
V12423,2022-10-02,Active,24,,35-44
V12424,2024-04-04,Active,6,,25-34
V12425,2024-07-03,Active,3,,25-34
V12426,2024-09-01,Active,1,,35-44
V12427,2021-10-02,Active,36,,18-24
V12428,2022-10-02,Cancelled,24,,25-34
V12429,2021-10-02,Active,36,,55+
V12430,2024-09-01,Active,1,,25-34
V12431,2024-04-04,Cancelled,6,,55+
V12432,2024-09-01,Cancelled,1,SH2057,35-44
V12433,2024-07-03,Active,3,,35-44
V12434,2024-09-01,Cancelled,1,,18-24
V12435,2024-07-03,Active,3,,25-34
V12436,2022-10-02,Active,24,,45-54
V12437,2021-10-02,Active,36,,55+
V12438,2024-09-01,Active,1,,18-24
V12439,2024-07-03,Cancelled,3,,18-24
V12440,2024-04-04,Active,6,,25-34
V12441,2023-10-02,Active,12,,25-34
V12442,2023-10-02,Active,12,,25-34
V12443,2022-10-02,Active,24,,25-34
V12444,2024-09-01,Active,1,,35-44
V12445,2024-09-01,Active,1,,45-54
V12446,2024-04-04,Active,6,,35-44
V12447,2024-07-03,Cancelled,3,,18-24
V12448,2024-04-04,Cancelled,6,,18-24
V12449,2024-04-04,Active,6,,25-34
V12450,2023-10-02,Cancelled,12,SH2030,18-24
V12451,2023-10-02,Active,12,,25-34
V12452,2022-10-02,Cancelled,24,SH2059,25-34
V12453,2022-10-02,Paused,24,,25-34
V12454,2024-09-01,Active,1,,45-54
V12455,2024-07-03,Active,3,,25-34
V12456,2024-07-03,Paused,3,,35-44
V12457,2024-07-03,Active,3,,25-34
V12458,2024-09-01,Active,1,,35-44
V12459,2024-09-01,Active,1,,25-34
V12460,2023-10-02,Active,12,,35-44
V12461,2024-04-04,Active,6,,18-24
V12462,2022-10-02,Active,24,,25-34
V12463,2023-10-02,Active,12,,55+
V12464,2024-04-04,Cancelled,6,,45-54
V12465,2022-10-02,Cancelled,24,,35-44
V12466,2024-09-01,Active,1,,55+
V12467,2023-10-02,Cancelled,12,SH2044,45-54
V12468,2022-10-02,Active,24,,35-44
V12469,2024-04-04,Active,6,,35-44
V12470,2024-04-04,Active,6,,25-34
V12471,2023-10-02,Active,12,,18-24
V12472,2024-04-04,Active,6,,45-54
V12473,2023-10-02,Active,12,,35-44
V12474,2023-10-02,Active,12,,25-34
V12475,2024-07-03,Active,3,,25-34
V12476,2024-04-04,Cancelled,6,,45-54
V12477,2021-10-02,Active,36,,35-44
V12478,2024-04-04,Cancelled,6,,25-34
V12479,2023-10-02,Cancelled,12,SH2057,18-24
V12480,2022-10-02,Active,24,,25-34
V12481,2024-04-04,Active,6,,25-34
V12482,2022-10-02,Active,24,,45-54
V12483,2024-04-04,Active,6,,45-54
V12484,2023-10-02,Active,12,,18-24
V12485,2024-09-01,Active,1,,25-34
V12486,2024-07-03,Active,3,,35-44
V12487,2022-10-02,Cancelled,24,,18-24
V12488,2023-10-02,Cancelled,12,,25-34
V12489,2023-10-02,Active,12,,35-44
V12490,2022-10-02,Cancelled,24,,55+
V12491,2024-07-03,Active,3,,25-34
V12492,2024-04-04,Active,6,,18-24
V12493,2024-04-04,Cancelled,6,,55+
V12494,2023-10-02,Active,12,,55+
V12495,2023-10-02,Cancelled,12,,55+
V12496,2024-04-04,Active,6,,25-34
V12497,2024-09-01,Active,1,,25-34
V12498,2024-07-03,Active,3,,35-44
V12499,2024-07-03,Active,3,,35-44
V12500,2024-04-04,Cancelled,6,SH2004,18-24
V12501,2022-10-02,Active,24,,45-54
V12502,2024-04-04,Cancelled,6,,25-34
V12503,2023-10-02,Cancelled,12,SH2054,35-44
V12504,2024-09-01,Cancelled,1,,18-24
V12505,2022-10-02,Active,24,,25-34
V12506,2021-10-02,Cancelled,36,,25-34
V12507,2022-10-02,Active,24,,45-54
V12508,2024-04-04,Active,6,,55+
V12509,2022-10-02,Active,24,,18-24
V12510,2023-10-02,Active,12,,35-44
V12511,2021-10-02,Cancelled,36,SH2028,25-34
V12512,2024-04-04,Active,6,,35-44
V12513,2024-04-04,Active,6,,25-34
V12514,2024-07-03,Active,3,,25-34
V12515,2024-04-04,Active,6,,35-44
V12516,2022-10-02,Active,24,,25-34
V12517,2021-10-02,Active,36,,35-44
V12518,2024-09-01,Active,1,,18-24
V12519,2021-10-02,Active,36,,45-54
V12520,2023-10-02,Active,12,,25-34
V12521,2022-10-02,Paused,24,,25-34
V12522,2022-10-02,Active,24,,35-44
V12523,2024-04-04,Active,6,,18-24
V12524,2024-07-03,Active,3,,25-34
V12525,2024-04-04,Paused,6,,25-34
V12526,2024-04-04,Active,6,,18-24
V12527,2023-10-02,Active,12,,45-54
V12528,2024-09-01,Active,1,,25-34
V12529,2024-07-03,Active,3,,18-24
V12530,2024-07-03,Active,3,,55+
V12531,2024-07-03,Active,3,,25-34
V12532,2024-04-04,Active,6,,45-54
V12533,2021-10-02,Active,36,,25-34
V12534,2024-09-01,Active,1,,25-34
V12535,2024-07-03,Active,3,,35-44
V12536,2024-04-04,Active,6,,35-44
V12537,2024-04-04,Cancelled,6,,18-24
V12538,2023-10-02,Active,12,,35-44
V12539,2024-04-04,Cancelled,6,,18-24
V12540,2024-04-04,Paused,6,,25-34
V12541,2021-10-02,Cancelled,36,,25-34
V12542,2021-10-02,Active,36,,25-34
V12543,2024-04-04,Active,6,,18-24
V12544,2024-07-03,Active,3,,25-34
V12545,2024-07-03,Cancelled,3,SH2032,35-44
V12546,2023-10-02,Active,12,,25-34
V12547,2024-04-04,Active,6,,25-34
V12548,2024-07-03,Active,3,,18-24
V12549,2023-10-02,Active,12,,55+
V12550,2024-09-01,Cancelled,1,,45-54
V12551,2022-10-02,Active,24,,25-34
V12552,2024-04-04,Active,6,,18-24
V12553,2022-10-02,Active,24,,35-44
V12554,2022-10-02,Active,24,,35-44
V12555,2023-10-02,Active,12,,25-34
V12556,2021-10-02,Cancelled,36,,45-54
V12557,2022-10-02,Active,24,,18-24
V12558,2024-04-04,Active,6,,25-34
V12559,2024-04-04,Active,6,,25-34
V12560,2023-10-02,Active,12,,18-24
V12561,2024-04-04,Active,6,,35-44
V12562,2024-04-04,Active,6,,55+
V12563,2024-09-01,Active,1,,25-34
V12564,2024-04-04,Active,6,,25-34
V12565,2024-07-03,Paused,3,,35-44
V12566,2023-10-02,Cancelled,12,,18-24
V12567,2024-04-04,Active,6,,45-54
V12568,2022-10-02,Cancelled,24,,18-24
V12569,2021-10-02,Active,36,,18-24
V12570,2024-07-03,Paused,3,,35-44
V12571,2024-04-04,Active,6,,25-34
V12572,2023-10-02,Active,12,,55+
V12573,2023-10-02,Cancelled,12,SH2003,25-34
V12574,2022-10-02,Active,24,,25-34
V12575,2024-04-04,Active,6,,25-34
V12576,2024-07-03,Cancelled,3,,18-24
V12577,2024-07-03,Active,3,,18-24
V12578,2024-07-03,Cancelled,3,SH2048,45-54
V12579,2022-10-02,Active,24,,45-54
V12580,2023-10-02,Active,12,,25-34
V12581,2024-09-01,Active,1,,35-44
V12582,2023-10-02,Active,12,,55+
V12583,2024-09-01,Active,1,,25-34
V12584,2024-09-01,Active,1,,45-54
V12585,2022-10-02,Cancelled,24,,25-34
V12586,2024-09-01,Active,1,,25-34
V12587,2024-04-04,Active,6,,25-34
V12588,2024-04-04,Cancelled,6,,25-34
V12589,2023-10-02,Active,12,,35-44
V12590,2024-09-01,Cancelled,1,,35-44
V12591,2023-10-02,Cancelled,12,,45-54
V12592,2024-07-03,Active,3,,25-34
V12593,2024-07-03,Cancelled,3,,35-44
V12594,2022-10-02,Active,24,,55+
V12595,2024-04-04,Cancelled,6,,25-34
V12596,2024-04-04,Active,6,,35-44
V12597,2024-04-04,Active,6,,55+
V12598,2024-04-04,Active,6,,35-44
V12599,2023-10-02,Paused,12,,25-34
V12600,2024-09-01,Active,1,,25-34
V12601,2022-10-02,Active,24,,55+
V12602,2024-04-04,Paused,6,,18-24
V12603,2022-10-02,Cancelled,24,SH2028,55+
V12604,2024-07-03,Active,3,,45-54
V12605,2022-10-02,Active,24,,25-34
V12606,2024-07-03,Active,3,,25-34
V12607,2024-09-01,Active,1,,35-44
V12608,2024-09-01,Active,1,,45-54
V12609,2024-07-03,Active,3,,25-34
V12610,2024-04-04,Active,6,,18-24
V12611,2024-07-03,Active,3,,25-34
V12612,2023-10-02,Active,12,,18-24
V12613,2024-04-04,Active,6,,55+
V12614,2024-04-04,Active,6,,35-44
V12615,2022-10-02,Cancelled,24,SH2021,25-34
V12616,2023-10-02,Cancelled,12,,45-54
V12617,2024-07-03,Active,3,,35-44
V12618,2023-10-02,Cancelled,12,,35-44
V12619,2024-09-01,Active,1,,25-34
V12620,2022-10-02,Cancelled,24,,35-44
V12621,2023-10-02,Cancelled,12,,45-54
V12622,2023-10-02,Active,12,,35-44
V12623,2024-04-04,Active,6,,45-54
V12624,2024-04-04,Paused,6,,25-34
V12625,2024-04-04,Active,6,,18-24
V12626,2024-04-04,Active,6,,25-34
V12627,2024-07-03,Active,3,,35-44
V12628,2024-09-01,Active,1,,45-54
V12629,2024-04-04,Cancelled,6,,35-44
V12630,2024-07-03,Cancelled,3,,45-54
V12631,2024-07-03,Active,3,,35-44
V12632,2024-04-04,Active,6,,18-24
V12633,2022-10-02,Active,24,,25-34
V12634,2024-04-04,Active,6,,18-24
V12635,2024-07-03,Active,3,,55+
V12636,2022-10-02,Active,24,,18-24
V12637,2024-04-04,Active,6,,25-34
V12638,2024-09-01,Active,1,,45-54
V12639,2024-04-04,Cancelled,6,SH2028,25-34
V12640,2024-04-04,Active,6,,25-34
V12641,2023-10-02,Active,12,,35-44
V12642,2022-10-02,Active,24,,18-24
V12643,2023-10-02,Active,12,,25-34
V12644,2024-09-01,Active,1,,18-24
V12645,2024-04-04,Cancelled,6,,25-34
V12646,2021-10-02,Active,36,,45-54
V12647,2024-04-04,Cancelled,6,SH2044,18-24
V12648,2023-10-02,Active,12,,18-24
V12649,2023-10-02,Active,12,,18-24
V12650,2023-10-02,Active,12,,25-34
V12651,2024-07-03,Active,3,,25-34
V12652,2021-10-02,Active,36,,18-24
V12653,2024-04-04,Active,6,,35-44
V12654,2022-10-02,Active,24,,18-24
V12655,2023-10-02,Active,12,,45-54
V12656,2023-10-02,Active,12,,25-34
V12657,2023-10-02,Cancelled,12,SH2035,25-34
V12658,2024-07-03,Cancelled,3,,18-24
V12659,2022-10-02,Active,24,,25-34
V12660,2024-09-01,Cancelled,1,SH2008,25-34
V12661,2022-10-02,Active,24,,55+
V12662,2024-04-04,Active,6,,18-24
V12663,2024-04-04,Active,6,,45-54
V12664,2023-10-02,Cancelled,12,,35-44
V12665,2024-07-03,Active,3,,35-44
V12666,2023-10-02,Active,12,,25-34
V12667,2024-09-01,Cancelled,1,SH2046,35-44
V12668,2024-07-03,Active,3,,25-34
V12669,2024-04-04,Active,6,,18-24
V12670,2024-07-03,Cancelled,3,,35-44
V12671,2023-10-02,Active,12,,18-24
V12672,2024-07-03,Cancelled,3,,55+
V12673,2024-09-01,Active,1,,25-34
V12674,2024-04-04,Active,6,,55+
V12675,2024-04-04,Cancelled,6,,45-54
V12676,2023-10-02,Active,12,,35-44
V12677,2023-10-02,Active,12,,55+
V12678,2023-10-02,Cancelled,12,SH2039,45-54
V12679,2022-10-02,Active,24,,55+
V12680,2023-10-02,Active,12,,18-24
V12681,2022-10-02,Cancelled,24,,35-44
V12682,2023-10-02,Active,12,,35-44
V12683,2022-10-02,Active,24,,18-24
V12684,2024-04-04,Active,6,,18-24
V12685,2024-07-03,Active,3,,45-54
V12686,2024-09-01,Active,1,,25-34
V12687,2023-10-02,Paused,12,,18-24
V12688,2024-07-03,Cancelled,3,SH2004,25-34
V12689,2022-10-02,Active,24,,35-44
V12690,2024-07-03,Cancelled,3,,18-24
V12691,2024-07-03,Active,3,,35-44
V12692,2022-10-02,Active,24,,45-54
V12693,2024-07-03,Active,3,,25-34
V12694,2024-09-01,Active,1,,35-44
V12695,2024-04-04,Active,6,,35-44
V12696,2024-09-01,Active,1,,35-44
V12697,2024-07-03,Active,3,,25-34
V12698,2024-04-04,Active,6,,35-44
V12699,2023-10-02,Active,12,,45-54
V12700,2023-10-02,Active,12,,35-44
V12701,2024-09-01,Active,1,,25-34
V12702,2022-10-02,Cancelled,24,SH2050,35-44
V12703,2023-10-02,Active,12,,35-44
V12704,2024-09-01,Paused,1,,45-54
V12705,2024-04-04,Active,6,,18-24
V12706,2024-09-01,Active,1,,35-44
V12707,2022-10-02,Active,24,,35-44
V12708,2024-04-04,Active,6,,18-24
V12709,2023-10-02,Cancelled,12,,25-34
V12710,2022-10-02,Active,24,,45-54
V12711,2023-10-02,Active,12,,25-34
V12712,2023-10-02,Cancelled,12,,18-24
V12713,2024-09-01,Cancelled,1,,35-44
V12714,2024-04-04,Active,6,,18-24
V12715,2024-07-03,Active,3,,35-44
V12716,2024-09-01,Active,1,,25-34
V12717,2024-04-04,Active,6,,35-44
V12718,2021-10-02,Active,36,,25-34
V12719,2024-04-04,Active,6,,35-44
V12720,2024-04-04,Active,6,,25-34
V12721,2021-10-02,Cancelled,36,SH2053,25-34
V12722,2024-07-03,Active,3,,55+
V12723,2022-10-02,Active,24,,25-34
V12724,2024-07-03,Cancelled,3,,45-54
V12725,2024-04-04,Active,6,,25-34
V12726,2024-07-03,Active,3,,18-24
V12727,2024-09-01,Cancelled,1,,45-54
V12728,2024-04-04,Active,6,,35-44
V12729,2023-10-02,Cancelled,12,SH2022,35-44
V12730,2023-10-02,Cancelled,12,,35-44
V12731,2023-10-02,Active,12,,45-54
V12732,2022-10-02,Active,24,,25-34
V12733,2024-09-01,Active,1,,35-44
V12734,2022-10-02,Active,24,,25-34
V12735,2022-10-02,Cancelled,24,,35-44
V12736,2024-04-04,Active,6,,18-24
V12737,2024-07-03,Active,3,,55+
V12738,2023-10-02,Active,12,,25-34
V12739,2024-07-03,Active,3,,45-54
V12740,2024-07-03,Active,3,,35-44
V12741,2024-04-04,Active,6,,35-44
V12742,2024-04-04,Active,6,,25-34
V12743,2024-04-04,Cancelled,6,,55+
V12744,2023-10-02,Active,12,,35-44
V12745,2022-10-02,Active,24,,35-44
V12746,2023-10-02,Active,12,,25-34
V12747,2024-04-04,Cancelled,6,,25-34
V12748,2024-04-04,Cancelled,6,,35-44
V12749,2024-09-01,Active,1,,35-44
V12750,2024-04-04,Active,6,,18-24
V12751,2022-10-02,Cancelled,24,,25-34
V12752,2022-10-02,Active,24,,25-34
V12753,2023-10-02,Active,12,,25-34
V12754,2024-07-03,Active,3,,18-24
V12755,2022-10-02,Active,24,,25-34
V12756,2024-04-04,Active,6,,35-44
V12757,2024-07-03,Active,3,,25-34
V12758,2024-04-04,Active,6,,45-54
V12759,2023-10-02,Active,12,,35-44
V12760,2024-04-04,Cancelled,6,SH2008,18-24
V12761,2024-04-04,Active,6,,35-44
V12762,2023-10-02,Active,12,,35-44
V12763,2024-09-01,Paused,1,,45-54
V12764,2022-10-02,Active,24,,55+
V12765,2022-10-02,Cancelled,24,,18-24
V12766,2021-10-02,Active,36,,35-44
V12767,2022-10-02,Active,24,,35-44
V12768,2024-04-04,Cancelled,6,,18-24
V12769,2023-10-02,Cancelled,12,,35-44
V12770,2022-10-02,Active,24,,25-34
V12771,2024-09-01,Active,1,,35-44
V12772,2022-10-02,Cancelled,24,SH2034,18-24
V12773,2024-04-04,Active,6,,45-54
V12774,2024-04-04,Active,6,,35-44
V12775,2024-04-04,Active,6,,18-24
V12776,2024-09-01,Cancelled,1,SH2023,25-34
V12777,2024-04-04,Active,6,,18-24
V12778,2024-04-04,Active,6,,25-34
V12779,2023-10-02,Active,12,,35-44
V12780,2024-04-04,Cancelled,6,,25-34
V12781,2024-07-03,Active,3,,18-24
V12782,2023-10-02,Active,12,,25-34
V12783,2023-10-02,Active,12,,25-34
V12784,2024-07-03,Cancelled,3,,18-24
V12785,2024-04-04,Active,6,,35-44
V12786,2022-10-02,Active,24,,25-34
V12787,2024-07-03,Active,3,,25-34
V12788,2024-07-03,Active,3,,35-44
V12789,2024-04-04,Active,6,,25-34
V12790,2024-07-03,Active,3,,18-24
V12791,2024-09-01,Active,1,,55+
V12792,2023-10-02,Active,12,,45-54
V12793,2023-10-02,Active,12,,45-54
V12794,2024-04-04,Active,6,,35-44
V12795,2024-04-04,Active,6,,35-44
V12796,2022-10-02,Cancelled,24,,45-54
V12797,2022-10-02,Active,24,,25-34
V12798,2024-04-04,Cancelled,6,,35-44
V12799,2024-09-01,Active,1,,35-44
V12800,2024-07-03,Active,3,,25-34
V12801,2024-07-03,Active,3,,25-34
V12802,2024-04-04,Active,6,,45-54
V12803,2024-04-04,Active,6,,35-44
V12804,2024-07-03,Cancelled,3,,35-44
V12805,2024-07-03,Cancelled,3,SH2013,45-54
V12806,2022-10-02,Active,24,,25-34
V12807,2022-10-02,Active,24,,18-24
V12808,2024-04-04,Active,6,,25-34
V12809,2024-04-04,Active,6,,25-34
V12810,2023-10-02,Cancelled,12,,25-34
V12811,2024-07-03,Active,3,,45-54
V12812,2024-07-03,Active,3,,25-34
V12813,2024-04-04,Active,6,,45-54
V12814,2024-07-03,Active,3,,35-44
V12815,2024-04-04,Active,6,,35-44
V12816,2024-07-03,Active,3,,35-44
V12817,2023-10-02,Active,12,,18-24
V12818,2022-10-02,Cancelled,24,,25-34
V12819,2024-04-04,Active,6,,45-54
V12820,2024-09-01,Cancelled,1,,25-34
V12821,2023-10-02,Cancelled,12,SH2050,18-24
V12822,2024-07-03,Active,3,,25-34
V12823,2024-04-04,Cancelled,6,SH2009,55+
V12824,2024-07-03,Active,3,,35-44
V12825,2023-10-02,Active,12,,35-44
V12826,2024-07-03,Cancelled,3,SH2022,35-44
V12827,2024-09-01,Active,1,,25-34
V12828,2024-04-04,Active,6,,25-34
V12829,2024-04-04,Active,6,,35-44
V12830,2024-07-03,Active,3,,25-34
V12831,2023-10-02,Cancelled,12,,18-24
V12832,2024-09-01,Active,1,,25-34
V12833,2024-04-04,Active,6,,55+
V12834,2024-04-04,Active,6,,25-34
V12835,2022-10-02,Cancelled,24,,25-34
V12836,2024-04-04,Cancelled,6,SH2056,45-54
V12837,2023-10-02,Paused,12,,25-34
V12838,2024-04-04,Active,6,,25-34
V12839,2024-09-01,Active,1,,25-34
V12840,2023-10-02,Active,12,,55+
V12841,2024-09-01,Active,1,,35-44
V12842,2024-09-01,Active,1,,45-54
V12843,2022-10-02,Active,24,,25-34
V12844,2024-04-04,Active,6,,35-44
V12845,2022-10-02,Active,24,,55+
V12846,2024-09-01,Active,1,,25-34
V12847,2024-04-04,Active,6,,25-34
V12848,2023-10-02,Active,12,,25-34
V12849,2022-10-02,Active,24,,35-44
V12850,2024-09-01,Active,1,,25-34
V12851,2024-04-04,Active,6,,25-34
V12852,2024-09-01,Active,1,,35-44
V12853,2023-10-02,Active,12,,18-24
V12854,2023-10-02,Active,12,,18-24
V12855,2024-09-01,Active,1,,35-44
V12856,2023-10-02,Active,12,,35-44
V12857,2024-07-03,Cancelled,3,,35-44
V12858,2024-07-03,Active,3,,25-34
V12859,2023-10-02,Active,12,,55+
V12860,2021-10-02,Active,36,,55+
V12861,2024-07-03,Active,3,,18-24
V12862,2024-04-04,Active,6,,55+
V12863,2024-09-01,Active,1,,45-54
V12864,2024-07-03,Active,3,,35-44
V12865,2024-07-03,Active,3,,25-34
V12866,2024-04-04,Paused,6,,45-54
V12867,2024-07-03,Active,3,,25-34
V12868,2021-10-02,Active,36,,25-34
V12869,2023-10-02,Paused,12,,25-34
V12870,2024-07-03,Active,3,,18-24
V12871,2023-10-02,Active,12,,35-44
V12872,2024-09-01,Active,1,,25-34
V12873,2024-07-03,Cancelled,3,SH2004,25-34
V12874,2024-09-01,Active,1,,25-34
V12875,2021-10-02,Active,36,,55+
V12876,2023-10-02,Active,12,,35-44
V12877,2022-10-02,Active,24,,35-44
V12878,2023-10-02,Active,12,,45-54
V12879,2024-09-01,Active,1,,35-44
V12880,2024-04-04,Active,6,,35-44
V12881,2022-10-02,Active,24,,45-54
V12882,2024-04-04,Active,6,,18-24
V12883,2024-09-01,Active,1,,25-34
V12884,2023-10-02,Active,12,,18-24
V12885,2024-07-03,Active,3,,35-44
V12886,2024-09-01,Active,1,,55+
V12887,2022-10-02,Active,24,,25-34
V12888,2024-04-04,Cancelled,6,SH2047,35-44
V12889,2023-10-02,Active,12,,25-34
V12890,2022-10-02,Active,24,,18-24
V12891,2024-07-03,Cancelled,3,,35-44
V12892,2024-07-03,Active,3,,25-34
V12893,2022-10-02,Active,24,,25-34
V12894,2024-07-03,Cancelled,3,,25-34
V12895,2024-04-04,Paused,6,,45-54
V12896,2023-10-02,Active,12,,25-34
V12897,2022-10-02,Active,24,,25-34
V12898,2024-04-04,Cancelled,6,,25-34
V12899,2022-10-02,Active,24,,25-34
V12900,2021-10-02,Paused,36,,45-54
V12901,2023-10-02,Active,12,,55+
V12902,2024-07-03,Cancelled,3,,55+
V12903,2022-10-02,Cancelled,24,,25-34
V12904,2024-09-01,Active,1,,25-34
V12905,2024-04-04,Cancelled,6,,55+
V12906,2024-04-04,Active,6,,55+
V12907,2024-04-04,Active,6,,55+
V12908,2024-04-04,Cancelled,6,,55+
V12909,2024-07-03,Active,3,,45-54
V12910,2024-04-04,Active,6,,18-24
V12911,2024-09-01,Active,1,,35-44
V12912,2024-04-04,Active,6,,35-44
V12913,2023-10-02,Active,12,,25-34
V12914,2024-04-04,Active,6,,35-44
V12915,2024-04-04,Active,6,,25-34
V12916,2023-10-02,Active,12,,55+
V12917,2024-09-01,Paused,1,,25-34
V12918,2024-04-04,Active,6,,18-24
V12919,2024-07-03,Active,3,,35-44
V12920,2024-07-03,Cancelled,3,,25-34
V12921,2024-04-04,Active,6,,25-34
V12922,2024-07-03,Active,3,,35-44
V12923,2023-10-02,Cancelled,12,,35-44
V12924,2022-10-02,Cancelled,24,SH2021,25-34
V12925,2022-10-02,Active,24,,25-34
V12926,2024-04-04,Active,6,,25-34
V12927,2024-07-03,Active,3,,35-44
V12928,2023-10-02,Active,12,,35-44
V12929,2023-10-02,Active,12,,55+
V12930,2022-10-02,Active,24,,25-34
V12931,2024-09-01,Active,1,,35-44
V12932,2024-04-04,Cancelled,6,,35-44
V12933,2023-10-02,Active,12,,25-34
V12934,2023-10-02,Active,12,,18-24
V12935,2022-10-02,Active,24,,25-34
V12936,2023-10-02,Cancelled,12,SH2006,25-34
V12937,2022-10-02,Active,24,,25-34
V12938,2023-10-02,Active,12,,55+
V12939,2024-07-03,Active,3,,18-24
V12940,2023-10-02,Cancelled,12,,18-24
V12941,2023-10-02,Active,12,,25-34
V12942,2022-10-02,Active,24,,45-54
V12943,2024-07-03,Active,3,,45-54
V12944,2024-07-03,Active,3,,35-44
V12945,2024-04-04,Active,6,,25-34
V12946,2024-09-01,Active,1,,18-24
V12947,2022-10-02,Active,24,,25-34
V12948,2024-09-01,Active,1,,35-44
V12949,2023-10-02,Active,12,,18-24
V12950,2024-09-01,Cancelled,1,SH2008,35-44
V12951,2024-04-04,Active,6,,55+
V12952,2023-10-02,Active,12,,55+
V12953,2023-10-02,Active,12,,18-24
V12954,2023-10-02,Active,12,,45-54
V12955,2023-10-02,Active,12,,55+
V12956,2024-04-04,Active,6,,45-54
V12957,2024-07-03,Cancelled,3,,55+
V12958,2024-04-04,Active,6,,25-34
V12959,2024-04-04,Active,6,,45-54
V12960,2023-10-02,Active,12,,25-34
V12961,2023-10-02,Active,12,,35-44
V12962,2023-10-02,Active,12,,25-34
V12963,2022-10-02,Active,24,,55+
V12964,2024-09-01,Active,1,,45-54
V12965,2024-07-03,Active,3,,45-54
V12966,2022-10-02,Paused,24,,25-34
V12967,2023-10-02,Active,12,,25-34
V12968,2022-10-02,Active,24,,35-44
V12969,2024-04-04,Active,6,,55+
V12970,2024-09-01,Active,1,,45-54
V12971,2024-04-04,Active,6,,35-44
V12972,2024-07-03,Active,3,,45-54
V12973,2024-04-04,Cancelled,6,,45-54
V12974,2024-09-01,Active,1,,25-34
V12975,2022-10-02,Active,24,,25-34
V12976,2024-04-04,Active,6,,25-34
V12977,2024-04-04,Active,6,,18-24
V12978,2024-04-04,Active,6,,35-44
V12979,2024-04-04,Active,6,,25-34
V12980,2022-10-02,Active,24,,35-44
V12981,2022-10-02,Cancelled,24,SH2011,25-34
V12982,2024-09-01,Cancelled,1,,35-44
V12983,2024-09-01,Active,1,,35-44
V12984,2022-10-02,Active,24,,18-24
V12985,2024-04-04,Active,6,,35-44
V12986,2022-10-02,Active,24,,45-54
V12987,2024-09-01,Active,1,,18-24
V12988,2024-07-03,Cancelled,3,,18-24
V12989,2024-04-04,Cancelled,6,SH2058,18-24
V12990,2022-10-02,Active,24,,35-44
V12991,2024-09-01,Active,1,,35-44
V12992,2024-07-03,Active,3,,35-44
V12993,2023-10-02,Cancelled,12,,25-34
V12994,2021-10-02,Cancelled,36,,55+
V12995,2023-10-02,Active,12,,18-24
V12996,2022-10-02,Active,24,,25-34
V12997,2024-09-01,Cancelled,1,SH2055,18-24
V12998,2024-07-03,Active,3,,35-44
V12999,2024-04-04,Active,6,,35-44
V13000,2024-04-04,Active,6,,25-34
V13001,2024-07-03,Active,3,,45-54
V13002,2023-10-02,Active,12,,35-44
V13003,2024-04-04,Active,6,,35-44
V13004,2024-04-04,Active,6,,35-44
V13005,2024-09-01,Active,1,,18-24
V13006,2024-09-01,Paused,1,,55+
V13007,2024-09-01,Active,1,,25-34
V13008,2024-04-04,Cancelled,6,,55+
V13009,2024-04-04,Active,6,,25-34
V13010,2022-10-02,Cancelled,24,,35-44
V13011,2024-07-03,Active,3,,45-54
V13012,2024-04-04,Active,6,,25-34
V13013,2022-10-02,Active,24,,45-54
V13014,2022-10-02,Cancelled,24,SH2054,25-34
V13015,2023-10-02,Active,12,,55+
V13016,2023-10-02,Cancelled,12,,25-34
V13017,2024-04-04,Active,6,,45-54
V13018,2023-10-02,Active,12,,25-34
V13019,2024-09-01,Active,1,,25-34
V13020,2024-04-04,Active,6,,55+
V13021,2023-10-02,Active,12,,55+
V13022,2024-04-04,Active,6,,18-24
V13023,2023-10-02,Active,12,,35-44
V13024,2024-07-03,Active,3,,35-44
V13025,2021-10-02,Active,36,,55+
V13026,2021-10-02,Active,36,,25-34
V13027,2023-10-02,Cancelled,12,,35-44
V13028,2024-09-01,Active,1,,35-44
V13029,2024-04-04,Active,6,,25-34
V13030,2024-09-01,Active,1,,45-54
V13031,2022-10-02,Active,24,,25-34
V13032,2024-04-04,Active,6,,25-34
V13033,2024-07-03,Cancelled,3,,55+
V13034,2023-10-02,Active,12,,35-44
V13035,2023-10-02,Active,12,,25-34
V13036,2022-10-02,Active,24,,45-54
V13037,2022-10-02,Paused,24,,25-34
V13038,2024-09-01,Active,1,,18-24
V13039,2024-04-04,Active,6,,35-44
V13040,2024-07-03,Cancelled,3,,18-24
V13041,2023-10-02,Cancelled,12,SH2016,25-34
V13042,2024-04-04,Cancelled,6,SH2051,25-34
V13043,2024-07-03,Active,3,,55+
V13044,2021-10-02,Active,36,,25-34
V13045,2024-07-03,Active,3,,35-44
V13046,2023-10-02,Active,12,,25-34
V13047,2024-07-03,Active,3,,25-34
V13048,2024-04-04,Active,6,,35-44
V13049,2024-04-04,Active,6,,25-34
V13050,2024-09-01,Active,1,,25-34
V13051,2023-10-02,Active,12,,55+
V13052,2021-10-02,Active,36,,55+
V13053,2023-10-02,Active,12,,18-24
V13054,2022-10-02,Active,24,,45-54
V13055,2024-09-01,Active,1,,25-34
V13056,2024-07-03,Active,3,,25-34
V13057,2024-09-01,Active,1,,35-44
V13058,2022-10-02,Active,24,,18-24
V13059,2024-07-03,Active,3,,55+
V13060,2022-10-02,Active,24,,18-24
V13061,2022-10-02,Cancelled,24,,45-54
V13062,2024-04-04,Active,6,,25-34
V13063,2024-04-04,Active,6,,35-44
V13064,2024-07-03,Active,3,,25-34
V13065,2024-09-01,Active,1,,45-54
V13066,2022-10-02,Active,24,,35-44
V13067,2024-09-01,Active,1,,25-34
V13068,2024-04-04,Cancelled,6,SH2008,25-34
V13069,2024-04-04,Active,6,,25-34
V13070,2024-09-01,Cancelled,1,,25-34
V13071,2023-10-02,Active,12,,25-34
V13072,2024-04-04,Active,6,,35-44
V13073,2024-04-04,Cancelled,6,SH2040,45-54
V13074,2024-07-03,Active,3,,35-44
V13075,2023-10-02,Active,12,,25-34
V13076,2023-10-02,Paused,12,,35-44
V13077,2024-07-03,Active,3,,35-44
V13078,2024-07-03,Cancelled,3,,25-34
V13079,2023-10-02,Active,12,,35-44
V13080,2024-04-04,Active,6,,45-54
V13081,2023-10-02,Cancelled,12,,45-54
V13082,2023-10-02,Active,12,,25-34
V13083,2023-10-02,Active,12,,25-34
V13084,2024-07-03,Cancelled,3,,45-54
V13085,2024-04-04,Active,6,,35-44
V13086,2024-04-04,Active,6,,25-34
V13087,2024-04-04,Active,6,,25-34
V13088,2021-10-02,Active,36,,25-34
V13089,2024-04-04,Active,6,,25-34
V13090,2024-07-03,Active,3,,25-34
V13091,2023-10-02,Active,12,,18-24
V13092,2023-10-02,Active,12,,45-54
V13093,2022-10-02,Active,24,,55+
V13094,2023-10-02,Cancelled,12,SH2029,35-44
V13095,2024-04-04,Cancelled,6,,18-24
V13096,2023-10-02,Active,12,,55+
V13097,2022-10-02,Active,24,,25-34
V13098,2024-04-04,Active,6,,25-34
V13099,2024-04-04,Active,6,,55+
V13100,2024-09-01,Cancelled,1,,25-34
V13101,2022-10-02,Active,24,,25-34
V13102,2024-04-04,Active,6,,55+
V13103,2022-10-02,Active,24,,18-24
V13104,2024-04-04,Active,6,,35-44
V13105,2024-09-01,Active,1,,18-24
V13106,2024-07-03,Active,3,,25-34
V13107,2021-10-02,Cancelled,36,SH2006,25-34
V13108,2023-10-02,Cancelled,12,,25-34
V13109,2024-09-01,Active,1,,18-24
V13110,2024-09-01,Active,1,,35-44
V13111,2024-04-04,Active,6,,55+
V13112,2024-07-03,Active,3,,55+
V13113,2024-04-04,Active,6,,18-24
V13114,2023-10-02,Active,12,,45-54
V13115,2024-07-03,Active,3,,45-54
V13116,2021-10-02,Active,36,,45-54
V13117,2024-07-03,Active,3,,25-34
V13118,2023-10-02,Active,12,,25-34
V13119,2024-09-01,Active,1,,55+
V13120,2021-10-02,Cancelled,36,,25-34
V13121,2023-10-02,Paused,12,,25-34
V13122,2022-10-02,Paused,24,,45-54
V13123,2024-07-03,Active,3,,25-34
V13124,2024-04-04,Active,6,,25-34
V13125,2023-10-02,Active,12,,25-34
V13126,2023-10-02,Active,12,,45-54
V13127,2024-07-03,Active,3,,35-44
V13128,2024-09-01,Cancelled,1,,25-34
V13129,2024-04-04,Active,6,,25-34
V13130,2022-10-02,Active,24,,55+
V13131,2024-04-04,Active,6,,18-24
V13132,2024-04-04,Active,6,,18-24
V13133,2024-07-03,Cancelled,3,,18-24
V13134,2023-10-02,Active,12,,25-34
V13135,2024-09-01,Cancelled,1,,18-24
V13136,2024-04-04,Active,6,,25-34
V13137,2022-10-02,Active,24,,55+
V13138,2022-10-02,Active,24,,25-34
V13139,2024-04-04,Active,6,,25-34
V13140,2021-10-02,Active,36,,25-34
V13141,2023-10-02,Active,12,,45-54
V13142,2024-04-04,Active,6,,25-34
V13143,2022-10-02,Active,24,,55+
V13144,2024-09-01,Active,1,,25-34
V13145,2024-04-04,Active,6,,25-34
V13146,2023-10-02,Active,12,,25-34
V13147,2024-04-04,Active,6,,25-34
V13148,2024-07-03,Active,3,,35-44
V13149,2022-10-02,Active,24,,25-34
V13150,2022-10-02,Paused,24,,35-44
V13151,2021-10-02,Active,36,,35-44
V13152,2024-04-04,Active,6,,18-24
V13153,2022-10-02,Cancelled,24,,35-44
V13154,2024-07-03,Active,3,,25-34
V13155,2023-10-02,Cancelled,12,SH2011,18-24
V13156,2021-10-02,Cancelled,36,,55+
V13157,2024-04-04,Active,6,,25-34
V13158,2024-09-01,Active,1,,35-44
V13159,2024-04-04,Paused,6,,55+
V13160,2024-07-03,Active,3,,25-34
V13161,2024-04-04,Cancelled,6,,35-44
V13162,2022-10-02,Cancelled,24,,18-24
V13163,2024-04-04,Active,6,,18-24
V13164,2024-04-04,Active,6,,25-34
V13165,2023-10-02,Cancelled,12,SH2042,25-34
V13166,2024-09-01,Cancelled,1,,45-54
V13167,2024-09-01,Active,1,,45-54
V13168,2023-10-02,Active,12,,25-34
V13169,2024-04-04,Active,6,,25-34
V13170,2023-10-02,Cancelled,12,SH2040,25-34
V13171,2024-07-03,Cancelled,3,,25-34
V13172,2024-04-04,Active,6,,25-34
V13173,2024-09-01,Active,1,,25-34
V13174,2024-04-04,Active,6,,25-34
V13175,2023-10-02,Active,12,,35-44
V13176,2023-10-02,Active,12,,35-44
V13177,2022-10-02,Active,24,,25-34
V13178,2023-10-02,Active,12,,18-24
V13179,2022-10-02,Active,24,,35-44
V13180,2023-10-02,Paused,12,,18-24
V13181,2024-04-04,Active,6,,25-34
V13182,2024-09-01,Active,1,,25-34
V13183,2024-09-01,Active,1,,35-44
V13184,2023-10-02,Cancelled,12,,25-34
V13185,2022-10-02,Active,24,,25-34
V13186,2024-04-04,Active,6,,35-44
V13187,2024-04-04,Active,6,,35-44
V13188,2024-09-01,Cancelled,1,,25-34
V13189,2024-09-01,Paused,1,,18-24
V13190,2024-07-03,Active,3,,35-44
V13191,2022-10-02,Active,24,,55+
V13192,2024-04-04,Active,6,,45-54
V13193,2024-07-03,Active,3,,55+
V13194,2022-10-02,Paused,24,,55+
V13195,2024-09-01,Cancelled,1,,25-34
V13196,2024-04-04,Active,6,,35-44
V13197,2024-07-03,Active,3,,45-54
V13198,2022-10-02,Active,24,,45-54
V13199,2023-10-02,Active,12,,25-34
V13200,2022-10-02,Active,24,,35-44
V13201,2023-10-02,Active,12,,25-34
V13202,2024-07-03,Active,3,,35-44
V13203,2022-10-02,Active,24,,25-34
V13204,2023-10-02,Cancelled,12,,35-44
V13205,2024-04-04,Cancelled,6,,18-24
V13206,2024-04-04,Active,6,,55+
V13207,2022-10-02,Active,24,,25-34
V13208,2024-04-04,Active,6,,35-44
V13209,2022-10-02,Paused,24,,35-44
V13210,2022-10-02,Active,24,,25-34
V13211,2024-04-04,Active,6,,35-44
V13212,2024-07-03,Active,3,,25-34
V13213,2021-10-02,Active,36,,45-54
V13214,2023-10-02,Active,12,,35-44
V13215,2022-10-02,Active,24,,55+
V13216,2024-07-03,Active,3,,45-54
V13217,2022-10-02,Paused,24,,35-44
V13218,2022-10-02,Cancelled,24,,45-54
V13219,2024-04-04,Cancelled,6,,25-34
V13220,2024-04-04,Active,6,,25-34
V13221,2024-09-01,Cancelled,1,,25-34
V13222,2024-09-01,Active,1,,25-34
V13223,2023-10-02,Active,12,,55+
V13224,2024-07-03,Active,3,,25-34
V13225,2024-09-01,Cancelled,1,,45-54
V13226,2024-07-03,Active,3,,25-34
V13227,2021-10-02,Active,36,,35-44
V13228,2024-04-04,Active,6,,25-34
V13229,2024-09-01,Cancelled,1,,25-34
V13230,2024-09-01,Paused,1,,25-34
V13231,2022-10-02,Cancelled,24,,55+
V13232,2023-10-02,Active,12,,25-34
V13233,2024-04-04,Active,6,,55+
V13234,2024-09-01,Active,1,,35-44
V13235,2024-04-04,Active,6,,18-24
V13236,2024-04-04,Active,6,,55+
V13237,2023-10-02,Paused,12,,18-24
V13238,2024-07-03,Active,3,,18-24
V13239,2024-07-03,Active,3,,25-34
V13240,2024-04-04,Cancelled,6,,35-44
V13241,2024-04-04,Active,6,,25-34
V13242,2023-10-02,Active,12,,45-54
V13243,2023-10-02,Active,12,,25-34
V13244,2024-07-03,Cancelled,3,SH2036,25-34
V13245,2024-04-04,Active,6,,18-24
V13246,2023-10-02,Active,12,,35-44
V13247,2024-09-01,Cancelled,1,,25-34
V13248,2024-07-03,Active,3,,25-34
V13249,2023-10-02,Active,12,,45-54
V13250,2024-09-01,Active,1,,25-34
V13251,2024-09-01,Active,1,,55+
V13252,2021-10-02,Active,36,,25-34
V13253,2024-07-03,Active,3,,18-24
V13254,2022-10-02,Active,24,,55+
V13255,2024-04-04,Cancelled,6,,18-24
V13256,2024-07-03,Active,3,,45-54
V13257,2024-07-03,Active,3,,25-34
V13258,2024-07-03,Active,3,,25-34
V13259,2024-04-04,Active,6,,35-44
V13260,2024-07-03,Cancelled,3,,45-54
V13261,2024-04-04,Active,6,,35-44
V13262,2023-10-02,Active,12,,35-44
V13263,2024-07-03,Active,3,,35-44
V13264,2023-10-02,Active,12,,35-44
V13265,2022-10-02,Active,24,,35-44
V13266,2024-09-01,Active,1,,25-34
V13267,2024-04-04,Cancelled,6,,25-34
V13268,2024-07-03,Active,3,,55+
V13269,2023-10-02,Active,12,,35-44
V13270,2023-10-02,Active,12,,18-24
V13271,2024-04-04,Active,6,,45-54
V13272,2023-10-02,Active,12,,25-34
V13273,2024-07-03,Active,3,,55+
V13274,2024-07-03,Active,3,,55+
V13275,2024-04-04,Cancelled,6,,18-24
V13276,2024-04-04,Cancelled,6,,18-24
V13277,2023-10-02,Active,12,,35-44
V13278,2024-09-01,Active,1,,35-44
V13279,2023-10-02,Paused,12,,35-44
V13280,2024-04-04,Cancelled,6,,18-24
V13281,2024-07-03,Active,3,,45-54
V13282,2024-04-04,Active,6,,25-34
V13283,2024-04-04,Active,6,,35-44
V13284,2024-04-04,Cancelled,6,SH2031,25-34
V13285,2024-04-04,Active,6,,18-24
V13286,2023-10-02,Active,12,,25-34
V13287,2022-10-02,Active,24,,25-34
V13288,2024-04-04,Active,6,,55+
V13289,2024-04-04,Active,6,,25-34
V13290,2023-10-02,Active,12,,35-44
V13291,2024-09-01,Active,1,,45-54
V13292,2024-09-01,Cancelled,1,,18-24
V13293,2024-04-04,Active,6,,25-34
V13294,2024-09-01,Active,1,,18-24
V13295,2024-07-03,Active,3,,35-44
V13296,2023-10-02,Active,12,,35-44
V13297,2024-04-04,Active,6,,25-34
V13298,2022-10-02,Active,24,,18-24
V13299,2023-10-02,Active,12,,45-54
V13300,2022-10-02,Active,24,,18-24
V13301,2024-04-04,Active,6,,25-34
V13302,2023-10-02,Active,12,,25-34
V13303,2024-09-01,Cancelled,1,,25-34
V13304,2024-04-04,Active,6,,45-54
V13305,2022-10-02,Active,24,,25-34
V13306,2023-10-02,Active,12,,25-34
V13307,2022-10-02,Active,24,,18-24
V13308,2024-09-01,Active,1,,35-44
V13309,2024-07-03,Active,3,,25-34
V13310,2023-10-02,Active,12,,55+
V13311,2024-07-03,Paused,3,,25-34
V13312,2023-10-02,Active,12,,18-24
V13313,2022-10-02,Cancelled,24,,25-34
V13314,2024-04-04,Cancelled,6,,25-34
V13315,2024-04-04,Active,6,,45-54
V13316,2024-07-03,Active,3,,35-44
V13317,2023-10-02,Active,12,,25-34
V13318,2022-10-02,Active,24,,35-44
V13319,2023-10-02,Active,12,,55+
V13320,2023-10-02,Active,12,,35-44
V13321,2023-10-02,Active,12,,45-54
V13322,2024-04-04,Active,6,,25-34
V13323,2024-09-01,Active,1,,45-54
V13324,2023-10-02,Active,12,,35-44
V13325,2022-10-02,Active,24,,45-54
V13326,2024-04-04,Cancelled,6,SH2005,35-44
V13327,2024-04-04,Cancelled,6,,35-44
V13328,2024-07-03,Active,3,,18-24
V13329,2022-10-02,Active,24,,55+
V13330,2024-09-01,Active,1,,45-54
V13331,2024-04-04,Active,6,,45-54
V13332,2024-04-04,Active,6,,45-54
V13333,2024-09-01,Cancelled,1,,18-24
V13334,2024-09-01,Active,1,,18-24
V13335,2022-10-02,Active,24,,18-24
V13336,2023-10-02,Active,12,,25-34
V13337,2024-09-01,Active,1,,18-24
V13338,2024-09-01,Active,1,,35-44
V13339,2024-04-04,Active,6,,55+
V13340,2022-10-02,Active,24,,18-24
V13341,2022-10-02,Active,24,,25-34
V13342,2024-04-04,Cancelled,6,,25-34
V13343,2023-10-02,Active,12,,45-54
V13344,2024-09-01,Active,1,,25-34
V13345,2024-04-04,Active,6,,25-34
V13346,2024-09-01,Active,1,,25-34
V13347,2023-10-02,Active,12,,35-44
V13348,2024-07-03,Active,3,,25-34
V13349,2024-07-03,Active,3,,25-34
V13350,2021-10-02,Paused,36,,25-34
V13351,2023-10-02,Active,12,,35-44
V13352,2023-10-02,Active,12,,18-24
V13353,2024-07-03,Active,3,,35-44
V13354,2024-04-04,Active,6,,25-34
V13355,2023-10-02,Active,12,,45-54
V13356,2023-10-02,Active,12,,35-44
V13357,2024-04-04,Active,6,,35-44
V13358,2021-10-02,Active,36,,18-24
V13359,2024-09-01,Paused,1,,18-24
V13360,2024-09-01,Active,1,,55+
V13361,2024-07-03,Active,3,,35-44
V13362,2024-09-01,Cancelled,1,,35-44
V13363,2022-10-02,Paused,24,,25-34
V13364,2024-07-03,Cancelled,3,,25-34
V13365,2022-10-02,Active,24,,55+
V13366,2024-04-04,Active,6,,18-24
V13367,2022-10-02,Active,24,,35-44
V13368,2022-10-02,Active,24,,25-34
V13369,2022-10-02,Active,24,,55+
V13370,2022-10-02,Active,24,,25-34
V13371,2024-07-03,Active,3,,25-34
V13372,2023-10-02,Active,12,,18-24
V13373,2024-07-03,Active,3,,35-44
V13374,2024-09-01,Active,1,,18-24
V13375,2023-10-02,Cancelled,12,,25-34
V13376,2024-04-04,Active,6,,35-44
V13377,2024-07-03,Cancelled,3,,18-24
V13378,2024-09-01,Active,1,,55+
V13379,2024-09-01,Active,1,,25-34
V13380,2024-04-04,Active,6,,18-24
V13381,2023-10-02,Active,12,,35-44
V13382,2024-07-03,Active,3,,35-44
V13383,2024-04-04,Active,6,,25-34
V13384,2024-07-03,Active,3,,25-34
V13385,2024-07-03,Active,3,,35-44
V13386,2024-04-04,Active,6,,25-34
V13387,2024-04-04,Cancelled,6,,35-44
V13388,2022-10-02,Active,24,,18-24
V13389,2023-10-02,Active,12,,35-44
V13390,2023-10-02,Cancelled,12,,25-34
V13391,2023-10-02,Cancelled,12,,45-54
V13392,2024-09-01,Active,1,,25-34
V13393,2024-09-01,Cancelled,1,SH2017,55+
V13394,2023-10-02,Active,12,,45-54
V13395,2024-07-03,Active,3,,35-44
V13396,2024-04-04,Active,6,,18-24
V13397,2024-04-04,Cancelled,6,,55+
V13398,2024-04-04,Active,6,,55+
V13399,2024-07-03,Active,3,,45-54
V13400,2023-10-02,Active,12,,35-44
V13401,2024-07-03,Active,3,,35-44
V13402,2022-10-02,Active,24,,25-34
V13403,2024-07-03,Cancelled,3,,25-34
V13404,2024-07-03,Cancelled,3,,25-34
V13405,2024-04-04,Cancelled,6,,35-44
V13406,2022-10-02,Cancelled,24,,25-34
V13407,2024-09-01,Active,1,,45-54
V13408,2024-07-03,Active,3,,25-34
V13409,2023-10-02,Active,12,,35-44
V13410,2022-10-02,Active,24,,25-34
V13411,2022-10-02,Active,24,,18-24
V13412,2024-09-01,Active,1,,18-24
V13413,2024-09-01,Active,1,,25-34
V13414,2023-10-02,Cancelled,12,SH2050,45-54
V13415,2023-10-02,Cancelled,12,SH2057,35-44
V13416,2022-10-02,Active,24,,25-34
V13417,2023-10-02,Active,12,,25-34
V13418,2024-04-04,Active,6,,18-24
V13419,2024-09-01,Active,1,,18-24
V13420,2023-10-02,Active,12,,25-34
V13421,2024-07-03,Active,3,,18-24
V13422,2024-09-01,Active,1,,55+
V13423,2024-09-01,Active,1,,18-24
V13424,2024-09-01,Active,1,,25-34
V13425,2021-10-02,Cancelled,36,,45-54
V13426,2024-04-04,Active,6,,55+
V13427,2023-10-02,Active,12,,25-34
V13428,2024-09-01,Cancelled,1,,25-34
V13429,2024-09-01,Cancelled,1,,18-24
V13430,2024-09-01,Cancelled,1,SH2049,35-44
V13431,2024-04-04,Active,6,,35-44
V13432,2023-10-02,Cancelled,12,,45-54
V13433,2023-10-02,Cancelled,12,SH2011,25-34
V13434,2024-09-01,Active,1,,45-54
V13435,2024-04-04,Active,6,,25-34
V13436,2024-04-04,Cancelled,6,SH2030,18-24
V13437,2021-10-02,Active,36,,18-24
V13438,2024-04-04,Active,6,,25-34
V13439,2023-10-02,Cancelled,12,,18-24
V13440,2024-07-03,Active,3,,25-34
V13441,2024-04-04,Active,6,,25-34
V13442,2024-09-01,Active,1,,25-34
V13443,2022-10-02,Active,24,,45-54
V13444,2024-04-04,Active,6,,25-34
V13445,2024-09-01,Active,1,,25-34
V13446,2024-07-03,Active,3,,25-34
V13447,2021-10-02,Active,36,,35-44
V13448,2024-07-03,Paused,3,,25-34
V13449,2023-10-02,Active,12,,35-44
V13450,2024-07-03,Active,3,,45-54
V13451,2021-10-02,Active,36,,45-54
V13452,2024-09-01,Cancelled,1,,35-44
V13453,2022-10-02,Cancelled,24,,25-34
V13454,2024-09-01,Cancelled,1,SH2026,35-44
V13455,2022-10-02,Active,24,,45-54
V13456,2024-04-04,Active,6,,25-34
V13457,2022-10-02,Active,24,,45-54
V13458,2024-04-04,Active,6,,35-44
V13459,2024-09-01,Active,1,,25-34
V13460,2023-10-02,Paused,12,,25-34
V13461,2022-10-02,Active,24,,25-34
V13462,2022-10-02,Cancelled,24,SH2050,45-54
V13463,2024-07-03,Paused,3,,35-44
V13464,2024-04-04,Active,6,,25-34
V13465,2023-10-02,Active,12,,45-54
V13466,2024-07-03,Active,3,,35-44
V13467,2024-04-04,Active,6,,25-34
V13468,2024-07-03,Active,3,,35-44
V13469,2024-09-01,Active,1,,25-34
V13470,2024-04-04,Active,6,,55+
V13471,2023-10-02,Active,12,,35-44
V13472,2022-10-02,Active,24,,45-54
V13473,2024-07-03,Cancelled,3,SH2055,35-44
V13474,2023-10-02,Active,12,,25-34
V13475,2022-10-02,Active,24,,25-34
V13476,2024-04-04,Active,6,,25-34
V13477,2024-04-04,Active,6,,25-34
V13478,2023-10-02,Active,12,,55+
V13479,2024-07-03,Active,3,,45-54
V13480,2024-04-04,Active,6,,18-24
V13481,2024-04-04,Active,6,,55+
V13482,2024-07-03,Cancelled,3,,35-44
V13483,2024-04-04,Cancelled,6,SH2040,45-54
V13484,2024-04-04,Active,6,,18-24
V13485,2022-10-02,Active,24,,25-34
V13486,2024-07-03,Active,3,,45-54
V13487,2023-10-02,Cancelled,12,,25-34
V13488,2024-04-04,Cancelled,6,,35-44
V13489,2024-07-03,Active,3,,35-44
V13490,2021-10-02,Active,36,,18-24
V13491,2024-09-01,Cancelled,1,SH2041,25-34
V13492,2022-10-02,Active,24,,35-44
V13493,2023-10-02,Cancelled,12,,18-24
V13494,2024-04-04,Active,6,,25-34
V13495,2024-04-04,Cancelled,6,,35-44
V13496,2024-07-03,Active,3,,45-54
V13497,2023-10-02,Active,12,,35-44
V13498,2022-10-02,Cancelled,24,,18-24
V13499,2024-04-04,Active,6,,45-54
V13500,2024-04-04,Cancelled,6,SH2043,25-34
V13501,2024-07-03,Cancelled,3,,45-54
V13502,2023-10-02,Active,12,,18-24
V13503,2022-10-02,Active,24,,55+
V13504,2024-04-04,Active,6,,25-34
V13505,2024-04-04,Active,6,,25-34
V13506,2023-10-02,Active,12,,25-34
V13507,2024-07-03,Cancelled,3,,35-44
V13508,2021-10-02,Active,36,,25-34
V13509,2022-10-02,Cancelled,24,SH2029,25-34
V13510,2024-07-03,Active,3,,25-34
V13511,2022-10-02,Cancelled,24,,45-54
V13512,2023-10-02,Active,12,,25-34
V13513,2024-09-01,Active,1,,55+
V13514,2024-07-03,Active,3,,55+
V13515,2024-09-01,Cancelled,1,SH2049,25-34
V13516,2023-10-02,Active,12,,45-54
V13517,2024-09-01,Cancelled,1,,35-44
V13518,2024-04-04,Active,6,,25-34
V13519,2024-04-04,Active,6,,25-34
V13520,2024-09-01,Active,1,,35-44
V13521,2024-09-01,Cancelled,1,,35-44
V13522,2022-10-02,Active,24,,45-54
V13523,2024-04-04,Cancelled,6,SH2038,45-54
V13524,2024-04-04,Active,6,,18-24
V13525,2022-10-02,Active,24,,35-44
V13526,2024-09-01,Active,1,,45-54
V13527,2023-10-02,Paused,12,,55+
V13528,2024-04-04,Active,6,,45-54
V13529,2021-10-02,Active,36,,45-54
V13530,2023-10-02,Active,12,,35-44
V13531,2022-10-02,Active,24,,18-24
V13532,2024-07-03,Active,3,,25-34
V13533,2022-10-02,Active,24,,25-34
V13534,2024-07-03,Active,3,,35-44
V13535,2024-07-03,Active,3,,25-34
V13536,2024-04-04,Active,6,,55+
V13537,2024-04-04,Active,6,,35-44
V13538,2024-07-03,Active,3,,25-34
V13539,2024-04-04,Cancelled,6,SH2038,55+
V13540,2024-07-03,Active,3,,25-34
V13541,2021-10-02,Active,36,,25-34
V13542,2021-10-02,Active,36,,35-44
V13543,2024-07-03,Active,3,,35-44
V13544,2024-09-01,Active,1,,25-34
V13545,2024-09-01,Active,1,,35-44
V13546,2024-04-04,Active,6,,35-44
V13547,2024-09-01,Active,1,,45-54
V13548,2024-07-03,Cancelled,3,SH2051,45-54
V13549,2024-04-04,Active,6,,25-34
V13550,2023-10-02,Active,12,,18-24
V13551,2023-10-02,Active,12,,25-34
V13552,2024-04-04,Active,6,,35-44
V13553,2023-10-02,Active,12,,35-44
V13554,2024-07-03,Active,3,,25-34
V13555,2024-07-03,Paused,3,,45-54
V13556,2024-07-03,Active,3,,18-24
V13557,2024-07-03,Active,3,,35-44
V13558,2022-10-02,Active,24,,25-34
V13559,2024-04-04,Active,6,,45-54
V13560,2022-10-02,Cancelled,24,,35-44
V13561,2024-09-01,Active,1,,25-34
V13562,2024-04-04,Active,6,,25-34
V13563,2024-09-01,Active,1,,18-24
V13564,2024-09-01,Active,1,,25-34
V13565,2024-07-03,Paused,3,,25-34
V13566,2024-09-01,Active,1,,45-54
V13567,2023-10-02,Active,12,,35-44
V13568,2023-10-02,Active,12,,35-44
V13569,2022-10-02,Cancelled,24,,35-44
V13570,2023-10-02,Cancelled,12,,18-24
V13571,2024-07-03,Active,3,,45-54
V13572,2024-07-03,Active,3,,18-24
V13573,2024-04-04,Active,6,,25-34
V13574,2024-04-04,Paused,6,,55+
V13575,2024-09-01,Active,1,,18-24
V13576,2024-09-01,Active,1,,55+
V13577,2022-10-02,Active,24,,25-34
V13578,2024-07-03,Active,3,,35-44
V13579,2024-07-03,Cancelled,3,,25-34
V13580,2023-10-02,Active,12,,45-54
V13581,2022-10-02,Active,24,,25-34
V13582,2022-10-02,Active,24,,18-24
V13583,2024-04-04,Cancelled,6,,45-54
V13584,2024-04-04,Active,6,,35-44
V13585,2023-10-02,Active,12,,25-34
V13586,2024-09-01,Active,1,,45-54
V13587,2023-10-02,Paused,12,,18-24
V13588,2022-10-02,Cancelled,24,,25-34
V13589,2024-07-03,Cancelled,3,,45-54
V13590,2024-04-04,Active,6,,35-44
V13591,2024-04-04,Cancelled,6,,45-54
V13592,2024-09-01,Cancelled,1,,55+
V13593,2024-09-01,Active,1,,18-24
V13594,2023-10-02,Active,12,,55+
V13595,2024-04-04,Active,6,,35-44
V13596,2022-10-02,Cancelled,24,,45-54
V13597,2023-10-02,Cancelled,12,SH2012,25-34
V13598,2024-04-04,Active,6,,45-54
V13599,2021-10-02,Paused,36,,25-34
V13600,2023-10-02,Active,12,,25-34
V13601,2024-04-04,Active,6,,45-54
V13602,2024-07-03,Active,3,,25-34
V13603,2024-04-04,Cancelled,6,,35-44
V13604,2024-04-04,Active,6,,25-34
V13605,2021-10-02,Paused,36,,35-44
V13606,2024-07-03,Active,3,,25-34
V13607,2022-10-02,Active,24,,45-54
V13608,2023-10-02,Active,12,,18-24
V13609,2024-09-01,Active,1,,25-34
V13610,2023-10-02,Active,12,,25-34
V13611,2024-07-03,Active,3,,35-44
V13612,2024-04-04,Active,6,,45-54
V13613,2024-04-04,Active,6,,35-44
V13614,2022-10-02,Active,24,,25-34
V13615,2024-04-04,Cancelled,6,,35-44
V13616,2022-10-02,Cancelled,24,SH2052,25-34
V13617,2023-10-02,Active,12,,25-34
V13618,2024-09-01,Active,1,,18-24
V13619,2024-07-03,Active,3,,18-24
V13620,2024-09-01,Cancelled,1,,45-54
V13621,2024-09-01,Active,1,,25-34
V13622,2024-09-01,Active,1,,18-24
V13623,2024-04-04,Cancelled,6,,45-54
V13624,2024-04-04,Active,6,,25-34
V13625,2024-07-03,Active,3,,45-54
V13626,2024-04-04,Cancelled,6,,25-34
V13627,2024-09-01,Active,1,,45-54
V13628,2023-10-02,Active,12,,18-24
V13629,2024-04-04,Active,6,,25-34
V13630,2021-10-02,Active,36,,25-34
V13631,2024-09-01,Active,1,,35-44
V13632,2022-10-02,Active,24,,25-34
V13633,2024-09-01,Paused,1,,55+
V13634,2024-04-04,Active,6,,35-44
V13635,2022-10-02,Active,24,,35-44
V13636,2024-09-01,Active,1,,18-24
V13637,2022-10-02,Active,24,,45-54
V13638,2024-09-01,Cancelled,1,SH2047,45-54
V13639,2024-07-03,Active,3,,18-24
V13640,2022-10-02,Active,24,,18-24
V13641,2024-04-04,Active,6,,45-54
V13642,2021-10-02,Active,36,,18-24
V13643,2023-10-02,Active,12,,25-34
V13644,2024-07-03,Active,3,,25-34
V13645,2023-10-02,Active,12,,45-54
V13646,2024-04-04,Active,6,,45-54
V13647,2024-04-04,Active,6,,35-44
V13648,2024-04-04,Cancelled,6,,25-34
V13649,2024-09-01,Active,1,,55+
V13650,2022-10-02,Active,24,,25-34
V13651,2024-07-03,Active,3,,45-54
V13652,2023-10-02,Active,12,,45-54
V13653,2024-04-04,Active,6,,35-44
V13654,2021-10-02,Cancelled,36,,35-44
V13655,2022-10-02,Active,24,,25-34
V13656,2021-10-02,Cancelled,36,,25-34
V13657,2024-04-04,Active,6,,55+
V13658,2024-04-04,Cancelled,6,,25-34
V13659,2024-09-01,Cancelled,1,,35-44
V13660,2024-09-01,Active,1,,18-24
V13661,2024-07-03,Active,3,,35-44
V13662,2023-10-02,Active,12,,25-34
V13663,2024-07-03,Active,3,,45-54
V13664,2023-10-02,Active,12,,25-34
V13665,2022-10-02,Active,24,,35-44
V13666,2024-04-04,Active,6,,55+
V13667,2023-10-02,Active,12,,45-54
V13668,2023-10-02,Active,12,,25-34
V13669,2024-07-03,Active,3,,35-44
V13670,2024-07-03,Cancelled,3,SH2055,55+
V13671,2023-10-02,Active,12,,45-54
V13672,2022-10-02,Active,24,,45-54
V13673,2024-07-03,Active,3,,35-44
V13674,2024-07-03,Active,3,,35-44
V13675,2024-07-03,Cancelled,3,,35-44
V13676,2024-07-03,Cancelled,3,SH2027,45-54
V13677,2023-10-02,Active,12,,45-54
V13678,2023-10-02,Paused,12,,35-44
V13679,2024-07-03,Active,3,,35-44
V13680,2024-09-01,Active,1,,18-24
V13681,2024-07-03,Active,3,,25-34
V13682,2024-09-01,Active,1,,35-44
V13683,2024-07-03,Active,3,,18-24
V13684,2024-04-04,Active,6,,25-34
V13685,2023-10-02,Active,12,,25-34
V13686,2024-07-03,Active,3,,45-54
V13687,2023-10-02,Active,12,,25-34
V13688,2024-04-04,Cancelled,6,,18-24
V13689,2023-10-02,Active,12,,18-24
V13690,2023-10-02,Active,12,,18-24
V13691,2024-07-03,Cancelled,3,,35-44
V13692,2024-09-01,Active,1,,35-44
V13693,2023-10-02,Active,12,,25-34
V13694,2024-04-04,Active,6,,55+
V13695,2024-04-04,Active,6,,25-34
V13696,2022-10-02,Active,24,,25-34
V13697,2023-10-02,Active,12,,45-54
V13698,2024-09-01,Cancelled,1,SH2044,18-24
V13699,2022-10-02,Cancelled,24,,45-54
V13700,2024-07-03,Active,3,,35-44
V13701,2022-10-02,Active,24,,18-24
V13702,2024-09-01,Active,1,,35-44
V13703,2024-07-03,Active,3,,25-34
V13704,2024-09-01,Active,1,,25-34
V13705,2024-04-04,Active,6,,25-34
V13706,2022-10-02,Active,24,,25-34
V13707,2024-07-03,Active,3,,18-24
V13708,2024-09-01,Active,1,,35-44
V13709,2024-04-04,Cancelled,6,,18-24
V13710,2024-09-01,Active,1,,18-24
V13711,2022-10-02,Active,24,,18-24
V13712,2023-10-02,Active,12,,45-54
V13713,2023-10-02,Active,12,,25-34
V13714,2024-09-01,Active,1,,25-34
V13715,2024-04-04,Paused,6,,25-34
V13716,2021-10-02,Active,36,,25-34
V13717,2024-04-04,Active,6,,25-34
V13718,2024-09-01,Active,1,,45-54
V13719,2023-10-02,Active,12,,25-34
V13720,2022-10-02,Paused,24,,18-24
V13721,2024-09-01,Cancelled,1,,45-54
V13722,2022-10-02,Active,24,,25-34
V13723,2023-10-02,Active,12,,55+
V13724,2024-07-03,Active,3,,45-54
V13725,2024-07-03,Active,3,,45-54
V13726,2024-04-04,Active,6,,45-54
V13727,2024-07-03,Paused,3,,35-44
V13728,2024-04-04,Active,6,,55+
V13729,2024-07-03,Active,3,,25-34
V13730,2024-07-03,Active,3,,55+
V13731,2022-10-02,Active,24,,25-34
V13732,2023-10-02,Active,12,,45-54
V13733,2022-10-02,Cancelled,24,,25-34
V13734,2024-09-01,Active,1,,25-34
V13735,2022-10-02,Cancelled,24,,55+
V13736,2024-09-01,Active,1,,18-24
V13737,2024-07-03,Active,3,,35-44
V13738,2023-10-02,Active,12,,18-24
V13739,2024-09-01,Active,1,,25-34
V13740,2023-10-02,Cancelled,12,,25-34
V13741,2024-07-03,Paused,3,,25-34
V13742,2022-10-02,Cancelled,24,SH2032,45-54
V13743,2024-07-03,Cancelled,3,SH2054,18-24
V13744,2022-10-02,Active,24,,35-44
V13745,2021-10-02,Active,36,,25-34
V13746,2024-04-04,Cancelled,6,,25-34
V13747,2024-04-04,Active,6,,25-34
V13748,2024-09-01,Active,1,,18-24
V13749,2022-10-02,Active,24,,45-54
V13750,2021-10-02,Cancelled,36,,55+
V13751,2024-07-03,Cancelled,3,,45-54
V13752,2023-10-02,Active,12,,18-24
V13753,2023-10-02,Active,12,,25-34
V13754,2024-04-04,Active,6,,18-24
V13755,2022-10-02,Cancelled,24,,35-44
V13756,2021-10-02,Active,36,,35-44
V13757,2024-09-01,Active,1,,35-44
V13758,2023-10-02,Active,12,,25-34
V13759,2024-04-04,Active,6,,35-44
V13760,2024-07-03,Active,3,,25-34
V13761,2024-07-03,Active,3,,35-44
V13762,2024-09-01,Active,1,,35-44
V13763,2024-07-03,Active,3,,25-34
V13764,2024-07-03,Active,3,,45-54
V13765,2023-10-02,Active,12,,35-44
V13766,2023-10-02,Cancelled,12,SH2037,35-44
V13767,2022-10-02,Active,24,,35-44
V13768,2024-07-03,Active,3,,55+
V13769,2024-09-01,Cancelled,1,SH2047,35-44
V13770,2024-04-04,Active,6,,55+
V13771,2024-07-03,Active,3,,18-24
V13772,2024-04-04,Active,6,,35-44
V13773,2024-07-03,Active,3,,45-54
V13774,2024-09-01,Active,1,,25-34
V13775,2023-10-02,Active,12,,35-44
V13776,2023-10-02,Active,12,,25-34
V13777,2024-09-01,Active,1,,45-54
V13778,2021-10-02,Cancelled,36,,45-54
V13779,2023-10-02,Active,12,,35-44
V13780,2024-07-03,Active,3,,45-54
V13781,2024-04-04,Active,6,,25-34
V13782,2022-10-02,Active,24,,35-44
V13783,2024-04-04,Active,6,,18-24
V13784,2024-04-04,Cancelled,6,,25-34
V13785,2024-09-01,Active,1,,18-24
V13786,2024-04-04,Active,6,,45-54
V13787,2024-04-04,Active,6,,35-44
V13788,2023-10-02,Active,12,,35-44
V13789,2022-10-02,Active,24,,35-44
V13790,2022-10-02,Active,24,,35-44
V13791,2024-07-03,Active,3,,35-44
V13792,2023-10-02,Cancelled,12,,25-34
V13793,2024-07-03,Active,3,,25-34
V13794,2024-04-04,Active,6,,25-34
V13795,2024-04-04,Paused,6,,45-54
V13796,2024-09-01,Cancelled,1,,35-44
V13797,2024-07-03,Active,3,,45-54
V13798,2024-07-03,Cancelled,3,,45-54
V13799,2024-07-03,Active,3,,25-34
V13800,2021-10-02,Active,36,,35-44
V13801,2024-04-04,Active,6,,25-34
V13802,2024-04-04,Cancelled,6,,18-24
V13803,2023-10-02,Active,12,,35-44
V13804,2024-07-03,Active,3,,45-54
V13805,2024-07-03,Active,3,,18-24
V13806,2023-10-02,Active,12,,35-44
V13807,2024-09-01,Paused,1,,25-34
V13808,2023-10-02,Active,12,,45-54
V13809,2024-07-03,Cancelled,3,,25-34
V13810,2023-10-02,Cancelled,12,,35-44
V13811,2024-07-03,Cancelled,3,,18-24
V13812,2024-04-04,Active,6,,25-34
V13813,2024-04-04,Active,6,,25-34
V13814,2024-09-01,Active,1,,18-24
V13815,2024-07-03,Active,3,,25-34
V13816,2022-10-02,Cancelled,24,,18-24
V13817,2023-10-02,Active,12,,35-44
V13818,2024-07-03,Active,3,,25-34
V13819,2024-09-01,Active,1,,25-34
V13820,2024-07-03,Active,3,,45-54
V13821,2022-10-02,Active,24,,25-34
V13822,2024-04-04,Active,6,,18-24
V13823,2024-04-04,Active,6,,35-44
V13824,2022-10-02,Cancelled,24,SH2029,25-34
V13825,2024-07-03,Active,3,,55+
V13826,2023-10-02,Active,12,,18-24
V13827,2024-07-03,Active,3,,35-44
V13828,2022-10-02,Cancelled,24,,25-34
V13829,2024-07-03,Active,3,,55+
V13830,2024-04-04,Active,6,,25-34
V13831,2024-09-01,Active,1,,35-44
V13832,2023-10-02,Active,12,,35-44
V13833,2022-10-02,Active,24,,35-44
V13834,2024-04-04,Active,6,,45-54
V13835,2021-10-02,Active,36,,25-34
V13836,2024-07-03,Active,3,,35-44
V13837,2022-10-02,Active,24,,25-34
V13838,2024-07-03,Active,3,,25-34
V13839,2024-07-03,Active,3,,18-24
V13840,2024-04-04,Cancelled,6,,25-34
V13841,2023-10-02,Active,12,,25-34
V13842,2024-07-03,Cancelled,3,,45-54
V13843,2024-09-01,Active,1,,18-24
V13844,2024-04-04,Active,6,,25-34
V13845,2023-10-02,Active,12,,45-54
V13846,2023-10-02,Active,12,,35-44
V13847,2023-10-02,Active,12,,25-34
V13848,2024-04-04,Cancelled,6,SH2045,35-44
V13849,2024-07-03,Active,3,,25-34
V13850,2021-10-02,Active,36,,35-44
V13851,2024-09-01,Active,1,,18-24
V13852,2024-04-04,Active,6,,35-44
V13853,2024-09-01,Cancelled,1,SH2034,18-24
V13854,2022-10-02,Active,24,,45-54
V13855,2024-04-04,Active,6,,25-34
V13856,2024-07-03,Active,3,,35-44
V13857,2024-09-01,Active,1,,18-24
V13858,2023-10-02,Active,12,,18-24
V13859,2024-04-04,Active,6,,55+
V13860,2022-10-02,Active,24,,55+
V13861,2022-10-02,Cancelled,24,,35-44
V13862,2024-07-03,Active,3,,35-44
V13863,2024-07-03,Active,3,,25-34
V13864,2024-07-03,Active,3,,55+
V13865,2023-10-02,Active,12,,35-44
V13866,2024-04-04,Active,6,,45-54
V13867,2024-07-03,Active,3,,45-54
V13868,2024-07-03,Active,3,,18-24
V13869,2024-09-01,Active,1,,18-24
V13870,2023-10-02,Cancelled,12,,25-34
V13871,2024-07-03,Active,3,,25-34
V13872,2023-10-02,Active,12,,35-44
V13873,2023-10-02,Active,12,,35-44
V13874,2022-10-02,Active,24,,25-34
V13875,2023-10-02,Active,12,,25-34
V13876,2024-04-04,Active,6,,25-34
V13877,2024-07-03,Cancelled,3,,45-54
V13878,2023-10-02,Cancelled,12,SH2020,18-24
V13879,2024-04-04,Active,6,,35-44
V13880,2024-04-04,Active,6,,35-44
V13881,2021-10-02,Active,36,,35-44
V13882,2024-04-04,Active,6,,35-44
V13883,2024-07-03,Active,3,,25-34
V13884,2024-07-03,Active,3,,25-34
V13885,2023-10-02,Cancelled,12,,25-34
V13886,2022-10-02,Active,24,,25-34
V13887,2023-10-02,Active,12,,18-24
V13888,2024-04-04,Active,6,,55+
V13889,2024-07-03,Paused,3,,25-34
V13890,2024-07-03,Active,3,,35-44
V13891,2024-07-03,Active,3,,45-54
V13892,2021-10-02,Active,36,,18-24
V13893,2023-10-02,Active,12,,18-24
V13894,2022-10-02,Active,24,,35-44
V13895,2024-04-04,Active,6,,25-34
V13896,2023-10-02,Paused,12,,25-34
V13897,2024-04-04,Active,6,,45-54
V13898,2021-10-02,Cancelled,36,,35-44
V13899,2024-07-03,Active,3,,35-44
V13900,2024-04-04,Cancelled,6,SH2042,35-44
V13901,2024-07-03,Active,3,,45-54
V13902,2023-10-02,Active,12,,25-34
V13903,2024-07-03,Paused,3,,35-44
V13904,2024-04-04,Active,6,,45-54
V13905,2024-07-03,Active,3,,35-44
V13906,2023-10-02,Active,12,,45-54
V13907,2024-04-04,Active,6,,55+
V13908,2024-04-04,Active,6,,35-44
V13909,2024-04-04,Active,6,,45-54
V13910,2022-10-02,Active,24,,25-34
V13911,2024-09-01,Active,1,,25-34
V13912,2024-07-03,Paused,3,,45-54
V13913,2023-10-02,Active,12,,25-34
V13914,2021-10-02,Active,36,,18-24
V13915,2024-04-04,Cancelled,6,SH2036,45-54
V13916,2024-07-03,Cancelled,3,,18-24
V13917,2024-07-03,Cancelled,3,,45-54
V13918,2023-10-02,Active,12,,35-44
V13919,2024-07-03,Active,3,,45-54
V13920,2024-07-03,Cancelled,3,,25-34
V13921,2022-10-02,Active,24,,35-44
V13922,2023-10-02,Cancelled,12,,25-34
V13923,2024-04-04,Active,6,,18-24
V13924,2024-07-03,Active,3,,45-54
V13925,2023-10-02,Active,12,,18-24
V13926,2024-07-03,Active,3,,35-44
V13927,2024-09-01,Active,1,,55+
V13928,2023-10-02,Cancelled,12,SH2043,35-44
V13929,2024-07-03,Active,3,,25-34
V13930,2022-10-02,Active,24,,25-34
V13931,2022-10-02,Active,24,,25-34
V13932,2024-04-04,Active,6,,55+
V13933,2022-10-02,Active,24,,55+
V13934,2024-09-01,Active,1,,45-54
V13935,2024-07-03,Active,3,,25-34
V13936,2024-04-04,Active,6,,35-44
V13937,2024-07-03,Active,3,,55+
V13938,2022-10-02,Active,24,,55+
V13939,2023-10-02,Active,12,,18-24
V13940,2024-07-03,Active,3,,25-34
V13941,2024-04-04,Active,6,,55+
V13942,2024-07-03,Cancelled,3,SH2014,55+
V13943,2024-07-03,Cancelled,3,,35-44
V13944,2024-09-01,Cancelled,1,SH2041,55+
V13945,2022-10-02,Active,24,,18-24
V13946,2021-10-02,Active,36,,55+
V13947,2024-04-04,Active,6,,35-44
V13948,2021-10-02,Paused,36,,25-34
V13949,2024-07-03,Active,3,,35-44
V13950,2023-10-02,Active,12,,55+
V13951,2023-10-02,Cancelled,12,,35-44
V13952,2021-10-02,Active,36,,45-54
V13953,2021-10-02,Active,36,,35-44
V13954,2024-09-01,Active,1,,25-34
V13955,2024-07-03,Active,3,,25-34
V13956,2024-04-04,Active,6,,18-24
V13957,2024-09-01,Active,1,,35-44
V13958,2024-04-04,Active,6,,45-54
V13959,2024-04-04,Active,6,,55+
V13960,2022-10-02,Active,24,,35-44
V13961,2024-07-03,Active,3,,55+
V13962,2024-04-04,Cancelled,6,,25-34
V13963,2024-04-04,Active,6,,35-44
V13964,2024-07-03,Active,3,,45-54
V13965,2024-07-03,Cancelled,3,SH2040,25-34
V13966,2024-04-04,Active,6,,35-44
V13967,2024-04-04,Cancelled,6,,35-44
V13968,2022-10-02,Active,24,,35-44
V13969,2021-10-02,Active,36,,45-54
V13970,2023-10-02,Cancelled,12,SH2018,55+
V13971,2022-10-02,Cancelled,24,,25-34
V13972,2024-04-04,Active,6,,45-54
V13973,2024-04-04,Active,6,,25-34
V13974,2021-10-02,Cancelled,36,SH2001,45-54
V13975,2024-07-03,Active,3,,25-34
V13976,2024-04-04,Active,6,,25-34
V13977,2024-07-03,Cancelled,3,,35-44
V13978,2024-04-04,Cancelled,6,SH2000,55+
V13979,2024-09-01,Active,1,,18-24
V13980,2024-04-04,Active,6,,35-44
V13981,2024-07-03,Active,3,,35-44
V13982,2022-10-02,Active,24,,35-44
V13983,2022-10-02,Active,24,,25-34
V13984,2024-07-03,Cancelled,3,,25-34
V13985,2022-10-02,Active,24,,35-44
V13986,2024-09-01,Active,1,,35-44
V13987,2023-10-02,Active,12,,45-54
V13988,2024-07-03,Active,3,,25-34
V13989,2024-07-03,Paused,3,,35-44
V13990,2024-04-04,Active,6,,25-34
V13991,2024-04-04,Active,6,,55+
V13992,2022-10-02,Active,24,,25-34
V13993,2024-09-01,Active,1,,25-34
V13994,2024-04-04,Active,6,,35-44
V13995,2023-10-02,Active,12,,45-54
V13996,2024-07-03,Active,3,,45-54
V13997,2024-04-04,Cancelled,6,,18-24
V13998,2024-04-04,Active,6,,45-54
V13999,2023-10-02,Cancelled,12,,25-34
V14000,2023-10-02,Active,12,,55+
V14001,2024-07-03,Active,3,,35-44
V14002,2022-10-02,Cancelled,24,SH2048,25-34
V14003,2022-10-02,Paused,24,,55+
V14004,2022-10-02,Active,24,,18-24
V14005,2024-04-04,Active,6,,45-54
V14006,2021-10-02,Active,36,,25-34
V14007,2024-07-03,Active,3,,35-44
V14008,2024-04-04,Cancelled,6,,35-44
V14009,2023-10-02,Cancelled,12,,18-24
V14010,2023-10-02,Active,12,,25-34
V14011,2022-10-02,Active,24,,25-34
V14012,2024-07-03,Active,3,,45-54
V14013,2024-04-04,Active,6,,55+
V14014,2023-10-02,Cancelled,12,SH2003,25-34
V14015,2024-04-04,Active,6,,25-34
V14016,2022-10-02,Active,24,,18-24
V14017,2023-10-02,Active,12,,25-34
V14018,2023-10-02,Active,12,,25-34
V14019,2023-10-02,Cancelled,12,SH2016,35-44
V14020,2024-04-04,Active,6,,25-34
V14021,2023-10-02,Active,12,,25-34
V14022,2024-04-04,Active,6,,55+
V14023,2024-04-04,Cancelled,6,,45-54
V14024,2024-09-01,Cancelled,1,SH2045,18-24
V14025,2024-07-03,Active,3,,35-44
V14026,2024-04-04,Paused,6,,18-24
V14027,2023-10-02,Paused,12,,45-54
V14028,2024-07-03,Active,3,,25-34
V14029,2023-10-02,Active,12,,25-34
V14030,2024-04-04,Active,6,,25-34
V14031,2022-10-02,Cancelled,24,,18-24
V14032,2024-07-03,Active,3,,55+
V14033,2022-10-02,Active,24,,25-34
V14034,2024-07-03,Active,3,,18-24
V14035,2024-04-04,Active,6,,25-34
V14036,2024-07-03,Paused,3,,35-44
V14037,2024-07-03,Active,3,,35-44
V14038,2024-07-03,Active,3,,45-54
V14039,2023-10-02,Active,12,,35-44
V14040,2022-10-02,Cancelled,24,,35-44
V14041,2024-04-04,Active,6,,35-44
V14042,2024-04-04,Active,6,,25-34
V14043,2024-04-04,Cancelled,6,,35-44
V14044,2024-07-03,Active,3,,25-34
V14045,2023-10-02,Active,12,,25-34
V14046,2024-07-03,Active,3,,55+
V14047,2024-07-03,Active,3,,35-44
V14048,2022-10-02,Active,24,,35-44
V14049,2022-10-02,Active,24,,25-34
V14050,2024-04-04,Cancelled,6,,18-24
V14051,2023-10-02,Active,12,,25-34
V14052,2024-04-04,Active,6,,25-34
V14053,2024-04-04,Cancelled,6,,25-34
V14054,2023-10-02,Active,12,,35-44
V14055,2024-09-01,Paused,1,,45-54
V14056,2024-07-03,Active,3,,25-34
V14057,2024-04-04,Active,6,,25-34
V14058,2023-10-02,Active,12,,45-54
V14059,2022-10-02,Active,24,,45-54
V14060,2024-07-03,Active,3,,35-44
V14061,2024-04-04,Active,6,,45-54
V14062,2021-10-02,Active,36,,45-54
V14063,2024-09-01,Active,1,,35-44
V14064,2024-04-04,Active,6,,25-34
V14065,2023-10-02,Active,12,,35-44
V14066,2024-07-03,Active,3,,25-34
V14067,2024-07-03,Cancelled,3,SH2009,18-24
V14068,2023-10-02,Active,12,,35-44
V14069,2024-04-04,Active,6,,35-44
V14070,2023-10-02,Active,12,,35-44
V14071,2023-10-02,Cancelled,12,,45-54
V14072,2021-10-02,Active,36,,45-54
V14073,2023-10-02,Active,12,,18-24
V14074,2023-10-02,Active,12,,35-44
V14075,2024-04-04,Active,6,,25-34
V14076,2023-10-02,Active,12,,35-44
V14077,2024-04-04,Cancelled,6,SH2045,18-24
V14078,2024-07-03,Active,3,,55+
V14079,2024-07-03,Active,3,,25-34
V14080,2021-10-02,Active,36,,45-54
V14081,2022-10-02,Active,24,,25-34
V14082,2023-10-02,Cancelled,12,SH2055,45-54
V14083,2023-10-02,Cancelled,12,,25-34
V14084,2023-10-02,Active,12,,25-34
V14085,2024-04-04,Active,6,,18-24
V14086,2023-10-02,Active,12,,35-44
V14087,2024-07-03,Active,3,,18-24
V14088,2024-09-01,Active,1,,25-34
V14089,2024-07-03,Active,3,,25-34
V14090,2024-09-01,Active,1,,35-44
V14091,2024-04-04,Paused,6,,25-34
V14092,2024-04-04,Active,6,,25-34
V14093,2022-10-02,Active,24,,25-34
V14094,2023-10-02,Active,12,,55+
V14095,2022-10-02,Active,24,,18-24
V14096,2024-07-03,Active,3,,25-34
V14097,2024-04-04,Cancelled,6,,25-34
V14098,2023-10-02,Cancelled,12,,18-24
V14099,2023-10-02,Cancelled,12,,55+
V14100,2024-07-03,Active,3,,18-24
V14101,2023-10-02,Active,12,,35-44
V14102,2022-10-02,Active,24,,25-34
V14103,2024-07-03,Cancelled,3,SH2022,25-34
V14104,2024-09-01,Active,1,,25-34
V14105,2022-10-02,Active,24,,25-34
V14106,2024-04-04,Active,6,,18-24
V14107,2022-10-02,Active,24,,45-54
V14108,2022-10-02,Active,24,,35-44
V14109,2024-09-01,Cancelled,1,,25-34
V14110,2024-07-03,Active,3,,25-34
V14111,2024-04-04,Cancelled,6,,45-54
V14112,2024-04-04,Cancelled,6,,18-24
V14113,2024-07-03,Active,3,,35-44
V14114,2024-04-04,Cancelled,6,,18-24
V14115,2024-04-04,Cancelled,6,,25-34
V14116,2024-04-04,Active,6,,45-54
V14117,2024-09-01,Active,1,,18-24
V14118,2024-04-04,Active,6,,35-44
V14119,2024-04-04,Active,6,,25-34
V14120,2024-04-04,Paused,6,,45-54
V14121,2024-09-01,Active,1,,55+
V14122,2024-04-04,Active,6,,45-54
V14123,2024-07-03,Active,3,,55+
V14124,2023-10-02,Active,12,,18-24
V14125,2024-07-03,Cancelled,3,SH2033,25-34
V14126,2022-10-02,Active,24,,18-24
V14127,2022-10-02,Cancelled,24,SH2000,55+
V14128,2024-04-04,Active,6,,35-44
V14129,2024-07-03,Active,3,,55+
V14130,2024-07-03,Active,3,,25-34
V14131,2024-04-04,Active,6,,18-24
V14132,2024-04-04,Active,6,,25-34
V14133,2024-04-04,Active,6,,45-54
V14134,2024-07-03,Active,3,,25-34
V14135,2023-10-02,Active,12,,25-34
V14136,2024-09-01,Active,1,,25-34
V14137,2024-07-03,Cancelled,3,,35-44
V14138,2024-04-04,Active,6,,18-24
V14139,2022-10-02,Paused,24,,25-34
V14140,2024-09-01,Active,1,,35-44
V14141,2023-10-02,Cancelled,12,,45-54
V14142,2023-10-02,Active,12,,35-44
V14143,2024-04-04,Active,6,,35-44
V14144,2023-10-02,Active,12,,35-44
V14145,2023-10-02,Active,12,,35-44
V14146,2024-04-04,Active,6,,18-24
V14147,2024-04-04,Active,6,,55+
V14148,2024-04-04,Active,6,,25-34
V14149,2024-09-01,Cancelled,1,,25-34
V14150,2023-10-02,Active,12,,45-54
V14151,2024-04-04,Active,6,,45-54
V14152,2022-10-02,Active,24,,18-24
V14153,2024-09-01,Active,1,,55+
V14154,2024-04-04,Active,6,,45-54
V14155,2024-04-04,Active,6,,55+
V14156,2022-10-02,Cancelled,24,,35-44
V14157,2024-07-03,Active,3,,55+
V14158,2024-07-03,Cancelled,3,SH2046,25-34
V14159,2024-07-03,Active,3,,18-24
V14160,2022-10-02,Active,24,,25-34
V14161,2024-09-01,Cancelled,1,,35-44
V14162,2024-04-04,Active,6,,18-24
V14163,2024-04-04,Active,6,,55+
V14164,2023-10-02,Active,12,,25-34
V14165,2023-10-02,Active,12,,25-34
V14166,2024-07-03,Active,3,,45-54
V14167,2024-07-03,Active,3,,25-34
V14168,2023-10-02,Active,12,,25-34
V14169,2022-10-02,Paused,24,,55+
V14170,2022-10-02,Active,24,,25-34
V14171,2024-07-03,Active,3,,55+
V14172,2023-10-02,Active,12,,25-34
V14173,2022-10-02,Cancelled,24,,25-34
V14174,2024-07-03,Active,3,,35-44
V14175,2023-10-02,Active,12,,25-34
V14176,2021-10-02,Active,36,,35-44
V14177,2024-07-03,Active,3,,25-34
V14178,2024-07-03,Active,3,,25-34
V14179,2024-04-04,Active,6,,45-54
V14180,2024-07-03,Active,3,,18-24
V14181,2024-04-04,Active,6,,55+
V14182,2023-10-02,Active,12,,18-24
V14183,2024-04-04,Cancelled,6,,25-34
V14184,2022-10-02,Cancelled,24,,45-54
V14185,2022-10-02,Active,24,,35-44
V14186,2023-10-02,Active,12,,55+
V14187,2024-09-01,Active,1,,25-34
V14188,2024-07-03,Active,3,,35-44
V14189,2024-09-01,Active,1,,35-44
V14190,2024-07-03,Active,3,,35-44
V14191,2023-10-02,Cancelled,12,,45-54
V14192,2024-04-04,Cancelled,6,,45-54
V14193,2024-09-01,Paused,1,,25-34
V14194,2023-10-02,Active,12,,25-34
V14195,2024-07-03,Active,3,,18-24
V14196,2022-10-02,Active,24,,25-34
V14197,2024-07-03,Active,3,,25-34
V14198,2024-07-03,Active,3,,35-44
V14199,2024-09-01,Active,1,,25-34
V14200,2021-10-02,Active,36,,35-44
V14201,2024-07-03,Active,3,,18-24
V14202,2024-09-01,Active,1,,25-34
V14203,2024-09-01,Active,1,,55+
V14204,2024-04-04,Active,6,,55+
V14205,2022-10-02,Active,24,,35-44
V14206,2024-09-01,Active,1,,25-34
V14207,2024-07-03,Active,3,,18-24
V14208,2023-10-02,Active,12,,35-44
V14209,2024-09-01,Active,1,,35-44
V14210,2021-10-02,Active,36,,25-34
V14211,2022-10-02,Active,24,,45-54
V14212,2024-04-04,Active,6,,25-34
V14213,2024-07-03,Active,3,,45-54
V14214,2023-10-02,Active,12,,45-54
V14215,2024-07-03,Active,3,,25-34
V14216,2023-10-02,Active,12,,35-44
V14217,2022-10-02,Active,24,,18-24
V14218,2024-04-04,Active,6,,35-44
V14219,2021-10-02,Active,36,,25-34
V14220,2023-10-02,Active,12,,25-34
V14221,2022-10-02,Active,24,,18-24
V14222,2024-07-03,Active,3,,45-54
V14223,2022-10-02,Active,24,,55+
V14224,2024-04-04,Active,6,,35-44
V14225,2024-09-01,Paused,1,,18-24
V14226,2024-07-03,Cancelled,3,,35-44
V14227,2024-04-04,Active,6,,55+
V14228,2024-09-01,Cancelled,1,,25-34
V14229,2024-09-01,Active,1,,45-54
V14230,2024-04-04,Active,6,,45-54
V14231,2023-10-02,Cancelled,12,SH2010,25-34
V14232,2024-07-03,Active,3,,35-44
V14233,2024-04-04,Paused,6,,35-44
V14234,2024-09-01,Active,1,,18-24
V14235,2023-10-02,Active,12,,35-44
V14236,2024-07-03,Cancelled,3,,25-34
V14237,2024-07-03,Cancelled,3,SH2033,45-54
V14238,2024-09-01,Active,1,,25-34
V14239,2022-10-02,Active,24,,25-34
V14240,2024-04-04,Cancelled,6,,55+
V14241,2021-10-02,Cancelled,36,,55+
V14242,2024-09-01,Active,1,,35-44
V14243,2024-04-04,Active,6,,35-44
V14244,2022-10-02,Active,24,,45-54
V14245,2023-10-02,Paused,12,,55+
V14246,2023-10-02,Active,12,,25-34
V14247,2024-04-04,Cancelled,6,,45-54
V14248,2024-07-03,Active,3,,25-34
V14249,2024-09-01,Active,1,,18-24
V14250,2022-10-02,Active,24,,25-34
V14251,2021-10-02,Active,36,,18-24
V14252,2024-07-03,Active,3,,18-24
V14253,2024-09-01,Active,1,,25-34
V14254,2024-04-04,Cancelled,6,,25-34
V14255,2024-04-04,Active,6,,45-54
V14256,2024-09-01,Active,1,,35-44
V14257,2024-04-04,Cancelled,6,,55+
V14258,2024-04-04,Active,6,,55+
V14259,2022-10-02,Cancelled,24,,25-34
V14260,2024-07-03,Active,3,,55+
V14261,2024-09-01,Paused,1,,18-24
V14262,2022-10-02,Active,24,,25-34
V14263,2024-07-03,Active,3,,25-34
V14264,2023-10-02,Active,12,,18-24
V14265,2024-09-01,Active,1,,45-54
V14266,2022-10-02,Active,24,,35-44
V14267,2023-10-02,Active,12,,25-34
V14268,2024-04-04,Active,6,,18-24
V14269,2024-07-03,Active,3,,18-24
V14270,2024-07-03,Active,3,,18-24
V14271,2024-07-03,Cancelled,3,,18-24
V14272,2024-04-04,Active,6,,35-44
V14273,2024-07-03,Cancelled,3,,25-34
V14274,2024-04-04,Paused,6,,45-54
V14275,2021-10-02,Active,36,,25-34
V14276,2023-10-02,Cancelled,12,,55+
V14277,2023-10-02,Active,12,,35-44
V14278,2024-07-03,Active,3,,55+
V14279,2024-09-01,Active,1,,35-44
V14280,2024-09-01,Active,1,,35-44
V14281,2024-07-03,Cancelled,3,SH2041,55+
V14282,2024-07-03,Active,3,,35-44
V14283,2024-09-01,Active,1,,18-24
V14284,2022-10-02,Active,24,,25-34
V14285,2024-09-01,Active,1,,35-44
V14286,2023-10-02,Paused,12,,25-34
V14287,2024-04-04,Active,6,,45-54
V14288,2024-07-03,Active,3,,35-44
V14289,2024-09-01,Active,1,,35-44
V14290,2024-07-03,Active,3,,25-34
V14291,2024-04-04,Active,6,,55+
V14292,2024-09-01,Active,1,,18-24
V14293,2024-04-04,Active,6,,18-24
V14294,2024-09-01,Active,1,,35-44
V14295,2024-09-01,Paused,1,,25-34
V14296,2024-04-04,Active,6,,25-34
V14297,2023-10-02,Active,12,,25-34
V14298,2024-07-03,Cancelled,3,,18-24
V14299,2024-07-03,Active,3,,25-34
V14300,2022-10-02,Active,24,,35-44
V14301,2024-07-03,Active,3,,35-44
V14302,2024-04-04,Active,6,,55+
V14303,2024-04-04,Cancelled,6,SH2057,18-24
V14304,2024-07-03,Cancelled,3,,45-54
V14305,2023-10-02,Cancelled,12,SH2055,18-24
V14306,2024-04-04,Active,6,,45-54
V14307,2024-07-03,Cancelled,3,,18-24
V14308,2024-09-01,Active,1,,45-54
V14309,2022-10-02,Cancelled,24,SH2015,55+
V14310,2024-07-03,Active,3,,18-24
V14311,2024-07-03,Active,3,,25-34
V14312,2022-10-02,Active,24,,35-44
V14313,2024-04-04,Active,6,,55+
V14314,2024-07-03,Active,3,,25-34
V14315,2024-09-01,Active,1,,45-54
V14316,2024-09-01,Active,1,,25-34
V14317,2023-10-02,Active,12,,35-44
V14318,2024-04-04,Cancelled,6,,45-54
V14319,2022-10-02,Active,24,,25-34
V14320,2022-10-02,Cancelled,24,SH2042,18-24
V14321,2024-09-01,Cancelled,1,,45-54
V14322,2024-09-01,Active,1,,35-44
V14323,2022-10-02,Active,24,,25-34
V14324,2022-10-02,Paused,24,,35-44
V14325,2022-10-02,Active,24,,35-44
V14326,2023-10-02,Active,12,,25-34
V14327,2024-04-04,Active,6,,25-34
V14328,2024-07-03,Cancelled,3,SH2058,35-44
V14329,2024-04-04,Active,6,,45-54
V14330,2022-10-02,Cancelled,24,,25-34
V14331,2024-09-01,Active,1,,45-54
V14332,2024-04-04,Paused,6,,18-24
V14333,2022-10-02,Active,24,,45-54
V14334,2022-10-02,Cancelled,24,,25-34
V14335,2024-07-03,Active,3,,25-34
V14336,2022-10-02,Active,24,,45-54
V14337,2023-10-02,Active,12,,55+
V14338,2024-09-01,Cancelled,1,,25-34
V14339,2024-04-04,Active,6,,25-34
V14340,2024-07-03,Active,3,,25-34
V14341,2024-04-04,Cancelled,6,,35-44
V14342,2023-10-02,Active,12,,35-44
V14343,2024-04-04,Active,6,,18-24
V14344,2022-10-02,Cancelled,24,,25-34
V14345,2024-09-01,Active,1,,18-24
V14346,2023-10-02,Cancelled,12,SH2048,45-54
V14347,2023-10-02,Active,12,,25-34
V14348,2024-09-01,Active,1,,25-34
V14349,2024-04-04,Cancelled,6,,45-54
V14350,2022-10-02,Active,24,,45-54
V14351,2024-04-04,Active,6,,35-44
V14352,2024-09-01,Active,1,,55+
V14353,2023-10-02,Active,12,,25-34
V14354,2022-10-02,Paused,24,,25-34
V14355,2022-10-02,Cancelled,24,,18-24
V14356,2024-07-03,Active,3,,35-44
V14357,2023-10-02,Active,12,,25-34
V14358,2022-10-02,Cancelled,24,,45-54
V14359,2024-09-01,Active,1,,45-54
V14360,2024-07-03,Paused,3,,45-54
V14361,2023-10-02,Active,12,,35-44
V14362,2023-10-02,Active,12,,45-54
V14363,2023-10-02,Cancelled,12,SH2018,45-54
V14364,2024-09-01,Active,1,,55+
V14365,2024-07-03,Cancelled,3,,45-54
V14366,2023-10-02,Active,12,,45-54
V14367,2024-09-01,Active,1,,55+
V14368,2023-10-02,Paused,12,,45-54
V14369,2022-10-02,Active,24,,45-54
V14370,2024-04-04,Cancelled,6,,45-54
V14371,2023-10-02,Active,12,,18-24
V14372,2022-10-02,Active,24,,25-34
V14373,2024-09-01,Cancelled,1,,45-54
V14374,2023-10-02,Active,12,,25-34
V14375,2024-09-01,Cancelled,1,,18-24
V14376,2024-04-04,Active,6,,55+
V14377,2024-09-01,Cancelled,1,SH2000,18-24
V14378,2022-10-02,Active,24,,25-34
V14379,2024-07-03,Active,3,,18-24
V14380,2024-09-01,Active,1,,25-34
V14381,2023-10-02,Active,12,,35-44
V14382,2024-04-04,Active,6,,35-44
V14383,2024-09-01,Cancelled,1,,35-44
V14384,2024-09-01,Active,1,,25-34
V14385,2023-10-02,Active,12,,18-24
V14386,2024-07-03,Active,3,,25-34
V14387,2024-04-04,Active,6,,25-34
V14388,2024-07-03,Active,3,,18-24
V14389,2024-07-03,Active,3,,25-34
V14390,2024-04-04,Cancelled,6,SH2041,45-54
V14391,2024-07-03,Active,3,,45-54
V14392,2024-04-04,Active,6,,55+
V14393,2022-10-02,Active,24,,25-34
V14394,2021-10-02,Active,36,,25-34
V14395,2024-07-03,Active,3,,35-44
V14396,2023-10-02,Paused,12,,45-54
V14397,2024-07-03,Active,3,,55+
V14398,2024-07-03,Active,3,,55+
V14399,2024-04-04,Active,6,,45-54
V14400,2021-10-02,Active,36,,45-54
V14401,2024-04-04,Active,6,,55+
V14402,2021-10-02,Active,36,,25-34
V14403,2024-09-01,Active,1,,18-24
V14404,2024-04-04,Active,6,,25-34
V14405,2024-09-01,Cancelled,1,,25-34
V14406,2022-10-02,Active,24,,25-34
V14407,2024-09-01,Active,1,,25-34
V14408,2023-10-02,Active,12,,25-34
V14409,2024-04-04,Active,6,,55+
V14410,2024-09-01,Active,1,,18-24
V14411,2024-04-04,Cancelled,6,,25-34
V14412,2023-10-02,Cancelled,12,SH2049,45-54
V14413,2024-04-04,Cancelled,6,SH2039,25-34
V14414,2021-10-02,Active,36,,45-54
V14415,2022-10-02,Cancelled,24,,25-34
V14416,2024-07-03,Active,3,,25-34
V14417,2022-10-02,Active,24,,35-44
V14418,2021-10-02,Active,36,,25-34
V14419,2023-10-02,Active,12,,35-44
V14420,2024-07-03,Cancelled,3,,25-34
V14421,2024-04-04,Active,6,,25-34
V14422,2024-04-04,Active,6,,35-44
V14423,2024-04-04,Active,6,,35-44
V14424,2024-07-03,Active,3,,45-54
V14425,2022-10-02,Active,24,,25-34
V14426,2024-04-04,Active,6,,35-44
V14427,2024-09-01,Active,1,,18-24
V14428,2024-04-04,Cancelled,6,SH2011,25-34
V14429,2023-10-02,Active,12,,25-34
V14430,2024-04-04,Cancelled,6,,45-54
V14431,2024-07-03,Active,3,,18-24
V14432,2024-07-03,Active,3,,18-24
V14433,2024-07-03,Active,3,,18-24
V14434,2023-10-02,Paused,12,,45-54
V14435,2024-09-01,Active,1,,45-54
V14436,2024-09-01,Cancelled,1,,35-44
V14437,2022-10-02,Active,24,,35-44
V14438,2024-07-03,Active,3,,25-34
V14439,2024-07-03,Active,3,,25-34
V14440,2022-10-02,Active,24,,25-34
V14441,2024-04-04,Active,6,,25-34
V14442,2021-10-02,Active,36,,35-44
V14443,2024-09-01,Active,1,,45-54
V14444,2024-07-03,Active,3,,18-24
V14445,2021-10-02,Active,36,,45-54
V14446,2024-07-03,Active,3,,35-44
V14447,2024-09-01,Active,1,,25-34
V14448,2024-09-01,Cancelled,1,,18-24
V14449,2024-07-03,Active,3,,35-44
V14450,2024-04-04,Active,6,,35-44
V14451,2024-07-03,Cancelled,3,SH2016,25-34
V14452,2024-04-04,Cancelled,6,,45-54
V14453,2023-10-02,Active,12,,45-54
V14454,2023-10-02,Cancelled,12,SH2046,35-44
V14455,2024-09-01,Active,1,,45-54
V14456,2023-10-02,Active,12,,18-24
V14457,2024-04-04,Active,6,,25-34
V14458,2024-07-03,Paused,3,,25-34
V14459,2024-04-04,Active,6,,25-34
V14460,2024-07-03,Cancelled,3,SH2041,45-54
V14461,2022-10-02,Active,24,,45-54
V14462,2024-07-03,Active,3,,25-34
V14463,2023-10-02,Active,12,,45-54
V14464,2024-04-04,Active,6,,35-44
V14465,2024-09-01,Cancelled,1,,25-34
V14466,2023-10-02,Paused,12,,25-34
V14467,2022-10-02,Active,24,,45-54
V14468,2023-10-02,Active,12,,25-34
V14469,2024-09-01,Active,1,,25-34
V14470,2023-10-02,Paused,12,,18-24
V14471,2024-04-04,Active,6,,55+
V14472,2024-04-04,Active,6,,25-34
V14473,2024-07-03,Active,3,,25-34
V14474,2024-09-01,Active,1,,25-34
V14475,2024-04-04,Active,6,,55+
V14476,2022-10-02,Active,24,,25-34
V14477,2023-10-02,Active,12,,25-34
V14478,2024-07-03,Cancelled,3,,45-54
V14479,2024-04-04,Cancelled,6,,55+
V14480,2024-09-01,Active,1,,35-44
V14481,2024-04-04,Active,6,,18-24
V14482,2022-10-02,Cancelled,24,,25-34
V14483,2024-04-04,Cancelled,6,SH2007,25-34
V14484,2022-10-02,Cancelled,24,,55+
V14485,2024-04-04,Active,6,,25-34
V14486,2022-10-02,Active,24,,25-34
V14487,2024-09-01,Cancelled,1,,45-54
V14488,2024-07-03,Active,3,,18-24
V14489,2024-04-04,Active,6,,55+
V14490,2024-04-04,Active,6,,35-44
V14491,2024-04-04,Active,6,,35-44
V14492,2022-10-02,Active,24,,35-44
V14493,2021-10-02,Cancelled,36,,35-44
V14494,2022-10-02,Paused,24,,55+
V14495,2023-10-02,Active,12,,18-24
V14496,2024-04-04,Cancelled,6,,45-54
V14497,2024-04-04,Active,6,,25-34
V14498,2023-10-02,Active,12,,25-34
V14499,2024-04-04,Active,6,,55+
V14500,2024-04-04,Cancelled,6,SH2050,25-34
V14501,2022-10-02,Active,24,,18-24
V14502,2024-04-04,Active,6,,45-54
V14503,2023-10-02,Paused,12,,25-34
V14504,2024-04-04,Active,6,,25-34
V14505,2024-04-04,Active,6,,25-34
V14506,2024-04-04,Active,6,,35-44
V14507,2024-07-03,Active,3,,25-34
V14508,2024-07-03,Active,3,,18-24
V14509,2024-04-04,Active,6,,35-44
V14510,2022-10-02,Active,24,,35-44
V14511,2022-10-02,Active,24,,35-44
V14512,2024-04-04,Active,6,,45-54
V14513,2024-07-03,Active,3,,25-34
V14514,2024-04-04,Active,6,,35-44
V14515,2023-10-02,Cancelled,12,,25-34
V14516,2024-04-04,Active,6,,45-54
V14517,2023-10-02,Active,12,,25-34
V14518,2024-04-04,Cancelled,6,,35-44
V14519,2024-04-04,Cancelled,6,,25-34
V14520,2024-09-01,Active,1,,35-44
V14521,2024-09-01,Active,1,,25-34
V14522,2024-09-01,Active,1,,25-34
V14523,2024-04-04,Active,6,,35-44
V14524,2023-10-02,Active,12,,18-24
V14525,2022-10-02,Active,24,,18-24
V14526,2022-10-02,Active,24,,35-44
V14527,2024-04-04,Active,6,,45-54
V14528,2024-04-04,Active,6,,55+
V14529,2022-10-02,Active,24,,25-34
V14530,2024-09-01,Cancelled,1,SH2009,18-24
V14531,2024-04-04,Active,6,,55+
V14532,2024-04-04,Active,6,,25-34
V14533,2024-07-03,Active,3,,18-24
V14534,2024-07-03,Active,3,,25-34
V14535,2024-04-04,Active,6,,55+
V14536,2024-07-03,Cancelled,3,,25-34
V14537,2024-07-03,Active,3,,25-34
V14538,2024-04-04,Active,6,,35-44
V14539,2024-04-04,Active,6,,25-34
V14540,2024-04-04,Active,6,,25-34
V14541,2024-07-03,Active,3,,35-44
V14542,2024-04-04,Cancelled,6,,25-34
V14543,2023-10-02,Cancelled,12,,45-54
V14544,2024-04-04,Active,6,,25-34
V14545,2021-10-02,Paused,36,,35-44
V14546,2022-10-02,Cancelled,24,,35-44
V14547,2024-04-04,Active,6,,18-24
V14548,2024-04-04,Active,6,,25-34
V14549,2022-10-02,Active,24,,18-24
V14550,2022-10-02,Active,24,,25-34
V14551,2024-04-04,Active,6,,55+
V14552,2023-10-02,Active,12,,35-44
V14553,2022-10-02,Active,24,,45-54
V14554,2024-07-03,Cancelled,3,,45-54
V14555,2024-07-03,Cancelled,3,,35-44
V14556,2024-04-04,Active,6,,25-34
V14557,2024-04-04,Active,6,,35-44
V14558,2024-04-04,Cancelled,6,,25-34
V14559,2022-10-02,Active,24,,35-44
V14560,2024-04-04,Active,6,,25-34
V14561,2024-04-04,Paused,6,,35-44
V14562,2024-09-01,Cancelled,1,SH2021,25-34
V14563,2023-10-02,Active,12,,18-24
V14564,2024-07-03,Active,3,,25-34
V14565,2024-04-04,Active,6,,25-34
V14566,2024-09-01,Active,1,,55+
V14567,2024-04-04,Cancelled,6,,45-54
V14568,2023-10-02,Active,12,,35-44
V14569,2024-07-03,Cancelled,3,,18-24
V14570,2024-09-01,Cancelled,1,,25-34
V14571,2024-04-04,Active,6,,35-44
V14572,2022-10-02,Active,24,,55+
V14573,2023-10-02,Cancelled,12,,25-34
V14574,2022-10-02,Active,24,,35-44
V14575,2024-09-01,Active,1,,35-44
V14576,2023-10-02,Active,12,,18-24
V14577,2024-04-04,Active,6,,25-34
V14578,2022-10-02,Cancelled,24,,18-24
V14579,2024-04-04,Active,6,,18-24
V14580,2023-10-02,Active,12,,25-34
V14581,2024-09-01,Active,1,,18-24
V14582,2024-07-03,Active,3,,35-44
V14583,2024-09-01,Active,1,,18-24
V14584,2022-10-02,Cancelled,24,,25-34
V14585,2024-09-01,Cancelled,1,SH2023,35-44
V14586,2022-10-02,Active,24,,45-54
V14587,2024-04-04,Cancelled,6,,25-34
V14588,2024-07-03,Active,3,,18-24
V14589,2024-04-04,Active,6,,35-44
V14590,2024-04-04,Active,6,,35-44
V14591,2024-04-04,Active,6,,55+
V14592,2021-10-02,Cancelled,36,SH2014,45-54
V14593,2024-09-01,Active,1,,35-44
V14594,2022-10-02,Cancelled,24,,18-24
V14595,2024-04-04,Active,6,,45-54
V14596,2023-10-02,Cancelled,12,SH2059,18-24
V14597,2024-04-04,Cancelled,6,,18-24
V14598,2024-07-03,Active,3,,18-24
V14599,2024-04-04,Active,6,,25-34
V14600,2023-10-02,Paused,12,,25-34
V14601,2023-10-02,Active,12,,25-34
V14602,2022-10-02,Paused,24,,25-34
V14603,2023-10-02,Active,12,,25-34
V14604,2024-07-03,Cancelled,3,SH2046,45-54
V14605,2023-10-02,Active,12,,35-44
V14606,2021-10-02,Active,36,,45-54
V14607,2022-10-02,Active,24,,35-44
V14608,2022-10-02,Paused,24,,25-34
V14609,2024-04-04,Active,6,,25-34
V14610,2023-10-02,Active,12,,25-34
V14611,2024-04-04,Active,6,,25-34
V14612,2024-04-04,Active,6,,25-34
V14613,2024-09-01,Active,1,,35-44
V14614,2023-10-02,Active,12,,18-24
V14615,2023-10-02,Active,12,,55+
V14616,2023-10-02,Active,12,,25-34
V14617,2024-04-04,Active,6,,18-24
V14618,2024-07-03,Cancelled,3,SH2001,35-44
V14619,2024-09-01,Active,1,,45-54
V14620,2023-10-02,Active,12,,25-34
V14621,2024-04-04,Active,6,,45-54
V14622,2023-10-02,Cancelled,12,,35-44
V14623,2023-10-02,Active,12,,18-24
V14624,2024-09-01,Active,1,,25-34
V14625,2024-07-03,Active,3,,55+
V14626,2024-07-03,Active,3,,18-24
V14627,2022-10-02,Active,24,,45-54
V14628,2024-07-03,Cancelled,3,SH2030,25-34
V14629,2024-07-03,Active,3,,45-54
V14630,2022-10-02,Paused,24,,55+
V14631,2024-09-01,Active,1,,18-24
V14632,2024-07-03,Cancelled,3,SH2031,45-54
V14633,2024-04-04,Active,6,,55+
V14634,2021-10-02,Paused,36,,55+
V14635,2023-10-02,Paused,12,,45-54
V14636,2024-04-04,Cancelled,6,,55+
V14637,2024-04-04,Active,6,,45-54
V14638,2021-10-02,Active,36,,25-34
V14639,2024-07-03,Active,3,,25-34
V14640,2023-10-02,Paused,12,,35-44
V14641,2024-04-04,Cancelled,6,SH2004,35-44
V14642,2022-10-02,Active,24,,25-34
V14643,2023-10-02,Active,12,,25-34
V14644,2023-10-02,Active,12,,18-24
V14645,2024-09-01,Active,1,,25-34
V14646,2023-10-02,Active,12,,25-34
V14647,2024-04-04,Active,6,,25-34
V14648,2021-10-02,Cancelled,36,,45-54
V14649,2024-04-04,Active,6,,35-44
V14650,2023-10-02,Cancelled,12,,35-44
V14651,2024-07-03,Cancelled,3,,35-44
V14652,2024-07-03,Cancelled,3,SH2028,55+
V14653,2024-07-03,Cancelled,3,,25-34
V14654,2021-10-02,Cancelled,36,,25-34
V14655,2024-07-03,Active,3,,25-34
V14656,2024-07-03,Active,3,,25-34
V14657,2024-04-04,Active,6,,25-34
V14658,2023-10-02,Active,12,,25-34
V14659,2024-04-04,Active,6,,35-44
V14660,2024-04-04,Active,6,,45-54
V14661,2021-10-02,Active,36,,35-44
V14662,2024-07-03,Active,3,,25-34
V14663,2023-10-02,Active,12,,55+
V14664,2024-04-04,Active,6,,45-54
V14665,2024-09-01,Active,1,,25-34
V14666,2024-07-03,Active,3,,18-24
V14667,2024-07-03,Active,3,,55+
V14668,2024-09-01,Active,1,,55+
V14669,2023-10-02,Active,12,,18-24
V14670,2023-10-02,Active,12,,35-44
V14671,2021-10-02,Active,36,,25-34
V14672,2023-10-02,Active,12,,35-44
V14673,2024-04-04,Active,6,,35-44
V14674,2021-10-02,Cancelled,36,,25-34
V14675,2024-07-03,Cancelled,3,,18-24
V14676,2023-10-02,Active,12,,45-54
V14677,2023-10-02,Active,12,,25-34
V14678,2022-10-02,Active,24,,35-44
V14679,2023-10-02,Cancelled,12,,35-44
V14680,2022-10-02,Cancelled,24,SH2047,35-44
V14681,2022-10-02,Active,24,,45-54
V14682,2024-07-03,Cancelled,3,,55+
V14683,2024-04-04,Cancelled,6,,35-44
V14684,2023-10-02,Active,12,,45-54
V14685,2024-07-03,Cancelled,3,,25-34
V14686,2024-07-03,Active,3,,25-34
V14687,2023-10-02,Active,12,,45-54
V14688,2024-07-03,Active,3,,45-54
V14689,2024-07-03,Active,3,,25-34
V14690,2024-04-04,Active,6,,35-44
V14691,2024-07-03,Active,3,,55+
V14692,2024-04-04,Active,6,,18-24
V14693,2022-10-02,Active,24,,35-44
V14694,2021-10-02,Active,36,,35-44
V14695,2024-04-04,Active,6,,45-54
V14696,2024-09-01,Active,1,,18-24
V14697,2022-10-02,Active,24,,35-44
V14698,2024-04-04,Active,6,,25-34
V14699,2024-04-04,Active,6,,25-34
V14700,2024-04-04,Active,6,,25-34
V14701,2021-10-02,Active,36,,25-34
V14702,2024-04-04,Cancelled,6,,18-24
V14703,2024-04-04,Active,6,,45-54
V14704,2024-04-04,Active,6,,45-54
V14705,2023-10-02,Cancelled,12,,35-44
V14706,2022-10-02,Active,24,,45-54
V14707,2023-10-02,Active,12,,35-44
V14708,2024-09-01,Active,1,,35-44
V14709,2021-10-02,Active,36,,35-44
V14710,2024-07-03,Active,3,,35-44
V14711,2023-10-02,Cancelled,12,SH2007,45-54
V14712,2023-10-02,Active,12,,25-34
V14713,2024-04-04,Active,6,,25-34
V14714,2022-10-02,Active,24,,18-24
V14715,2024-09-01,Cancelled,1,,55+
V14716,2024-04-04,Cancelled,6,,35-44
V14717,2023-10-02,Active,12,,25-34
V14718,2024-07-03,Active,3,,45-54
V14719,2022-10-02,Active,24,,25-34
V14720,2024-09-01,Active,1,,25-34
V14721,2024-04-04,Active,6,,18-24
V14722,2021-10-02,Active,36,,45-54
V14723,2024-04-04,Active,6,,45-54
V14724,2023-10-02,Active,12,,35-44
V14725,2024-09-01,Active,1,,55+
V14726,2024-09-01,Active,1,,55+
V14727,2024-07-03,Active,3,,35-44
V14728,2024-04-04,Active,6,,25-34
V14729,2024-09-01,Active,1,,35-44
V14730,2023-10-02,Active,12,,25-34
V14731,2024-09-01,Cancelled,1,,25-34
V14732,2024-09-01,Active,1,,25-34
V14733,2022-10-02,Cancelled,24,,45-54
V14734,2022-10-02,Active,24,,25-34
V14735,2023-10-02,Active,12,,25-34
V14736,2024-07-03,Active,3,,25-34
V14737,2024-07-03,Active,3,,45-54
V14738,2024-04-04,Cancelled,6,SH2000,25-34
V14739,2024-09-01,Active,1,,18-24
V14740,2024-04-04,Active,6,,55+
V14741,2024-04-04,Active,6,,45-54
V14742,2021-10-02,Active,36,,25-34
V14743,2024-09-01,Active,1,,35-44
V14744,2024-09-01,Active,1,,18-24
V14745,2023-10-02,Active,12,,18-24
V14746,2024-07-03,Active,3,,35-44
V14747,2024-04-04,Cancelled,6,SH2047,18-24
V14748,2024-07-03,Active,3,,45-54
V14749,2023-10-02,Active,12,,35-44
V14750,2024-04-04,Active,6,,25-34
V14751,2024-04-04,Cancelled,6,,25-34
V14752,2023-10-02,Paused,12,,25-34
V14753,2024-04-04,Cancelled,6,,45-54
V14754,2024-04-04,Active,6,,35-44
V14755,2022-10-02,Cancelled,24,,18-24
V14756,2024-04-04,Paused,6,,35-44
V14757,2024-04-04,Active,6,,35-44
V14758,2024-09-01,Cancelled,1,,45-54
V14759,2024-04-04,Cancelled,6,SH2046,25-34
V14760,2024-04-04,Active,6,,35-44
V14761,2024-07-03,Active,3,,18-24
V14762,2023-10-02,Cancelled,12,SH2008,25-34
V14763,2024-04-04,Paused,6,,25-34
V14764,2024-04-04,Active,6,,18-24
V14765,2024-04-04,Active,6,,35-44
V14766,2022-10-02,Active,24,,18-24
V14767,2023-10-02,Active,12,,35-44
V14768,2023-10-02,Active,12,,45-54
V14769,2022-10-02,Cancelled,24,,25-34
V14770,2022-10-02,Active,24,,45-54
V14771,2024-09-01,Active,1,,45-54
V14772,2023-10-02,Cancelled,12,SH2040,55+
V14773,2023-10-02,Active,12,,45-54
V14774,2024-07-03,Active,3,,25-34
V14775,2024-04-04,Active,6,,18-24
V14776,2024-04-04,Active,6,,35-44
V14777,2023-10-02,Active,12,,55+
V14778,2024-04-04,Cancelled,6,,18-24
V14779,2024-09-01,Active,1,,55+
V14780,2024-07-03,Active,3,,45-54
V14781,2024-04-04,Active,6,,18-24
V14782,2023-10-02,Active,12,,55+
V14783,2023-10-02,Active,12,,25-34
V14784,2022-10-02,Active,24,,45-54
V14785,2024-07-03,Cancelled,3,SH2035,35-44
V14786,2023-10-02,Cancelled,12,,55+
V14787,2024-04-04,Active,6,,25-34
V14788,2023-10-02,Active,12,,25-34
V14789,2024-04-04,Active,6,,55+
V14790,2023-10-02,Active,12,,45-54
V14791,2023-10-02,Active,12,,18-24
V14792,2024-09-01,Active,1,,45-54
V14793,2024-07-03,Active,3,,55+
V14794,2022-10-02,Active,24,,25-34
V14795,2024-09-01,Active,1,,18-24
V14796,2024-07-03,Active,3,,18-24
V14797,2024-09-01,Active,1,,35-44
V14798,2023-10-02,Active,12,,25-34
V14799,2024-04-04,Active,6,,25-34
V14800,2022-10-02,Paused,24,,35-44
V14801,2022-10-02,Active,24,,18-24
V14802,2021-10-02,Active,36,,35-44
V14803,2024-07-03,Active,3,,35-44
V14804,2024-04-04,Active,6,,25-34
V14805,2024-07-03,Paused,3,,45-54
V14806,2024-04-04,Active,6,,45-54
V14807,2024-07-03,Active,3,,25-34
V14808,2022-10-02,Active,24,,18-24
V14809,2024-04-04,Active,6,,35-44
V14810,2024-04-04,Active,6,,18-24
V14811,2024-09-01,Cancelled,1,SH2011,45-54
V14812,2023-10-02,Active,12,,35-44
V14813,2022-10-02,Active,24,,35-44
V14814,2024-04-04,Cancelled,6,SH2024,25-34
V14815,2022-10-02,Cancelled,24,SH2058,35-44
V14816,2022-10-02,Active,24,,45-54
V14817,2024-07-03,Active,3,,45-54
V14818,2024-04-04,Active,6,,35-44
V14819,2022-10-02,Active,24,,25-34
V14820,2024-04-04,Cancelled,6,SH2012,18-24
V14821,2024-07-03,Active,3,,18-24
V14822,2024-04-04,Active,6,,45-54
V14823,2024-09-01,Active,1,,25-34
V14824,2023-10-02,Active,12,,55+
V14825,2024-07-03,Active,3,,45-54
V14826,2024-04-04,Active,6,,25-34
V14827,2024-09-01,Paused,1,,35-44
V14828,2024-07-03,Active,3,,18-24
V14829,2023-10-02,Cancelled,12,,45-54
V14830,2024-07-03,Active,3,,35-44
V14831,2024-04-04,Active,6,,55+
V14832,2024-07-03,Active,3,,18-24
V14833,2024-07-03,Active,3,,35-44
V14834,2024-07-03,Active,3,,45-54
V14835,2024-07-03,Active,3,,25-34
V14836,2024-04-04,Cancelled,6,,18-24
V14837,2022-10-02,Active,24,,25-34
V14838,2024-04-04,Active,6,,45-54
V14839,2024-09-01,Active,1,,25-34
V14840,2024-07-03,Active,3,,25-34
V14841,2024-07-03,Active,3,,55+
V14842,2024-09-01,Active,1,,25-34
V14843,2022-10-02,Cancelled,24,SH2037,45-54
V14844,2024-07-03,Active,3,,25-34
V14845,2024-09-01,Active,1,,35-44
V14846,2024-09-01,Active,1,,25-34
V14847,2024-04-04,Active,6,,25-34
V14848,2021-10-02,Active,36,,55+
V14849,2024-09-01,Active,1,,25-34
V14850,2024-09-01,Active,1,,25-34
V14851,2021-10-02,Active,36,,35-44
V14852,2023-10-02,Active,12,,35-44
V14853,2024-07-03,Active,3,,25-34
V14854,2024-07-03,Active,3,,18-24
V14855,2022-10-02,Cancelled,24,SH2011,18-24
V14856,2024-07-03,Active,3,,25-34
V14857,2022-10-02,Cancelled,24,,25-34
V14858,2024-09-01,Active,1,,45-54
V14859,2024-04-04,Active,6,,35-44
V14860,2024-04-04,Active,6,,25-34
V14861,2024-04-04,Active,6,,45-54
V14862,2024-09-01,Cancelled,1,,35-44
V14863,2022-10-02,Active,24,,45-54
V14864,2024-07-03,Active,3,,35-44
V14865,2022-10-02,Cancelled,24,,35-44
V14866,2024-07-03,Paused,3,,25-34
V14867,2023-10-02,Active,12,,35-44
V14868,2024-04-04,Paused,6,,35-44
V14869,2022-10-02,Active,24,,35-44
V14870,2023-10-02,Active,12,,55+
V14871,2024-09-01,Active,1,,25-34
V14872,2024-09-01,Paused,1,,25-34
V14873,2024-04-04,Active,6,,35-44
V14874,2024-04-04,Active,6,,25-34
V14875,2024-04-04,Paused,6,,25-34
V14876,2024-04-04,Paused,6,,45-54
V14877,2021-10-02,Paused,36,,25-34
V14878,2023-10-02,Active,12,,25-34
V14879,2022-10-02,Active,24,,35-44
V14880,2023-10-02,Active,12,,45-54
V14881,2024-04-04,Active,6,,45-54
V14882,2024-04-04,Cancelled,6,,35-44
V14883,2022-10-02,Active,24,,25-34
V14884,2024-09-01,Cancelled,1,,18-24
V14885,2024-04-04,Active,6,,55+
V14886,2024-07-03,Active,3,,45-54
V14887,2023-10-02,Active,12,,35-44
V14888,2023-10-02,Cancelled,12,,45-54
V14889,2021-10-02,Active,36,,18-24
V14890,2024-04-04,Active,6,,18-24
V14891,2024-07-03,Active,3,,35-44
V14892,2024-09-01,Active,1,,18-24
V14893,2024-09-01,Active,1,,35-44
V14894,2021-10-02,Cancelled,36,SH2058,45-54
V14895,2023-10-02,Active,12,,55+
V14896,2024-04-04,Active,6,,18-24
V14897,2022-10-02,Paused,24,,25-34
V14898,2024-09-01,Active,1,,35-44
V14899,2023-10-02,Paused,12,,45-54
V14900,2022-10-02,Active,24,,25-34
V14901,2023-10-02,Active,12,,25-34
V14902,2024-07-03,Active,3,,35-44
V14903,2024-04-04,Active,6,,35-44
V14904,2024-07-03,Active,3,,25-34
V14905,2022-10-02,Cancelled,24,,35-44
V14906,2024-04-04,Active,6,,35-44
V14907,2024-04-04,Active,6,,25-34
V14908,2022-10-02,Active,24,,25-34
V14909,2021-10-02,Cancelled,36,,18-24
V14910,2024-07-03,Active,3,,35-44
V14911,2024-04-04,Active,6,,25-34
V14912,2024-07-03,Active,3,,25-34
V14913,2021-10-02,Active,36,,18-24
V14914,2023-10-02,Active,12,,18-24
V14915,2024-04-04,Paused,6,,25-34
V14916,2024-07-03,Active,3,,18-24
V14917,2024-09-01,Cancelled,1,SH2010,55+
V14918,2022-10-02,Paused,24,,35-44
V14919,2024-04-04,Active,6,,35-44
V14920,2024-04-04,Active,6,,18-24
V14921,2024-07-03,Active,3,,35-44
V14922,2023-10-02,Active,12,,25-34
V14923,2024-04-04,Cancelled,6,,25-34
V14924,2024-04-04,Active,6,,18-24
V14925,2023-10-02,Cancelled,12,,55+
V14926,2024-07-03,Active,3,,25-34
V14927,2024-04-04,Active,6,,45-54
V14928,2022-10-02,Active,24,,25-34
V14929,2024-09-01,Active,1,,25-34
V14930,2022-10-02,Active,24,,35-44
V14931,2024-04-04,Active,6,,55+
V14932,2023-10-02,Paused,12,,35-44
V14933,2023-10-02,Active,12,,35-44
V14934,2023-10-02,Cancelled,12,SH2053,45-54
V14935,2024-04-04,Active,6,,35-44
V14936,2024-07-03,Active,3,,25-34
V14937,2024-04-04,Active,6,,25-34
V14938,2022-10-02,Active,24,,18-24
V14939,2023-10-02,Active,12,,35-44
V14940,2021-10-02,Active,36,,35-44
V14941,2024-04-04,Active,6,,25-34
V14942,2024-07-03,Paused,3,,25-34
V14943,2024-04-04,Cancelled,6,,45-54
V14944,2023-10-02,Active,12,,45-54
V14945,2024-07-03,Active,3,,35-44
V14946,2023-10-02,Cancelled,12,,55+
V14947,2024-09-01,Active,1,,45-54
V14948,2021-10-02,Active,36,,25-34
V14949,2022-10-02,Active,24,,35-44
V14950,2024-04-04,Active,6,,35-44
V14951,2024-04-04,Active,6,,18-24
V14952,2024-07-03,Active,3,,35-44
V14953,2024-07-03,Active,3,,35-44
V14954,2023-10-02,Active,12,,25-34
V14955,2024-04-04,Active,6,,18-24
V14956,2022-10-02,Cancelled,24,,25-34
V14957,2022-10-02,Active,24,,35-44
V14958,2024-09-01,Active,1,,45-54
V14959,2024-04-04,Active,6,,55+
V14960,2023-10-02,Active,12,,35-44
V14961,2023-10-02,Cancelled,12,,55+
V14962,2023-10-02,Active,12,,45-54
V14963,2023-10-02,Cancelled,12,,25-34
V14964,2024-09-01,Active,1,,35-44
V14965,2023-10-02,Active,12,,35-44
V14966,2024-04-04,Active,6,,25-34
V14967,2022-10-02,Active,24,,18-24
V14968,2023-10-02,Active,12,,45-54
V14969,2022-10-02,Cancelled,24,,25-34
V14970,2023-10-02,Active,12,,18-24
V14971,2024-04-04,Active,6,,55+
V14972,2023-10-02,Active,12,,25-34
V14973,2021-10-02,Active,36,,45-54
V14974,2024-04-04,Cancelled,6,SH2058,35-44
V14975,2023-10-02,Active,12,,55+
V14976,2023-10-02,Paused,12,,25-34
V14977,2024-07-03,Active,3,,25-34
V14978,2024-09-01,Active,1,,45-54
V14979,2023-10-02,Active,12,,35-44
V14980,2024-04-04,Active,6,,35-44
V14981,2024-09-01,Active,1,,45-54
V14982,2024-09-01,Paused,1,,35-44
V14983,2021-10-02,Active,36,,35-44
V14984,2024-07-03,Cancelled,3,SH2011,25-34
V14985,2024-04-04,Active,6,,55+
V14986,2024-04-04,Cancelled,6,SH2032,25-34
V14987,2024-04-04,Cancelled,6,,25-34
V14988,2024-09-01,Active,1,,25-34
V14989,2024-04-04,Active,6,,55+
V14990,2024-09-01,Active,1,,35-44
V14991,2024-04-04,Cancelled,6,SH2003,25-34
V14992,2024-04-04,Active,6,,35-44
V14993,2024-09-01,Cancelled,1,SH2059,25-34
V14994,2024-04-04,Active,6,,55+
V14995,2024-09-01,Paused,1,,35-44
V14996,2023-10-02,Active,12,,25-34
V14997,2022-10-02,Cancelled,24,SH2055,25-34
V14998,2024-04-04,Active,6,,25-34
V14999,2024-07-03,Active,3,,25-34
