show_id,viewer_id,episodes_started,episodes_completed,total_hours_watched,viewing_month,binge_watched
SH2034,V10000,1,0,0.0,2024-08,False
SH2007,V10000,40,35,20.6,2023-11,False
SH2018,V10000,8,6,3.2,2024-01,True
SH2010,V10000,3,2,1.0,2024-05,False
SH2041,V10001,24,17,11.5,2023-11,False
SH2055,V10001,14,8,4.4,2024-01,True
SH2004,V10001,55,52,29.7,2024-02,True
SH2033,V10001,4,3,1.1,2024-04,True
SH2014,V10001,42,39,26.4,2024-08,False
SH2044,V10001,4,1,0.6,2024-03,False
SH2059,V10001,6,4,1.5,2024-09,True
SH2056,V10001,37,31,24.5,2024-10,True
SH2053,V10001,14,11,5.8,2024-07,False
SH2040,V10001,41,34,24.6,2024-06,False
SH2038,V10001,7,6,2.6,2023-11,True
SH2001,V10001,39,22,10.0,2024-01,True
SH2043,V10001,13,10,7.7,2024-04,False
SH2058,V10002,19,9,7.6,2024-04,False
SH2023,V10002,12,11,5.6,2024-09,True
SH2013,V10002,7,6,2.8,2023-12,False
SH2039,V10002,3,1,0.8,2024-08,False
SH2005,V10002,8,6,2.5,2024-07,True
SH2028,V10002,5,2,1.3,2024-03,False
SH2020,V10002,46,37,32.3,2024-09,False
SH2002,V10002,4,2,1.0,2024-01,False
SH2025,V10002,60,11,5.0,2023-12,False
SH2030,V10002,1,0,0.0,2023-12,False
SH2010,V10002,13,12,9.3,2024-06,False
SH2052,V10002,6,3,2.0,2024-06,False
SH2008,V10002,3,1,0.6,2024-04,False
SH2022,V10002,9,8,5.1,2024-09,True
SH2004,V10003,6,3,1.9,2023-11,False
SH2026,V10003,14,9,7.8,2023-11,True
SH2019,V10003,4,3,1.4,2023-12,False
SH2015,V10003,4,3,1.5,2024-08,False
SH2012,V10003,12,8,6.6,2024-10,True
SH2058,V10003,3,2,1.1,2024-04,False
SH2001,V10003,33,13,10.8,2024-09,True
SH2007,V10003,49,41,14.0,2024-04,False
SH2056,V10003,15,8,4.5,2024-10,True
SH2053,V10003,12,9,6.2,2024-01,True
SH2052,V10003,12,10,5.1,2024-07,False
SH2014,V10003,34,27,10.6,2024-09,False
SH2055,V10003,49,33,10.7,2023-11,True
SH2041,V10004,12,8,6.7,2023-12,False
SH2024,V10004,4,2,1.4,2024-03,False
SH2005,V10004,6,3,1.1,2024-09,False
SH2014,V10004,27,14,11.4,2024-07,True
SH2018,V10004,2,1,0.4,2024-09,False
SH2044,V10004,7,6,2.9,2024-03,False
SH2040,V10004,15,20,2.4,2023-11,False
SH2029,V10004,10,8,6.2,2024-10,False
SH2012,V10004,7,5,2.4,2024-10,False
SH2050,V10004,32,27,13.4,2024-01,False
SH2036,V10004,6,5,1.8,2024-03,False
SH2000,V10004,69,37,23.8,2024-10,True
SH2026,V10004,14,8,3.4,2024-02,False
SH2021,V10005,2,1,0.6,2024-08,False
SH2005,V10005,4,2,1.1,2023-12,False
SH2007,V10005,9,4,1.2,2024-08,True
SH2017,V10005,29,24,12.0,2024-07,False
SH2023,V10005,5,3,2.3,2024-06,False
SH2020,V10005,38,20,14.0,2024-06,True
SH2025,V10005,30,24,18.5,2024-03,True
SH2041,V10005,27,23,15.6,2024-08,False
SH2047,V10005,2,1,0.8,2024-04,False
SH2045,V10005,7,5,3.8,2024-05,False
SH2001,V10005,26,22,10.1,2024-08,True
SH2041,V10006,17,11,6.0,2023-12,False
SH2038,V10006,2,1,0.6,2024-09,False
SH2032,V10006,30,20,8.2,2024-05,True
SH2008,V10006,7,6,4.1,2023-12,False
SH2010,V10006,1,0,0.0,2024-08,False
SH2033,V10006,7,4,2.6,2024-09,True
SH2009,V10006,14,5,1.8,2024-04,True
SH2053,V10006,20,18,11.3,2024-09,False
SH2026,V10006,18,13,10.7,2024-01,False
SH2019,V10006,1,0,0.0,2023-12,False
SH2030,V10007,4,2,1.5,2024-06,False
SH2012,V10007,20,16,7.0,2023-12,False
SH2016,V10007,2,0,0.0,2024-09,False
SH2031,V10007,17,14,11.2,2024-09,False
SH2003,V10007,5,3,2.0,2024-09,True
SH2012,V10008,5,3,1.0,2023-12,True
SH2048,V10008,6,5,3.1,2024-03,False
SH2041,V10008,12,9,5.5,2024-05,False
SH2041,V10009,3,2,1.2,2024-10,False
SH2004,V10009,50,35,22.7,2023-11,False
SH2049,V10009,16,11,9.5,2024-06,False
SH2011,V10009,3,1,0.5,2024-09,False
SH2056,V10009,7,6,5.0,2024-09,False
SH2033,V10009,9,5,3.2,2023-12,True
SH2027,V10009,2,0,0.0,2024-04,False
SH2023,V10009,16,10,4.5,2024-01,True
SH2017,V10009,8,5,3.2,2024-03,False
SH2034,V10009,4,2,1.5,2024-08,False
SH2030,V10010,9,8,2.6,2024-03,False
SH2010,V10010,25,19,12.1,2024-01,False
SH2049,V10010,18,13,7.7,2024-02,False
SH2045,V10010,30,27,17.9,2024-02,False
SH2001,V10010,23,19,15.5,2024-08,True
SH2031,V10010,16,13,10.7,2023-12,True
SH2019,V10010,3,1,0.4,2024-01,False
SH2041,V10010,25,15,13.3,2024-10,True
SH2022,V10010,9,3,1.9,2024-02,False
SH2002,V10010,31,25,20.6,2024-09,False
SH2029,V10011,12,10,5.0,2024-06,True
SH2042,V10011,24,20,6.9,2024-01,False
SH2001,V10011,14,5,3.9,2024-07,False
SH2013,V10011,2,1,0.9,2023-11,False
SH2033,V10011,1,0,0.0,2024-05,False
SH2018,V10011,7,3,1.1,2024-07,False
SH2054,V10011,3,2,0.6,2024-04,False
SH2053,V10011,31,25,16.7,2024-07,False
SH2057,V10011,7,4,2.5,2023-12,False
SH2056,V10011,35,24,16.3,2024-07,True
SH2055,V10011,16,12,3.8,2024-07,False
SH2026,V10011,27,24,11.0,2024-09,False
SH2021,V10011,14,6,2.4,2024-03,False
SH2008,V10011,3,1,0.8,2024-02,False
SH2016,V10011,1,0,0.0,2024-08,False
SH2050,V10012,34,26,8.5,2024-02,False
SH2046,V10012,10,9,4.1,2024-06,True
SH2054,V10012,8,6,2.5,2023-11,True
SH2000,V10012,11,7,6.1,2024-04,False
SH2027,V10012,3,1,0.5,2024-05,False
SH2032,V10012,30,19,6.1,2024-07,True
SH2059,V10012,1,0,0.0,2024-08,False
SH2020,V10012,17,14,9.6,2024-10,False
SH2040,V10013,21,16,6.3,2024-02,True
SH2053,V10013,40,37,15.2,2023-12,False
SH2036,V10013,3,2,1.3,2024-08,False
SH2028,V10013,11,6,2.7,2024-09,False
SH2054,V10013,8,4,1.9,2024-06,False
SH2014,V10013,10,3,1.9,2024-07,True
SH2005,V10013,5,3,1.8,2024-09,True
SH2046,V10013,26,18,13.7,2024-05,False
SH2011,V10013,4,3,2.6,2024-04,False
SH2039,V10013,5,3,2.6,2024-06,False
SH2057,V10013,8,4,3.4,2024-06,False
SH2020,V10013,24,15,6.4,2024-03,False
SH2046,V10014,8,4,2.0,2024-08,True
SH2006,V10014,1,0,0.0,2024-05,False
SH2037,V10014,6,4,1.2,2024-04,True
SH2024,V10014,28,16,10.4,2024-10,False
SH2031,V10014,15,12,4.1,2024-03,True
SH2009,V10014,6,4,2.4,2024-02,False
SH2039,V10014,8,4,1.7,2024-06,False
SH2058,V10014,32,21,15.8,2024-04,False
SH2028,V10014,18,11,3.7,2024-07,False
SH2023,V10014,22,9,-3.5,2024-10,False
SH2025,V10014,54,41,24.9,2024-08,False
SH2055,V10014,28,14,6.2,2024-03,False
SH2022,V10015,4,2,1.0,2024-04,False
SH2015,V10015,5,2,1.3,2023-12,False
SH2030,V10015,11,7,2.5,2024-01,True
SH2049,V10015,9,7,2.8,2024-06,False
SH2032,V10015,11,8,4.9,2024-05,False
SH2000,V10015,43,34,24.9,2024-01,True
SH2014,V10015,6,2,0.7,2024-05,False
SH2033,V10015,4,3,1.8,2024-03,False
SH2050,V10015,7,3,1.5,2024-01,False
SH2026,V10015,25,18,8.6,2024-09,False
SH2004,V10015,53,32,22.1,2024-06,False
SH2013,V10015,6,4,3.0,2024-05,True
SH2031,V10015,2,0,0.0,2024-03,False
SH2023,V10015,17,14,9.3,2024-03,False
SH2047,V10015,1,0,0.0,2023-11,False
SH2059,V10016,2,1,0.7,2024-09,False
SH2047,V10016,1,0,0.0,2024-10,False
SH2017,V10016,20,18,7.2,2024-10,False
SH2001,V10016,24,15,13.2,2023-11,False
SH2046,V10016,28,15,10.9,2024-05,False
SH2015,V10016,2,1,0.5,2024-06,False
SH2007,V10016,26,23,9.2,2024-07,False
SH2029,V10016,2,1,0.8,2024-05,False
SH2039,V10017,3,1,0.7,2024-08,False
SH2059,V10017,6,3,1.7,2024-06,False
SH2049,V10017,18,15,13.4,2023-11,True
SH2036,V10017,3,2,1.1,2024-07,False
SH2000,V10017,46,38,31.9,2023-12,False
SH2057,V10017,4,3,1.5,2024-10,False
SH2016,V10017,2,1,0.4,2024-01,False
SH2043,V10017,1,0,0.0,2024-08,False
SH2058,V10017,21,10,4.8,2024-09,False
SH2042,V10017,30,28,24.2,2024-05,False
SH2045,V10018,28,23,17.1,2024-08,True
SH2054,V10018,8,3,1.1,2024-07,True
SH2043,V10018,16,12,7.4,2024-08,False
SH2041,V10018,29,17,8.9,2024-09,False
SH2051,V10018,48,34,25.0,2024-04,False
SH2005,V10018,6,5,3.4,2024-01,False
SH2038,V10018,7,5,2.6,2024-07,False
SH2024,V10018,40,28,12.8,2024-08,False
SH2044,V10018,7,4,1.6,2024-04,True
SH2028,V10018,30,28,11.1,2024-09,False
SH2015,V10019,1,0,0.0,2024-03,False
SH2023,V10019,8,6,4.9,2024-07,False
SH2009,V10019,18,10,4.7,2024-04,False
SH2027,V10019,2,1,0.8,2024-08,False
SH2004,V10019,30,21,13.3,2024-08,False
SH2032,V10019,36,19,12.4,2024-05,False
SH2007,V10019,45,41,31.7,2024-02,False
SH2000,V10020,67,40,13.7,2023-12,False
SH2004,V10020,36,26,22.7,2024-03,False
SH2008,V10020,4,2,1.6,2024-01,False
SH2025,V10021,55,50,42.3,2024-08,False
SH2015,V10021,2,1,0.7,2024-09,False
SH2054,V10021,7,4,3.5,2024-01,False
SH2031,V10022,24,7,5.9,2024-05,False
SH2048,V10022,52,45,38.5,2024-02,True
SH2037,V10022,36,19,7.8,2023-11,True
SH2054,V10022,4,3,1.5,2024-03,True
SH2056,V10022,21,18,7.7,2024-06,True
SH2002,V10022,33,17,8.8,2024-05,False
SH2016,V10022,3,2,1.0,2024-09,False
SH2001,V10022,37,24,13.4,2024-04,True
SH2015,V10022,2,1,0.7,2024-03,False
SH2032,V10022,11,10,8.2,2024-01,False
SH2009,V10022,4,2,1.5,2024-01,False
SH2050,V10022,4,3,2.5,2024-10,True
SH2007,V10023,34,31,22.0,2023-12,False
SH2014,V10023,10,7,4.9,2024-08,True
SH2034,V10023,2,1,0.8,2023-11,False
SH2001,V10023,1,0,0.0,2023-11,False
SH2008,V10023,3,2,1.3,2023-11,False
SH2041,V10023,11,8,3.3,2023-11,False
SH2038,V10023,5,4,3.0,2024-01,True
SH2023,V10023,6,4,2.9,2024-02,False
SH2039,V10023,2,1,0.8,2024-09,False
SH2046,V10023,5,3,1.4,2024-05,False
SH2041,V10024,22,21,6.5,2024-06,True
SH2019,V10024,4,3,2.1,2024-06,False
SH2001,V10024,31,29,23.6,2024-05,False
SH2055,V10025,58,40,19.8,2024-02,False
SH2030,V10025,1,0,0.0,2024-10,False
SH2033,V10025,9,6,3.7,2024-04,False
SH2007,V10025,20,14,5.8,2024-02,False
SH2002,V10025,19,16,10.2,2024-09,False
SH2053,V10025,11,10,7.8,2024-04,False
SH2042,V10025,22,15,5.2,2024-10,False
SH2008,V10025,10,9,4.2,2024-04,False
SH2019,V10025,4,3,2.3,2023-12,False
SH2010,V10025,38,27,8.5,2024-09,False
SH2013,V10025,5,3,2.4,2024-07,False
SH2006,V10025,1,0,0.0,2024-08,False
SH2020,V10025,45,43,17.1,2024-03,False
SH2030,V10026,2,1,0.8,2024-03,False
SH2042,V10026,24,16,8.7,2024-04,True
SH2025,V10026,58,45,17.5,2024-08,False
SH2059,V10026,2,1,0.5,24-10,False
SH2028,V10027,37,20,6.7,2024-01,True
SH2042,V10027,26,15,10.9,2024-06,True
SH2044,V10027,2,1,0.3,2024-02,False
SH2048,V10027,5,2,1.8,2024-08,False
SH2058,V10028,20,11,6.9,2023-11,True
SH2019,V10028,2,1,0.6,2024-01,False
SH2012,V10028,20,19,10.0,2024-01,False
SH2016,V10028,2,1,0.7,2024-07,False
SH2022,V10029,9,6,4.3,2023-12,False
SH2032,V10029,8,6,4.0,2024-03,True
SH2015,V10029,5,3,2.0,2023-11,False
SH2021,V10029,20,10,4.1,2023-12,True
SH2020,V10029,26,16,13.5,2023-12,False
SH2049,V10029,25,13,5.7,2024-09,True
SH2002,V10029,24,18,10.6,2024-08,False
SH2056,V10029,29,24,19.7,2023-11,True
SH2048,V10029,29,20,11.7,2023-11,False
SH2050,V10029,14,6,2.8,2024-03,False
SH2027,V10029,2,1,0.4,2024-10,False
SH2045,V10029,39,20,10.1,2024-08,False
SH2016,V10029,3,2,1.4,2024-04,False
SH2010,V10029,30,28,17.5,2024-07,False
SH2023,V10029,14,10,6.1,2023-11,False
SH2048,V10030,2,1,0.5,2024-05,False
SH2044,V10030,7,6,5.1,2024-04,False
SH2058,V10030,25,24,11.9,2024-01,False
SH2011,V10030,9,4,1.4,2023-12,False
SH2002,V10030,12,9,6.1,2024-08,True
SH2040,V10030,27,15,9.5,2024-09,False
SH2052,V10030,6,4,1.8,2024-03,True
SH2057,V10030,3,2,0.6,2024-03,False
SH2017,V10030,28,21,18.1,2024-07,False
SH2028,V10030,38,28,12.3,2024-03,False
SH2018,V10030,3,1,0.6,2024-06,False
SH2039,V10030,4,2,1.7,2024-05,False
SH2026,V10030,13,11,3.4,2024-09,False
SH2054,V10030,4,2,1.5,2024-03,False
SH2003,V10030,2,1,0.7,2023-12,False
SH2054,V10031,3,1,0.8,2024-07,False
SH2043,V10031,4,2,0.7,2024-03,False
SH2032,V10031,4,1,0.7,2024-01,False
SH2022,V10032,4,2,1.0,2024-02,False
SH2036,V10032,6,5,3.2,2024-07,True
SH2040,V10032,27,21,8.5,2024-05,False
SH2030,V10032,7,3,1.1,2024-03,True
SH2033,V10032,2,1,0.8,2024-03,False
SH2013,V10032,6,4,2.0,2024-09,True
SH2014,V10032,32,21,7.7,2024-09,False
SH2029,V10032,9,5,4.2,2024-07,True
SH2022,V10033,8,7,6.2,2024-04,False
SH2042,V10033,15,13,11.3,2024-09,False
SH2055,V10033,6,4,3.3,2024-03,False
SH2009,V10033,3,1,0.8,2024-02,False
SH2047,V10033,3,2,1.8,2024-07,False
SH2051,V10033,52,43,30.9,2024-01,False
SH2038,V10033,6,3,2.0,2024-03,False
SH2002,V10033,29,16,13.5,2024-05,True
SH2005,V10033,5,2,1.4,2024-08,False
SH2058,V10033,20,16,13.4,2024-02,True
SH2027,V10033,3,2,1.2,2024-06,False
SH2056,V10033,27,22,15.5,2024-10,False
SH2012,V10033,2,1,0.8,2024-10,False
SH2053,V10033,31,26,8.2,2024-03,True
SH2000,V10033,2,1,0.8,2024-08,False
SH2008,V10034,6,4,3.2,2024-08,True
SH2040,V10034,11,6,2.3,2024-01,False
SH2000,V10034,24,16,6.0,2024-06,True
SH2015,V10034,1,0,0.0,2024-06,False
SH2043,V10034,6,3,2.5,2024-02,False
SH2025,V10034,2,0,0.0,2024-04,False
SH2051,V10034,56,29,23.4,2024-06,False
SH2046,V10034,18,14,6.4,2024-07,False
SH2036,V10034,4,2,1.4,2024-05,False
SH2057,V10034,11,8,3.8,2024-02,False
SH2007,V10034,44,33,20.5,2023-11,False
SH2024,V10035,9,7,6.2,2023-12,False
SH2025,V10035,9,6,3.3,2024-01,False
SH2016,V10035,2,1,0.6,2024-05,False
SH2034,V10035,2,1,0.5,2024-04,False
SH2000,V10036,33,32,21.3,2024-01,True
SH2017,V10036,13,10,4.3,2024-10,True
SH2024,V10036,46,32,10.3,2024-09,False
SH2014,V10036,31,21,17.4,2024-05,False
SH2038,V10036,2,1,0.7,2024-10,False
SH2045,V10036,48,35,30.0,2024-03,True
SH2040,V10036,2,1,0.8,2024-03,False
SH2034,V10036,5,2,0.9,2023-11,False
SH2025,V10036,60,43,34.3,2024-03,False
SH2038,V10037,6,4,2.9,2024-10,False
SH2040,V10037,18,13,11.6,2024-04,True
SH2049,V10037,31,25,17.7,2024-02,False
SH2058,V10037,32,29,19.1,2024-04,False
SH2002,V10037,36,12,7.3,2023-12,False
SH2034,V10037,10,6,2.5,2024-08,False
SH2021,V10037,25,17,15.0,2024-07,False
SH2051,V10037,49,17,6.6,2024-05,False
SH2020,V10037,37,25,12.3,2024-01,False
SH2000,V10037,23,18,14.0,2024-10,False
SH2039,V10037,7,3,1.7,2024-02,False
,V10037,11,8,6.6,2023-12,True
SH2004,V10037,29,18,6.1,2024-05,False
SH2053,V10038,36,24,20.8,2024-05,False
SH2012,V10038,11,8,3.8,2024-04,False
SH2059,V10038,1,0,0.0,2024-04,False
SH2017,V10038,15,10,4.8,2024-04,False
SH2002,V10038,29,20,6.0,2024-07,True
SH2014,V10038,42,27,16.2,2024-04,False
SH2026,V10038,4,2,1.0,2024-05,False
SH2019,V10038,2,0,0.0,2024-02,False
SH2011,V10038,7,4,1.9,2024-10,True
SH2001,V10038,18,10,6.5,2024-05,False
SH2007,V10038,26,22,18.9,2024-10,False
SH2048,V10038,12,10,9.0,2024-10,True
SH2030,V10038,9,7,4.4,2024-02,False
SH2058,V10038,12,10,4.1,2024-02,False
SH2045,V10038,18,11,5.8,2024-05,True
SH2052,V10039,15,9,7.6,2024-02,True
SH2056,V10039,16,13,9.2,2024-09,False
SH2030,V10039,4,2,0.9,2024-03,False
SH2006,V10039,4,1,0.3,2024-06,False
SH2027,V10040,2,0,0.0,2024-07,False
SH2044,V10040,7,3,2.5,2024-09,False
SH2001,V10040,25,16,5.5,2024-06,False
SH2043,V10040,15,9,5.9,2024-05,False
SH2030,V10040,1,0,0.0,2024-10,False
SH2017,V10040,25,18,15.9,2024-10,False
SH2007,V10040,26,11,3.9,2024-08,False
SH2032,V10040,4,3,2.2,2024-01,False
SH2026,V10040,5,4,3.4,2024-05,True
SH2009,V10040,20,15,4.8,2024-09,False
SH2051,V10041,36,31,23.5,2024-03,False
SH2046,V10041,11,7,6.1,2024-05,True
SH2034,V10041,9,8,5.0,2023-11,False
SH2000,V10041,27,24,17.4,2024-01,False
SH2050,V10041,22,19,7.2,2024-03,True
SH2032,V10041,32,22,18.7,2024-06,False
SH2047,V10041,4,3,2.5,2024-06,True
SH2030,V10041,2,1,0.3,2023-12,False
SH2041,V10041,3,2,1.7,2024-09,False
SH2020,V10041,26,22,14.3,2024-01,False
SH2038,V10041,7,5,1.9,2024-04,False
SH2043,V10041,17,9,4.5,2024-05,True
SH2019,V10041,4,1,0.4,2023-12,False
SH2054,V10041,2,1,0.7,2024-02,False
SH2024,V10041,40,21,14.9,2024-10,False
SH2053,V10042,15,12,5.3,2024-10,False
SH2048,V10042,34,17,6.1,2024-01,False
SH2006,V10042,5,4,3.6,2023-12,False
SH2031,V10042,18,12,5.4,2024-10,False
SH2026,V10042,30,27,9.1,2024-04,False
SH2030,V10043,5,4,1.7,2023-12,False
SH2000,V10043,37,21,10.8,2024-08,True
SH2048,V10043,30,27,21.2,2024-03,True
SH2056,V10043,32,26,19.5,2023-12,True
SH2044,V10044,2,0,0.0,2024-06,False
SH2016,V10044,1,0,0.0,2024-07,False
SH2026,V10044,9,7,3.3,2024-08,False
SH2021,V10044,9,6,2.2,2024-05,True
SH2010,V10044,22,18,5.5,2024-02,True
SH2030,V10044,2,1,0.7,2024-02,False
SH2048,V10044,30,21,18.4,2024-04,False
SH2018,V10044,6,4,3.0,2024-05,True
SH2052,V10044,9,3,1.3,2024-10,True
SH2058,V10044,26,20,12.7,2024-07,False
SH2027,V10044,2,1,0.7,2024-07,False
SH2038,V10044,6,4,3.4,2024-10,False
SH2002,V10044,14,10,5.4,2024-09,False
SH2024,V10044,27,9,3.9,2024-08,False
SH2036,V10045,6,5,4.0,2024-10,True
SH2030,V10045,8,4,2.1,2023-12,False
SH2058,V10045,31,23,20.3,2024-05,True
SH2052,V10045,8,5,3.4,2024-10,False
SH2010,V10046,36,28,9.6,2024-02,False
SH2057,V10046,8,6,3.9,2023-11,False
SH2026,V10046,12,6,5.0,2024-03,False
SH2048,V10046,4,3,1.6,2024-07,False
SH2012,V10046,2,1,0.8,2024-01,False
SH2041,V10046,13,10,7.0,2023-11,False
SH2051,V10046,46,26,14.4,2024-06,True
SH2033,V10047,4,3,1.8,2024-10,True
SH2056,V10047,24,21,8.5,2024-02,False
SH2004,V10047,44,41,21.7,2024-09,True
SH2029,V10048,14,7,6.2,2024-07,False
SH2016,V10048,2,0,0.0,2024-10,False
SH2001,V10048,25,17,10.5,2024-06,False
SH2009,V10048,12,8,7.1,2024-08,True
SH2056,V10048,21,4,1.8,2024-02,True
SH2055,V10048,26,8,5.8,2024-05,False
SH2021,V10048,1,0,0.0,2024-05,False
SH2025,V10048,50,40,22.3,2023-11,False
SH2014,V10048,1,0,0.0,2024-07,False
SH2033,V10048,7,4,1.4,2024-03,False
SH2005,V10048,4,2,1.0,2024-08,False
SH2000,V10048,15,12,9.9,2024-05,True
SH2018,V10048,7,4,2.5,2024-08,False
SH2015,V10048,6,3,2.3,2024-07,False
SH2043,V10048,4,3,2.2,2023-11,True
SH2025,V10049,18,11,9.6,2024-03,True
SH2015,V10049,1,0,0.0,2024-08,False
SH2001,V10049,27,19,1024.5,2024-04,False
SH2018,V10049,8,5,4.4,2023-11,False
SH2009,V10049,15,12,6.0,2024-06,True
SH2027,V10049,1,0,0.0,2024-07,False
SH2057,V10050,12,5,4.3,2024-01,True
SH2011,V10050,7,5,3.7,2023-11,False
SH2045,V10050,19,16,11.0,2024-07,False
SH2026,V10051,28,17,14.5,2024-10,True
SH2041,V10051,6,3,2.2,2023-12,False
SH2040,V10051,7,5,1.5,2024-09,True
SH2049,V10051,3,2,0.7,2023-11,False
SH2044,V10051,1,0,0.0,2024-04,False
SH2029,V10051,7,3,2.0,2024-02,False
SH2045,V10051,20,18,7.1,2024-02,False
SH2017,V10052,25,19,10.9,2024-03,False
SH2032,V10052,21,20,6.6,2024-04,True
SH2022,V10052,7,4,1.7,2023-12,True
SH2051,V10052,42,28,16.6,2024-10,True
SH2018,V10052,5,3,2.5,2024-07,False
SH2048,V10053,22,15,5.6,2024-03,True
SH2053,V10053,14,9,3.8,2024-02,False
SH2007,V10053,16,8,4.0,2024-06,True
SH2017,V10053,20,17,9.4,2024-06,False
SH2011,V10053,9,5,2.4,2024-10,False
SH2013,V10053,6,5,3.8,2024-10,False
SH2037,V10053,56,45,23.3,2024-02,True
SH2034,V10053,1,0,0.0,2024-09,False
SH2028,V10054,11,8,6.1,2024-05,True
SH2026,V10054,24,19,10.9,2023-12,True
SH2041,V10054,22,16,5.7,2024-10,False
SH2030,V10054,1,0,0.0,2024-01,False
SH2056,V10054,33,19,11.2,2024-02,False
SH2033,V10054,6,4,1.5,2023-12,False
SH2037,V10054,36,34,30.0,2023-12,False
SH2003,V10054,2,0,0.0,2024-06,False
SH2043,V10054,16,12,10.6,2024-05,True
SH2009,V10054,3,2,0.9,2024-08,False
SH2039,V10054,5,3,1.0,2024-01,False
SH2053,V10054,44,38,12.6,2024-09,False
SH2051,V10054,55,39,12.2,2023-11,True
SH2040,V10054,40,9,6.0,2024-02,False
SH2030,V10055,6,2,0.9,2023-11,False
SH2018,V10055,7,4,1.5,2023-11,False
SH2058,V10055,23,11,9.5,2024-04,False
SH2000,V10055,12,10,4.2,2024-03,True
SH2025,V10055,8,6,3.4,2024-02,False
SH2001,V10055,23,19,6.9,2024-07,False
SH2051,V10056,40,33,14.0,2024-08,True
SH2014,V10056,3,2,1.5,2023-11,False
SH2033,V10056,5,4,1.5,2024-07,False
SH2008,V10056,10,8,6.0,2024-10,False
SH2042,V10056,27,22,10.9,2023-11,False
SH2032,V10056,36,26,11.8,2023-11,False
SH2010,V10056,30,27,10.6,2023-11,False
SH2016,V10056,4,3,1.8,2024-06,True
SH2009,V10056,1,0,0.0,2023-12,False
SH2040,V10056,7,6,3.6,2024-10,False
SH2054,V10056,5,4,3.6,2024-10,True
SH2034,V10056,5,3,1.0,2024-06,False
SH2000,V10056,32,16,5.2,2024-03,False
SH2002,V10057,36,30,23.2,2024-06,True
SH2031,V10057,13,7,5.4,2024-07,False
SH2044,V10057,2,1,0.7,2023-11,False
SH2024,V10057,26,17,9.2,2024-08,False
SH2019,V10057,4,2,0.6,2024-04,False
SH2042,V10057,11,8,2.5,2024-09,False
SH2027,V10057,4,2,1.6,2024-05,False
SH2045,V10057,15,10,8.5,2024-07,True
SH2018,V10057,4,2,1.0,2024-10,False
SH2016,V10057,2,1,0.8,2024-03,False
SH2057,V10057,3,2,1.7,2024-10,False
SH2051,V10057,40,36,14.0,2023-12,True
SH2021,V10057,13,5,2.9,2024-09,True
SH2046,V10057,5,3,2.7,2024-02,False
SH2058,V10058,13,10,5.1,2024-02,False
SH2057,V10058,4,2,0.8,2024-10,False
SH2049,V10058,14,11,8.0,2024-03,False
SH2025,V10058,13,8,2.4,2024-05,False
SH2030,V10058,1,0,0.0,2023-11,False
SH2002,V10058,30,25,21.2,2024-05,False
SH2027,V10058,4,3,1.4,2024-08,True
SH2028,V10058,4,2,1.6,2024-01,False
SH2002,V10059,6,5,4.0,2024-01,False
SH2022,V10059,7,5,2.7,2024-02,True
SH2024,V10059,45,32,13.7,2024-05,False
SH2027,V10059,1,0,0.0,2024-08,False
SH2046,V10059,4,2,1.5,2024-08,False
SH2043,V10059,13,9,7.9,2024-08,True
SH2003,V10059,1,0,0.0,2023-12,False
SH2057,V10059,4,2,0.6,2024-07,False
SH2004,V10059,26,23,7.9,2024-06,False
SH2030,V10059,5,2,1.0,2024-02,False
SH2048,V10059,25,16,13.4,2024-09,True
SH2016,V10059,2,1,0.6,2023-11,False
SH2021,V10060,11,6,2.1,2024-03,False
SH2000,V10060,48,40,28.6,2024-06,True
SH2042,V10060,12,6,2.8,2024-09,True
SH2037,V10060,34,23,15.6,2024-07,True
SH2051,V10060,19,14,8.8,2024-04,False
SH2024,V10060,37,27,16.3,2024-07,True
SH2013,V10061,0,6,4.5,2024-08,False
SH2029,V10061,3,1,0.3,2023-12,False
SH2051,V10061,11,9,3.3,2024-03,False
SH2032,V10061,36,26,20.3,2024-01,True
SH2019,V10062,4,2,1.3,2024-01,False
SH2000,V10062,17,13,8.9,2024-03,False
SH2016,V10062,2,1,0.9,2024-08,False
SH2058,V10062,26,17,14.5,2024-08,False
SH2029,V10062,14,11,8.5,2024-09,False
SH2043,V10062,12,5,3.7,2024-04,True
SH2021,V10062,13,6,2.9,2024-07,False
SH2051,V10062,42,37,29.3,2023-11,False
SH2037,V10062,56,30,18.2,2024-07,False
SH2052,V10062,3,1,0.3,2024-08,False
SH2053,V10062,24,18,9.3,2023-11,True
SH2039,V10062,6,3,1.4,2024-05,True
SH2022,V10062,8,4,2.5,2024-10,True
SH2055,V10062,53,48,15.0,2024-05,True
SH2036,V10063,3,2,0.7,2024-09,False
SH2043,V10063,3,1,0.6,2024-10,False
SH2014,V10063,28,20,6.6,2024-08,True
SH2039,V10063,5,3,1.0,2024-04,True
SH2051,V10063,13,7,6.0,2024-02,True
SH2045,V10064,36,20,7.0,2024-10,False
SH2052,V10064,4,2,1.2,2024-07,False
SH2059,V10064,4,3,1.6,2024-10,True
SH2008,V10064,8,3,2.0,2024-10,True
SH2003,V10064,2,1,0.6,2024-01,False
SH2012,V10065,12,8,4.9,2024-05,False
SH2059,V10065,5,1,0.6,2024-10,False
SH2056,V10065,7,3,1.5,2024-05,True
SH2033,V10066,6,2,0.8,2024-10,False
SH2045,V10066,15,11,7.7,2024-07,False
SH2044,V10066,3,1,0.6,2024-08,False
SH2019,V10066,3,1,0.8,2023-11,False
SH2005,V10066,9,4,1.8,2023-12,False
SH2009,V10066,15,9,5.5,2024-05,False
SH2049,V10066,16,15,7.0,2023-12,False
SH2039,V10066,8,7,4.4,2024-06,False
SH2025,V10066,19,15,5.7,2024-01,True
SH2043,V10066,6,2,1.1,2024-06,False
SH2001,V10066,31,22,16.0,2023-11,False
SH2008,V10066,3,2,1.4,2023-11,False
SH2017,V10066,19,13,7.0,2024-02,True
SH2054,V10066,3,2,1.5,2024-08,False
SH2019,V10067,2,0,0.0,2024-01,False
SH2055,V10067,61,24,18.2,2024-08,True
SH2059,V10067,1,0,0.0,2024-07,False
SH2044,V10067,3,2,1.8,2024-06,False
SH2002,V10067,3,2,1.0,2024-09,False
SH2046,V10067,4,2,1.0,2024-05,False
SH2000,V10067,16,14,10.4,2023-11,True
SH2033,V10067,1,0,0.0,2024-06,False
SH2032,V10067,29,22,16.6,2023-11,True
SH2052,V10067,15,11,5.3,2024-08,False
SH2025,V10067,48,32,15.3,2024-08,True
SH2036,V10067,4,2,1.2,2024-01,False
SH2040,V10067,18,11,8.1,2024-03,True
SH2013,V10067,2,1,0.5,2024-03,False
SH2012,V10067,12,4,2.0,2024-04,False
SH2049,V10068,13,7,3.9,2024-01,False
SH2038,V10068,1,0,0.0,2024-06,False
SH2006,V10068,6,5,3.9,2024-10,True
SH2057,V10068,6,2,1.7,2024-10,False
SH2041,V10068,27,25,15.0,2024-01,True
SH2017,V10068,22,18,13.1,2024-05,False
SH2019,V10068,1,0,0.0,2024-01,False
SH2000,V10068,66,41,19.9,2024-09,True
SH2051,V10068,26,21,14.6,2024-10,True
SH2033,V10069,4,1,0.5,2023-11,False
SH2025,V10069,9,4,2.1,2024-05,False
SH2059,V10069,2,1,0.6,2023-11,False
SH2041,V10069,29,24,19.4,2024-08,False
SH2012,V10069,11,7,3.8,2024-01,False
SH2043,V10069,11,8,5.5,2024-08,True
SH2016,V10069,3,2,1.4,2024-08,False
SH2048,V10069,52,24,13.7,2024-01,True
SH2051,V10069,53,50,38.1,2024-10,False
SH2045,V10069,37,31,20.9,2024-08,True
SH2032,V10069,39,20,6.0,2024-05,True
SH2055,V10069,10,7,3.0,2024-03,False
SH2019,V10069,1,0,0.0,2024-03,False
SH2056,V10069,5,4,2.5,2024-09,False
SH2029,V10070,9,8,6.4,2024-04,False
SH2045,V10070,8,2,1.3,2024-02,False
SH2044,V10070,2,1,0.3,2023-11,False
SH2036,V10070,3,1,0.8,2023-11,False
SH2006,V10070,6,4,3.3,2024-06,True
SH2040,V10070,25,21,8.8,2024-08,True
SH2026,V10070,23,14,6.6,2024-01,True
SH2053,V10070,9,4,1.7,2024-01,True
SH2039,V10071,8,6,3.8,2024-09,False
SH2018,V10071,7,5,3.2,2024-06,True
SH2029,V10071,14,12,7.4,2024-09,False
SH2046,V10071,28,27,14.3,2023-11,False
SH2045,V10071,23,14,7.8,2023-12,False
SH2023,V10071,1,0,0.0,2024-01,False
SH2014,V10071,2,1,0.7,2024-03,False
SH2057,V10071,12,4,3.1,2024-06,True
SH2002,V10071,22,16,6.5,2023-12,True
SH2049,V10071,4,3,1.9,2024-02,True
SH2054,V10071,8,4,1.7,2023-11,True
SH2007,V10071,13,9,7.6,2024-10,True
SH2053,V10071,9,3,2.6,2024-04,False
SH2043,V10071,18,13,4.1,2024-02,False
SH2004,V10072,23,21,7.6,2024-10,False
SH2051,V10072,36,19,13.4,2024-04,False
SH2017,V10072,4,3,2.5,2024-06,True
SH2003,V10072,2,0,0.0,2024-08,False
SH2059,V10073,2,1,0.5,2023-11,False
SH2033,V10073,3,1,0.7,2023-11,False
SH2058,V10073,18,10,8.8,2024-05,True
SH2053,V10073,40,28,22.5,2024-07,False
SH2026,V10073,8,4,1.3,2023-11,True
SH2008,V10073,4,3,0.9,2024-04,False
SH2028,V10073,39,29,22.9,2023-11,False
SH2019,V10073,1,0,0.0,2024-07,False
SH2011,V10073,8,6,3.6,2024-08,False
SH2007,V10073,6,5,4.1,2023-11,False
SH2016,V10073,4,3,2.7,2024-06,False
SH2027,V10073,2,0,0.0,2024-01,False
SH2034,V10073,5,3,1.7,2024-06,True
SH2031,V10073,21,19,14.6,2024-07,False
SH2007,V10074,48,28,20.9,2024-04,True
SH2058,V10074,25,21,14.1,2024-01,True
SH2043,V10074,9,5,3.4,2024-01,False
SH2001,V10074,13,9,5.1,2024-05,False
SH2013,V10074,8,4,3.5,2024-02,False
SH2031,V10074,18,12,10.5,2024-02,False
SH2048,V10074,8,6,2.8,2023-11,False
SH2044,V10075,2,1,0.9,2024-07,False
SH2059,V10075,1,0,0.0,2024-07,False
SH2029,V10075,1,0,0.0,2024-01,False
SH2047,V10075,3,2,0.8,2024-10,False
SH2042,V10076,14,7,4.6,2023-12,False
SH2031,V10076,17,11,7.7,2024-02,False
SH2028,V10076,17,14,4.6,2024-06,False
SH2014,V10076,27,18,13.0,2024-09,True
SH2052,V10076,14,8,3.6,2024-10,False
SH2034,V10076,1,0,0.0,2024-01,False
SH2043,V10077,12,7,3.9,2024-02,True
SH2024,V10077,38,34,24.1,2024-03,False
SH2053,V10077,10,5,3.6,2024-06,False
SH2026,V10077,29,19,10.9,2023-11,False
SH2050,V10077,15,11,7.0,2024-02,False
SH2047,V10077,1,0,0.0,2024-01,False
SH2012,V10077,6,4,1.3,2024-06,True
SH2007,V10077,32,30,26.5,2024-06,False
SH2016,V10077,3,2,1.1,2023-11,False
SH2013,V10077,7,4,2.3,2024-10,False
SH2040,V10077,28,11,5.5,2024-05,False
SH2017,V10077,16,13,5.6,2024-03,True
SH2059,V10077,5,2,1.7,2024-07,False
SH2027,V10077,3,1,0.5,2024-02,False
SH2009,V10077,10,8,5.2,2024-05,False
SH2016,V10078,2,0,0.0,2024-01,False
SH2053,V10078,10,7,5.5,2023-11,True
SH2055,V10078,13,10,8.9,2024-04,True
SH2014,V10078,8,6,4.0,2024-08,True
SH2052,V10078,2,1,0.4,2024-07,False
SH2034,V10078,8,5,4.2,2024-01,False
SH2033,V10078,3,2,0.7,2023-12,False
SH2039,V10078,2,1,0.4,2024-04,False
SH2018,V10078,8,5,4.3,2023-11,False
SH2058,V10078,18,13,9.1,2023-12,False
SH2043,V10078,9,5,3.4,2024-03,True
SH2004,V10078,23,18,7.1,2024-02,False
SH2001,V10079,31,21,9.2,2024-02,False
SH2051,V10079,27,16,5.0,2024-10,True
SH2054,V10079,7,5,2.6,2024-05,True
SH2030,V10079,2,1,0.9,2023-12,False
SH2020,V10079,41,37,15.3,2024-07,False
SH2023,V10079,18,12,9.6,2024-07,False
SH2042,V10079,6,2,0.7,2024-05,False
SH2053,V10079,42,28,12.2,2024-09,False
SH2044,V10079,2,1,0.7,2024-03,False
SH2037,V10079,44,42,27.2,2024-05,False
SH2042,V10080,19,14,11.1,2024-01,False
SH2053,V10080,18,12,10.3,2024-05,False
SH2037,V10080,27,22,7.8,2024-07,True
SH2009,V10081,20,11,4.5,2024-06,True
SH2026,V10081,22,21,12.4,2024-08,False
SH2016,V10081,4,3,1.6,2024-04,False
SH2027,V10081,2,0,0.0,2023-11,False
SH2050,V10081,10,7,2.2,2024-09,False
SH2025,V10081,19,16,13.1,2024-07,False
SH2003,V10081,3,2,1.3,2024-01,False
SH2054,V10081,8,2,1.7,2024-06,False
SH2001,V10081,39,34,29.1,2024-07,True
SH2019,V10081,3,2,1.4,2024-01,False
SH2042,V10081,12,11,7.0,2024-05,True
SH2056,V10081,11,7,4.7,2024-10,False
SH2051,V10081,58,39,25.9,2023-12,False
SH2017,V10081,20,15,9.9,2024-07,True
SH2052,V10081,14,12,8.0,2024-03,False
SH2044,V10082,2,1,0.3,2024-08,False
SH2059,V10082,2,1,0.4,2024-01,False
SH2038,V10082,4,2,0.9,2024-04,False
SH2057,V10083,6,4,2.5,2023-11,False
SH2012,V10083,23,18,6.7,2023-12,True
SH2002,V10083,15,10,7.5,2023-11,False
SH2046,V10083,21,18,10.4,2024-05,False
SH2029,V10084,7,4,2.4,2024-01,False
SH2014,V10084,29,22,17.4,2023-11,True
SH2056,V10084,3,2,0.8,2024-04,False
SH2012,V10084,15,12,4.3,2024-08,False
SH2058,V10085,23,20,7.8,2024-04,False
SH2014,V10085,24,10,3.7,2024-06,False
SH2028,V10085,28,25,21.3,2024-01,False
SH2007,V10085,13,6,3.1,2024-05,False
SH2047,V10085,2,0,0.0,2024-06,False
SH2001,V10085,24,12,9.6,2024-01,False
SH2059,V10085,4,3,2.6,2024-10,False
SH2008,V10085,6,4,3.3,2024-06,True
SH2042,V10085,7,6,3.0,2024-06,False
SH2021,V10085,30,25,10.9,2024-04,False
SH2025,V10085,55,22,6.6,2023-11,False
SH2032,V10085,28,8,5.5,2024-09,True
SH2016,V10085,2,1,0.7,2024-03,False
SH2000,V10085,10,6,2.5,2024-08,True
SH2046,V10085,18,11,9.6,2024-09,False
SH2006,V10086,1,0,0.0,2024-10,False
SH2043,V10086,9,5,4.0,2024-08,False
SH2016,V10086,3,1,0.4,2024-06,False
SH2022,V10086,4,2,1.8,2024-07,False
SH2036,V10086,6,4,2.7,2024-09,True
SH2051,V10086,18,13,6.8,2024-05,True
SH2059,V10086,1,0,0.0,2024-05,False
SH2045,V10086,48,32,23.7,2024-08,False
SH2020,V10086,47,30,15.1,2023-11,False
SH2017,V10086,28,19,15.2,2024-06,True
SH2007,V10086,13,9,7.8,2024-09,False
SH2049,V10086,16,9,5.5,2024-07,False
SH2048,V10086,30,27,23.7,2023-12,False
SH2038,V10086,8,6,2.1,2024-07,False
SH2042,V10086,25,9,3.8,2024-07,True
SH2036,V10087,4,3,1.7,2024-06,True
SH2049,V10087,42,24,12.3,2024-04,False
SH2020,V10087,24,16,6.2,2024-07,False
SH2008,V10087,6,5,4.3,2024-05,False
SH2027,V10087,4,2,1.6,2024-05,False
SH2042,V10087,2,1,0.7,2024-04,False
SH2019,V10087,2,1,0.7,2023-12,False
SH2018,V10087,8,6,3.0,2024-04,True
SH2030,V10087,8,7,3.3,2024-02,False
SH2016,V10087,2,1,0.3,2023-12,False
SH2041,V10087,29,19,16.0,2024-04,False
SH2053,V10088,19,7,3.9,2024-01,True
SH2056,V10088,38,34,11.7,2024-04,False
SH2038,V10088,6,4,2.9,2023-12,False
SH2001,V10088,41,38,21.9,2023-12,False
SH2033,V10088,6,2,1.4,2024-01,False
SH2046,V10088,7,5,3.9,2024-01,True
SH2012,V10088,7,5,3.9,2024-01,False
SH2027,V10088,4,2,1.4,2023-12,False
SH2009,V10088,8,3,1.9,2024-08,False
SH2015,V10088,2,1,0.6,2024-02,False
SH2025,V10088,24,18,6.8,2024-04,False
SH2042,V10088,3,2,0.7,2024-08,False
SH2047,V10088,3,1,0.5,2023-11,False
SH2013,V10088,5,2,0.9,2023-12,False
SH2031,V10088,15,7,2.5,2024-10,True
SH2052,V10089,5,2,0.8,2024-02,False
SH2047,V10089,2,0,0.0,2024-06,False
SH2012,V10089,23,15,7.2,2024-01,True
SH2022,V10089,1,0,0.0,2023-11,False
SH2002,V10089,9,7,2.9,2024-03,False
SH2034,V10089,11,7,5.5,2023-11,False
SH2045,V10089,35,26,9.4,2024-03,False
SH2050,V10089,5,4,2.2,2024-04,True
SH2043,V10089,11,7,2.9,2024-09,True
SH2023,V10089,11,4,2.0,2023-11,True
SH2055,V10089,51,35,24.6,2024-09,False
SH2053,V10089,31,22,12.4,2024-03,True
SH2041,V10089,19,13,8.9,2024-08,False
SH2040,V10089,44,39,30.3,2024-07,False
SH2059,V10089,2,1,0.8,2023-12,False
SH2034,V10090,10,8,6.0,2024-10,True
SH2038,V10090,7,5,1.8,2024-03,True
SH2043,V10090,17,16,8.5,2024-09,False
SH2042,V10090,22,17,12.5,2024-04,True
SH2039,V10090,7,6,4.2,2024-10,True
SH2015,V10090,4,2,1.1,2024-01,False
SH2047,V10090,2,1,0.5,2024-05,False
SH2011,V10090,6,4,2.1,2024-03,True
SH2003,V10091,4,2,1.1,2023-11,False
SH2037,V10091,5,2,1.4,2024-09,False
SH2005,V10091,4,2,0.6,2023-11,False
SH2042,V10091,16,9,6.9,2024-03,False
SH2024,V10091,37,30,9.7,2024-06,True
SH2043,V10091,14,11,8.3,2024-07,False
SH2026,V10091,4,2,0.6,2024-06,False
SH2011,V10091,3,2,1.7,2024-03,False
SH2002,V10091,32,21,12.6,2024-07,False
SH2034,V10091,8,6,4.4,2023-12,True
SH2016,V10091,3,2,1.4,2024-05,False
SH2012,V10091,24,15,9.9,2024-10,False
SH2011,V10092,6,4,2.8,2024-02,False
SH2029,V10092,2,1,0.7,2024-08,False
SH2002,V10092,19,2,0.8,2024-09,False
SH2047,V10092,3,2,0.8,2024-05,False
SH2048,V10092,24,12,7.9,2024-03,False
SH2030,V10092,7,5,4.4,2024-07,False
SH2023,V10092,3,1,0.7,2024-03,False
SH2041,V10092,10,8,3.6,2024-02,True
SH2053,V10092,43,35,11.0,2024-02,False
SH2026,V10092,21,14,8.9,2023-12,True
SH2058,V10092,3,2,1.3,2024-05,False
SH2032,V10092,3,1,0.6,2024-09,False
SH2055,V10092,67,52,19.9,2024-07,True
SH2015,V10093,5,2,1.7,2024-10,False
SH2027,V10093,3,2,1.5,2024-05,False
SH2036,V10093,6,3,1.4,2024-03,True
SH2039,V10094,4,3,2.0,2023-12,True
SH2002,V10094,29,20,14.2,2024-09,True
SH2026,V10094,6,2,0.8,2023-12,False
SH2023,V10094,4,2,1.5,2024-10,False
SH2000,V10094,62,31,26.4,2024-04,True
SH2007,V10094,47,40,29.0,2023-12,True
SH2042,V10094,28,19,15.5,2024-10,True
SH2056,V10094,4,2,1.5,2023-11,False
SH2009,V10094,15,12,7.1,2024-07,False
SH2041,V10094,20,12,4.5,2024-01,False
SH2050,V10094,34,19,12.4,2024-07,True
SH2027,V10094,1,0,0.0,2023-12,False
SH2008,V10094,8,5,4.0,2023-11,True
SH2029,V10094,6,4,2.0,2024-08,False
SH2054,V10095,7,5,2.5,2024-05,True
SH2013,V10095,1,0,0.0,2024-06,False
SH2014,V10095,24,21,12.1,2024-06,False
SH2049,V10095,28,24,17.8,2024-09,False
SH2005,V10095,10,5,1.9,2023-11,False
SH2039,V10096,6,4,1.8,2024-05,False
SH2056,V10096,43,33,21.4,2024-10,True
SH2018,V10096,5,4,1.8,2024-07,False
SH2013,V10096,1,0,0.0,2024-04,False
SH2047,V10096,1,0,0.0,2024-08,False
SH2012,V10096,17,9,3.5,2024-06,False
SH2003,V10096,1,0,0.0,2024-01,False
SH2040,V10096,6,3,1.8,2024-10,True
SH2032,V10096,1,0,0.0,2024-09,False
SH2014,V10096,27,19,9.4,2024-04,True
SH2011,V10096,8,3,1.6,2024-05,False
SH2053,V10096,40,27,8.3,2024-06,True
SH2046,V10096,9,7,2.2,2024-03,False
SH2037,V10096,11,8,4.9,2024-07,False
SH2002,V10096,26,22,10.6,2024-09,True
SH2042,V10097,17,12,10.2,2024-02,False
SH2016,V10097,3,2,1.7,2024-03,False
SH2049,V10097,10,8,3.7,2024-01,True
SH2007,V10097,20,14,9.6,2024-09,False
SH2017,V10097,12,7,4.0,2024-06,True
SH2054,V10097,4,1,0.4,2024-05,False
SH2018,V10097,7,4,2.6,2024-07,False
SH2048,V10097,29,24,14.2,2024-06,True
SH2011,V10097,5,3,1.7,2024-09,False
SH2034,V10098,10,7,3.8,2024-09,False
SH2023,V10098,2,1,0.9,2023-12,False
SH2027,V10098,2,0,0.0,2024-08,False
SH2029,V10098,13,6,3.9,2024-02,False
SH2022,V10098,2,1,0.5,2024-08,False
SH2056,V10098,11,6,1.9,2024-01,False
SH2039,V10098,1,0,0.0,2024-03,False
SH2018,V10098,1,0,0.0,2024-06,False
SH2019,V10098,4,2,0.8,2024-06,False
SH2015,V10098,3,2,1.4,2024-08,False
SH2017,V10099,7,5,3.1,2024-04,True
SH2045,V10099,23,12,7.7,2024-09,True
SH2019,V10099,1,0,0.0,2024-03,False
SH2023,V10100,21,18,11.2,2024-05,False
SH2054,V10100,8,6,2.4,2024-05,True
SH2059,V10100,4,2,1.4,2024-02,False
SH2002,V10100,6,4,1.6,2024-08,False
SH2042,V10100,30,28,20.9,2024-08,True
SH2056,V10100,20,13,10.4,2024-01,False
SH2051,V10100,13,8,2.6,2024-09,False
SH2045,V10100,42,30,14.7,2024-08,False
SH2040,V10100,29,23,20.1,2024-07,False
SH2011,V10100,2,1,0.7,2024-01,False
SH2058,V10100,7,5,1.5,2024-01,True
SH2001,V10100,31,18,15.2,2024-04,True
SH2016,V10100,1,0,0.0,2024-06,False
SH2032,V10100,21,13,8.4,2024-04,False
SH2057,V10100,9,4,1.9,2024-09,True
SH2037,V10101,34,20,6.2,2024-08,False
SH2011,V10101,3,2,1.7,2024-05,False
SH2040,V10101,22,10,3.5,2024-04,False
SH2019,V10101,3,2,0.8,2024-07,False
SH2032,V10101,19,15,8.9,2024-04,False
SH2016,V10101,3,1,0.5,2024-05,False
SH2004,V10101,14,8,4.5,2024-10,False
SH2021,V10101,30,15,9.5,2023-11,False
SH2052,V10101,15,13,11.6,2024-07,False
SH2027,V10101,1,0,0.0,2024-04,False
SH2028,V10101,11,7,5.4,2024-01,False
SH2047,V10101,4,3,1.8,2024-10,True
SH2018,V10101,5,2,0.8,2024-08,False
SH2039,V10102,3,2,0.8,2024-04,False
SH2033,V10102,5,4,2.0,2023-12,False
SH2003,V10102,2,1,0.6,2024-09,False
SH2041,V10102,11,7,5.9,2024-10,True
SH2012,V10102,5,3,2.4,2023-12,True
SH2046,V10102,1,0,0.0,2024-03,False
SH2058,V10102,4,1,0.6,2024-03,False
SH2050,V10102,29,23,18.6,2024-01,False
SH2043,V10102,14,12,7.0,2024-09,False
SH2006,V10102,4,2,0.7,2024-02,False
SH2011,V10102,9,5,3.3,2024-04,False
SH2024,V10102,1,0,0.0,2024-09,False
SH2056,V10102,18,8,5.4,2023-12,False
SH2009,V10102,18,13,10.2,2024-10,False
SH2022,V10102,4,3,1.5,2024-01,True
SH2031,V10103,20,18,10.6,2024-03,False
SH2033,V10103,4,2,1.3,2023-11,False
SH2024,V10103,48,34,28.3,2023-12,False
SH2020,V10103,18,13,6.0,2024-04,False
SH2045,V10103,35,17,7.1,2023-12,False
SH2040,V10103,6,4,3.2,2024-08,False
SH2051,V10103,44,36,29.0,2024-07,False
SH2050,V10103,38,24,21.4,2024-07,False
SH2055,V10103,57,53,19.4,2023-11,False
SH2019,V10104,3,2,0.9,2024-07,False
SH2012,V10104,20,7,2.5,2024-10,False
SH2006,V10104,2,1,0.6,2024-08,False
SH2047,V10104,3,2,1.2,2024-04,False
SH2032,V10104,18,12,8.0,2024-02,False
SH2036,V10104,5,4,3.6,2024-06,True
SH2041,V10104,9,7,3.8,2024-08,False
SH2028,V10104,26,12,10.8,2024-03,False
SH2004,V10105,4,3,1.9,2024-04,True
SH2007,V10105,30,22,7.6,2024-05,False
SH2055,V10105,10,7,2.8,2024-01,False
SH2013,V10105,4,3,1.5,2023-12,True
SH2036,V10105,5,3,1.5,2024-06,True
SH2028,V10105,15,13,5.4,2024-09,False
SH2006,V10105,6,5,1.6,2024-09,True
SH2047,V10105,2,1,0.4,2024-08,False
SH2016,V10105,3,2,1.7,2023-11,False
SH2023,V10105,20,12,8.4,2024-03,False
SH2017,V10105,16,13,6.2,2024-03,False
SH2044,V10106,5,2,1.1,2024-07,False
SH2050,V10106,27,25,7.8,2024-07,False
SH2049,V10106,29,15,8.4,2024-05,False
SH2006,V10106,3,2,0.6,2023-12,False
SH2023,V10106,3,1,0.5,2023-11,False
SH2054,V10106,3,2,0.8,2024-07,False
SH2024,V10106,31,23,17.7,2024-08,True
SH2033,V10106,3,1,0.5,2023-11,False
SH2031,V10106,8,3,1.1,2024-03,False
SH2034,V10106,12,8,3.8,2024-07,False
SH2019,V10106,1,0,0.0,2024-03,False
SH2012,V10106,13,11,7.6,2024-04,False
SH2043,V10106,10,8,3.2,2024-10,False
SH2044,V10107,5,3,1.2,2024-02,False
SH2010,V10107,37,25,9.2,2024-03,False
SH2019,V10107,1,0,0.0,2024-02,False
SH2025,V10107,67,59,51.2,2024-01,True
SH2004,V10107,46,29,22.3,2024-10,True
SH2017,V10107,24,12,9.2,2024-02,False
SH2057,V10107,10,7,4.3,2024-04,True
SH2047,V10107,4,3,2.2,2023-11,True
SH2020,V10107,20,11,3.9,2024-03,True
SH2043,V10107,20,10,4.1,2024-01,True
SH2033,V10107,2,0,0.0,2024-06,False
SH2008,V10107,10,6,4.8,2024-10,False
SH2000,V10108,64,61,22.6,2024-01,False
SH2045,V10108,16,13,10.8,2024-08,False
SH2013,V10108,4,2,1.2,2024-01,False
SH2028,V10108,33,22,9.9,2024-02,False
SH2022,V10108,8,7,2.4,2023-12,False
SH2050,V10109,15,13,6.8,2024-01,False
SH2053,V10109,34,25,20.0,2024-10,False
SH2059,V10109,4,2,1.5,2024-07,False
SH2005,V10109,9,7,2.6,2024-02,False
SH2029,V10109,5,4,3.1,2024-10,False
SH2040,V10109,32,19,7.3,2023-12,False
SH2057,V10109,7,5,3.4,2024-06,False
SH2004,V10109,36,32,11.8,2024-01,True
SH2022,V10109,7,5,3.0,2024-06,False
SH2052,V10109,9,5,2.0,2024-03,True
SH2006,V10109,3,2,1.3,2024-10,False
SH2044,V10109,3,2,1.1,2024-06,False
SH2051,V10109,51,46,33.5,2024-07,False
SH2015,V10110,5,4,2.4,2024-04,False
SH2007,V10110,8,6,2.8,2024-08,True
SH2056,V10110,12,9,4.3,2024-04,False
SH2034,V10110,3,2,1.5,2024-09,False
SH2051,V10110,1,0,0.0,2024-07,False
SH2036,V10110,4,1,0.9,2024-05,False
SH2059,V10110,2,1,0.4,2024-01,False
SH2048,V10110,31,18,10.2,2024-02,False
SH2041,V10110,7,6,2.3,2024-09,False
SH2032,V10111,1,0,0.0,2024-07,False
SH2043,V10111,16,7,2.9,2024-04,False
SH2044,V10111,1,0,0.0,2024-08,False
SH2012,V10111,18,13,10.8,2024-04,False
SH2018,V10111,8,5,4.2,2023-11,False
SH2021,V10111,6,4,3.0,2024-08,False
SH2014,V10111,31,29,12.8,2024-05,False
SH2003,V10111,3,2,0.6,2023-12,False
SH2002,V10111,11,8,4.2,2024-05,False
SH2054,V10111,7,5,1.5,2024-10,False
SH2000,V10111,67,32,24.2,2024-03,False
SH2019,V10111,1,0,0.0,2024-02,False
SH2036,V10111,4,2,1.6,2024-03,False
SH2048,V10112,27,21,14.0,2024-05,True
SH2015,V10112,2,1,0.4,2024-06,False
SH2003,V10112,4,2,1.6,2023-12,False
SH2019,V10112,4,3,1.9,2023-12,False
SH2055,V10112,56,36,18.3,2024-02,False
SH2014,V10112,20,16,6.6,2024-03,True
SH2044,V10112,5,4,3.1,2024-07,True
SH2040,V10112,30,15,9.6,2024-09,True
SH2006,V10112,1,0,0.0,2024-08,False
SH2018,V10112,1,0,0.0,2024-03,False
SH2000,V10112,35,26,21.5,2023-12,True
SH2026,V10112,7,5,4.3,2024-01,False
SH2021,V10113,12,9,3.4,2023-11,True
SH2023,V10113,3,2,1.8,2023-11,False
SH2032,V10113,24,19,9.1,2024-03,False
SH2010,V10113,9,3,1.8,2024-01,False
SH2027,V10113,1,0,0.0,2024-10,False
SH2050,V10113,28,26,10.1,2024-07,True
SH2038,V10113,5,3,2.1,2024-10,False
SH2034,V10113,6,4,2.8,2024-05,True
SH2039,V10113,5,2,1.3,2024-07,False
SH2041,V10113,32,18,13.7,2024-06,False
SH2031,V10113,22,13,8.2,2024-04,False
SH2053,V10114,24,12,4.7,2024-08,False
SH2048,V10114,2,1,0.5,2023-11,False
SH2058,V10114,29,16,13.5,2024-01,True
SH2001,V10114,36,31,10.9,2024-01,False
SH2030,V10114,10,9,2.7,2023-12,False
SH2046,V10114,7,6,3.1,2023-12,False
SH2033,V10114,5,3,1.4,2024-02,False
SH2004,V10114,50,32,11.2,2023-12,False
SH2055,V10114,56,43,21.6,2024-09,False
SH2043,V10114,8,7,2.5,2024-03,False
SH2040,V10114,21,15,13.1,2024-07,False
SH2041,V10114,1,0,0.0,2023-12,False
SH2007,V10114,44,10,7.9,2024-04,True
SH2008,V10114,8,6,2.3,2024-07,True
SH2025,V10114,63,28,11.2,2023-12,False
SH2002,V10115,11,4,2.9,2024-05,False
SH2033,V10115,8,5,4.3,2024-03,False
SH2028,V10115,35,29,16.0,2024-05,False
SH2004,V10115,11,6,3.1,2024-10,False
SH2011,V10115,8,7,2.2,2024-07,False
SH2021,V10116,34,23,12.2,2024-09,False
SH2030,V10116,4,2,1.7,2024-04,False
SH2033,V10116,2,1,0.4,2024-08,False
SH2003,V10116,2,1,0.8,2024-10,False
SH2019,V10116,4,3,2.7,2023-12,True
SH2020,V10116,37,13,8.4,2024-10,True
SH2045,V10116,38,22,14.9,2024-10,True
SH2052,V10116,10,7,2.4,2024-08,False
SH2017,V10116,28,20,12.5,2024-02,False
SH2058,V10117,31,23,15.7,2024-05,False
SH2002,V10117,16,12,4.0,2024-03,True
SH2024,V10117,24,19,10.1,2023-12,False
SH2018,V10117,8,6,3.8,2024-05,False
SH2016,V10117,1,0,0.0,2024-01,False
SH2044,V10117,6,5,2.9,2024-09,False
SH2038,V10118,3,2,1.0,2023-11,False
SH2022,V10118,8,5,3.4,2024-02,True
SH2020,V10118,45,31,22.1,2024-04,False
SH2032,V10118,38,24,8.8,2024-09,False
SH2006,V10118,2,1,0.8,2024-03,False
SH2025,V10118,17,12,3.9,2024-02,False
SH2016,V10118,4,3,1.9,2023-12,True
SH2017,V10118,22,13,9.7,2024-04,True
SH2041,V10119,27,10,5.0,2024-03,False
SH2038,V10119,1,0,0.0,2024-05,False
SH2001,V10119,25,22,9.6,2024-06,False
SH2027,V10119,4,2,0.7,2023-11,False
SH2010,V10119,23,9,8.0,2024-08,True
SH2019,V10119,2,1,0.8,2024-04,False
SH2015,V10119,6,2,1.5,2024-08,False
SH2055,V10119,27,15,10.3,2024-03,True
SH2004,V10119,3,2,1.3,2024-05,False
SH2032,V10119,7,5,3.3,2024-10,False
SH2057,V10119,8,7,3.6,2024-08,False
SH2050,V10119,10,7,2.8,2024-09,True
SH2011,V10120,6,5,2.4,2023-12,False
SH2044,V10120,3,2,1.0,2024-03,False
SH2001,V10120,27,14,12.2,2024-05,True
SH2015,V10120,7,4,3.3,2024-08,False
SH2003,V10120,1,0,0.0,2023-12,False
SH2026,V10120,20,16,5.0,2024-04,False
SH2045,V10120,34,28,19.8,2024-09,False
SH2055,V10120,47,42,14.9,2024-05,True
SH2033,V10120,2,1,0.5,2024-03,False
SH2050,V10120,5,3,2.5,2024-03,False
SH2000,V10120,67,51,37.6,2024-08,False
SH2020,V10120,7,5,1.6,2023-12,True
SH2043,V10120,16,9,4.4,2024-07,True
SH2019,V10120,3,2,1.7,2024-04,False
SH2052,V10120,15,9,3.8,2023-11,False
SH2022,V10121,2,1,0.5,2024-01,False
SH2054,V10121,9,5,3.1,2023-11,True
SH2056,V10121,19,13,9.7,2024-02,True
SH2041,V10121,18,14,5.5,2024-05,False
SH2031,V10121,3,2,1.7,2024-08,False
SH2049,V10121,5,4,2.5,2023-11,True
SH2013,V10121,5,4,2.3,2024-02,True
SH2009,V10121,15,6,4.6,2024-06,False
SH2005,V10121,5,2,1.6,2024-01,False
SH2021,V10121,32,20,13.9,2024-03,False
SH2045,V10121,30,27,8.3,2024-07,False
SH2000,V10121,10,8,6.6,2024-08,False
SH2052,V10121,10,8,2.6,2024-03,True
SH2030,V10121,4,2,1.7,2023-11,False
SH2014,V10122,5,4,3.2,2024-05,True
SH2024,V10122,36,32,10.5,2024-08,True
SH2037,V10122,11,6,4.6,2024-04,True
SH2059,V10122,1,0,0.0,2024-01,False
SH2000,V10122,63,31,26.5,2024-10,True
SH2017,V10123,10,3,2.3,2024-07,False
SH2002,V10123,22,6,3.8,2024-02,False
SH2016,V10123,1,0,0.0,2023-12,False
SH2045,V10123,14,10,8.8,2024-01,False
SH2039,V10123,4,3,2.4,2024-09,True
SH2004,V10123,39,36,15.3,2023-11,True
SH2041,V10123,1,0,0.0,2024-08,False
SH2021,V10124,21,14,7.4,2024-02,False
SH2039,V10124,6,4,3.1,2024-04,True
SH2040,V10124,17,15,12.2,2024-04,False
SH2001,V10125,39,31,26.2,2024-06,False
SH2010,V10125,24,19,16.2,2024-06,False
SH2020,V10125,39,22,9.9,2024-06,True
SH2054,V10125,8,6,1.8,2024-03,True
SH2049,V10125,2,1,0.8,2024-06,False
SH2025,V10125,26,24,15.7,2024-07,False
SH2015,V10125,6,4,3.3,2024-10,True
SH2037,V10125,22,18,11.4,2023-12,False
SH2052,V10125,12,7,2.7,2024-07,True
SH2014,V10125,24,16,10.6,2024-04,True
SH2024,V10125,44,28,22.6,2024-10,False
SH2007,V10125,48,32,19.3,2024-08,False
SH2011,V10125,3,2,1.5,2024-09,False
SH2029,V10125,4,0,0.0,2024-03,False
SH2018,V10125,5,3,1.9,2024-04,False
SH2026,V10126,26,19,15.4,2023-12,False
SH2017,V10126,2,1,0.5,2023-12,False
SH2055,V10126,52,43,26.9,2024-07,True
SH2036,V10126,1,0,0.0,2023-11,False
SH2056,V10126,29,21,18.4,2024-10,False
SH2026,V10127,26,19,6.8,2023-12,False
SH2011,V10127,3,2,1.4,2024-03,False
SH2031,V10127,6,4,2.0,2024-02,False
SH2009,V10127,21,19,14.7,2023-11,False
SH2053,V10127,31,24,17.6,2024-08,False
SH2032,V10127,33,29,19.6,2024-02,False
SH2013,V10127,5,3,2.6,2024-10,False
SH2046,V10127,13,11,4.8,2024-02,False
SH2021,V10127,13,9,6.6,2023-12,False
SH2031,V10128,10,9,6.8,2024-03,False
SH2012,V10128,15,8,6.0,2024-07,False
SH2019,V10128,2,1,0.3,2024-10,False
SH2040,V10128,38,19,16.1,2024-10,True
SH2017,V10128,4,3,2.0,2024-02,False
SH2037,V10129,39,25,19.3,2024-03,True
SH2045,V10129,15,11,4.3,2024-07,False
SH2007,V10129,30,27,19.9,2024-04,True
SH2021,V10129,4,3,1.3,2023-12,True
SH2034,V10129,8,4,2.0,2024-03,False
SH2039,V10129,4,2,1.7,2024-05,False
SH2006,V10129,4,2,1.0,2024-04,False
SH2041,V10129,5,4,1.7,2024-05,False
SH2042,V10129,25,23,19.3,2024-05,True
SH2031,V10130,14,12,7.2,2024-03,False
SH2033,V10130,7,5,2.7,2024-08,False
SH2000,V10130,1,0,0.0,2024-03,False
SH2047,V10130,3,2,1.3,2023-12,False
SH2030,V10130,7,6,2.9,2024-02,True
SH2043,V10130,1,0,0.0,2024-01,False
SH2021,V10130,17,11,4.8,2024-03,False
SH2011,V10130,7,4,3.1,2024-04,False
SH2042,V10130,18,11,5.2,2023-12,True
SH2059,V10130,4,1,0.7,2024-01,False
SH2005,V10130,2,1,0.4,2024-09,False
SH2009,V10130,12,8,4.3,2023-11,True
SH2045,V10130,25,18,12.4,2024-01,True
SH2052,V10130,15,9,5.4,2024-07,False
SH2033,V10131,1,0,0.0,2023-11,False
SH2007,V10131,26,22,15.6,2024-06,False
SH2018,V10131,3,2,1.3,2024-04,False
SH2016,V10131,2,1,0.5,2024-06,False
SH2038,V10131,5,4,1.5,2024-06,True
SH2048,V10131,5,4,1.3,2024-07,True
SH2056,V10131,18,12,10.5,2024-05,False
SH2058,V10131,32,21,10.7,2024-04,False
SH2028,V10131,22,19,15.4,2023-11,True
SH2059,V10131,5,2,1.5,2024-08,False
SH2006,V10131,6,4,1.3,2024-10,True
SH2014,V10131,41,33,10.8,2023-11,True
SH2018,V10132,3,2,1.7,2024-04,False
SH2033,V10132,9,6,2.9,2024-10,True
SH2004,V10132,14,9,5.4,2024-02,False
SH2059,V10132,2,1,0.5,2024-08,False
SH2021,V10132,36,32,24.7,2024-03,True
SH2053,V10132,48,34,14.7,2024-07,False
SH2040,V10132,8,6,4.0,2023-11,True
SH2005,V10132,7,5,3.3,2024-05,True
SH2017,V10132,3,1,0.5,2024-02,False
SH2026,V10132,21,11,3.9,2024-10,False
SH2012,V10132,23,10,5.2,2023-12,False
SH2029,V10132,13,9,6.4,2023-12,False
SH2055,V10132,3,2,1.7,2024-10,False
SH2015,V10132,3,2,1.0,2024-07,False
SH2028,V10133,52,30,15.5,2024-07,True
SH2018,V10133,1,0,0.0,2024-01,False
SH2002,V10133,19,7,3.9,2024-08,False
SH2033,V10133,6,4,3.5,2024-09,False
SH2043,V10133,5,4,2.9,2024-07,True
SH2038,V10133,5,3,1.8,2023-11,False
SH2052,V10133,11,9,3.1,2024-04,False
SH2034,V10133,4,3,2.1,2024-06,True
SH2025,V10134,45,35,13.6,2024-07,True
SH2033,V10134,8,5,2.1,2024-07,False
SH2047,V10134,4,2,1.0,2024-07,False
SH2054,V10134,9,8,2.8,2024-06,False
SH2056,V10134,30,26,12.7,2024-10,False
SH2007,V10134,22,16,9.9,2024-07,False
SH2019,V10134,4,2,1.3,2024-01,False
SH2023,V10134,7,4,1.2,2023-12,False
SH2041,V10134,4,3,2.7,2024-08,True
SH2043,V10134,20,13,6.9,2023-11,True
SH2012,V10134,9,5,3.8,2024-02,False
SH2004,V10134,9,7,3.1,2024-04,True
SH2003,V10134,2,1,0.7,2024-06,False
SH2024,V10134,22,9,7.3,2024-05,True
SH2015,V10135,3,1,0.6,2024-07,False
SH2001,V10135,14,7,4.5,2023-12,True
SH2046,V10135,25,14,10.2,2023-12,True
SH2004,V10135,28,25,17.6,2023-11,False
SH2026,V10135,26,10,6.9,2024-02,False
SH2045,V10135,27,18,7.1,2024-05,False
SH2014,V10135,9,6,4.9,2024-06,True
SH2058,V10135,2,1,0.5,2024-06,False
SH2030,V10135,11,3,1.9,2024-02,False
SH2051,V10136,57,50,27.4,2024-05,True
SH2044,V10136,6,3,1.5,2024-02,True
SH2034,V10136,5,1,0.5,2024-05,False
SH2009,V10136,5,3,0.9,2024-06,True
SH2005,V10136,4,3,1.6,2024-08,True
SH2054,V10136,7,6,3.7,2024-02,False
SH2003,V10136,5,2,1.4,2023-12,False
SH2026,V10136,25,19,8.1,2024-07,False
SH2032,V10136,36,25,21.9,2024-10,False
SH2023,V10136,14,8,7.0,2024-10,True
SH2057,V10136,1,0,0.0,2024-03,False
SH2011,V10136,8,6,2.4,2024-05,False
SH2053,V10136,43,32,26.4,2024-04,False
SH2049,V10136,12,6,2.0,2024-10,False
SH2036,V10136,4,3,1.7,2024-08,True
SH2038,V10137,7,4,1.9,2023-11,True
SH2045,V10137,43,24,13.2,2024-08,True
SH2020,V10137,49,31,18.9,2024-08,True
SH2051,V10137,47,24,21.1,2024-05,False
SH2053,V10137,17,11,7.9,2024-06,True
SH2032,V10137,29,20,15.0,2023-11,True
SH2030,V10138,3,2,1.3,2024-08,False
SH2017,V10138,9,6,4.8,2024-06,False
SH2006,V10138,2,1,0.5,2024-09,False
SH2001,V10138,41,30,21.2,2024-09,False
SH2019,V10138,4,2,0.7,2023-11,False
SH2025,V10138,46,39,24.8,2023-12,False
SH2024,V10138,1,0,0.0,2023-11,False
SH2033,V10138,6,3,1.6,2024-02,True
SH2037,V10138,45,39,26.9,2024-07,False
SH2003,V10138,1,0,0.0,2024-02,False
SH2023,V10138,2,1,0.4,2024-08,False
SH2005,V10138,6,5,3.5,2023-12,False
SH2029,V10138,11,10,4.6,2024-03,False
SH2002,V10139,16,6,2.9,2024-02,True
SH2005,V10139,1,0,0.0,2024-10,False
SH2058,V10139,28,14,10.3,2024-03,False
SH2033,V10139,5,3,2.1,2024-08,False
SH2031,V10139,7,6,4.8,2024-04,True
SH2027,V10139,3,2,0.9,2024-08,False
SH2058,V10140,4,3,1.4,2023-11,True
SH2026,V10140,10,6,2.6,2024-07,False
SH2049,V10140,1,0,0.0,2024-02,False
SH2041,V10140,7,4,2.0,2023-12,True
SH2043,V10140,12,8,4.8,2024-05,False
SH2003,V10140,1,0,0.0,2024-10,False
SH2028,V10140,51,35,28.7,2024-08,True
SH2005,V10140,6,4,3.6,2023-11,False
SH2057,V10140,6,5,3.0,2023-12,False
SH2032,V10141,15,8,3.8,2024-09,True
SH2042,V10141,8,2,1.7,2024-07,False
SH2045,V10141,7,4,1.8,2023-11,True
SH2043,V10141,12,9,7.4,2024-08,False
SH2047,V10141,2,0,0.0,2023-12,False
SH2003,V10141,4,3,1.1,2024-03,True
SH2019,V10141,4,2,1.1,2024-09,False
SH2055,V10141,72,64,53.4,2024-10,False
SH2041,V10141,30,25,10.7,2024-08,True
SH2059,V10141,4,3,0.9,2024-07,False
SH2031,V10141,8,5,1.9,2024-06,True
SH2021,V10141,7,6,2.5,2024-05,False
SH2008,V10141,8,3,2.4,2024-05,False
SH2056,V10141,36,17,14.4,2023-12,False
SH2013,V10141,1,0,0.0,2024-08,False
SH2058,V10142,21,14,11.5,2024-01,True
SH2048,V10142,13,11,6.5,2024-08,True
SH2031,V10142,6,4,2.6,2024-06,True
SH2036,V10143,5,4,3.4,2024-09,False
SH2022,V10143,4,3,2.2,2024-08,False
SH2046,V10143,30,26,13.7,2024-10,False
SH2050,V10143,29,26,20.9,2024-02,False
SH2025,V10143,15,9,7.7,2024-09,False
SH2013,V10143,6,3,2.5,2024-04,True
SH2032,V10143,29,23,7.8,2024-02,False
SH2010,V10143,12,7,2.7,2024-09,False
SH2055,V10143,42,25,11.3,2024-06,False
SH2034,V10143,11,9,5.4,2024-04,True
SH2014,V10143,20,19,12.6,2023-12,True
SH2044,V10143,2,0,0.0,2024-04,False
SH2039,V10144,6,1,0.7,2024-01,False
SH2038,V10144,2,1,0.8,2024-02,False
SH2012,V10144,2,1,0.6,2023-12,False
SH2026,V10144,22,18,8.6,2024-07,True
SH2031,V10144,19,6,3.3,2024-06,False
SH2009,V10144,7,6,1.8,2024-10,False
SH2018,V10144,2,0,0.0,2024-05,False
SH2013,V10144,2,1,0.8,2024-01,False
SH2048,V10145,9,8,4.0,2024-02,True
SH2034,V10145,1,0,0.0,2024-09,False
SH2017,V10145,6,2,0.6,2024-08,False
SH2015,V10146,5,2,1.5,2024-01,False
SH2058,V10146,5,3,2.3,2024-02,True
SH2045,V10146,36,15,8.4,2024-04,True
SH2021,V10146,28,21,10.4,2024-01,False
SH2048,V10146,35,27,14.1,2024-09,True
SH2027,V10146,1,0,0.0,2024-02,False
SH2024,V10146,11,6,3.7,2023-12,True
SH2018,V10146,5,3,1.7,2024-04,True
SH2046,V10146,19,11,6.2,2024-10,False
SH2019,V10146,2,1,0.7,2024-05,False
SH2011,V10146,3,1,0.8,2024-02,False
SH2000,V10146,42,34,24.3,2024-02,False
SH2049,V10147,25,15,11.9,2024-02,True
SH2012,V10147,4,3,2.3,2024-08,True
SH2025,V10147,24,15,6.7,2024-01,True
SH2056,V10147,29,21,6.7,2023-11,True
SH2010,V10147,20,12,10.8,2024-10,True
SH2005,V10147,9,7,4.7,2023-11,True
SH2000,V10148,70,41,31.5,2024-06,True
SH2006,V10148,2,1,0.9,2024-04,False
SH2009,V10148,5,3,2.3,2024-05,False
SH2031,V10148,13,8,6.8,2024-09,False
SH2023,V10148,18,15,11.6,2024-07,True
SH2055,V10148,3,2,0.9,2024-01,False
SH2032,V10148,3,1,0.4,2024-01,False
SH2007,V10148,1,0,0.0,2024-09,False
SH2010,V10148,34,21,10.0,2024-09,True
SH2028,V10148,47,37,18.3,2024-02,False
SH2034,V10148,9,8,7.1,2024-03,False
SH2054,V10148,6,3,2.2,2024-08,True
SH2029,V10149,6,4,2.7,2024-04,True
SH2006,V10149,4,2,1.0,2024-02,False
SH2053,V10149,49,42,20.1,2024-01,False
SH2020,V10149,3,1,0.7,2023-11,False
SH2019,V10149,2,1,0.4,2024-10,False
SH2030,V10149,10,9,6.3,2024-07,False
SH2008,V10149,9,5,3.6,2024-09,False
SH2043,V10149,18,12,7.6,2023-11,False
SH2022,V10149,3,1,0.8,2024-03,False
SH2046,V10149,21,16,7.9,2023-12,True
SH2050,V10149,2,1,0.6,2024-04,False
SH2056,V10150,37,34,27.8,2024-01,True
SH2044,V10150,4,2,1.4,2024-08,False
SH2026,V10150,10,8,3.0,2024-08,False
SH2052,V10150,14,11,4.0,2024-02,False
SH2004,V10150,44,34,18.7,2023-11,False
SH2057,V10150,7,5,2.4,2024-09,False
SH2020,V10150,45,33,16.2,2024-01,False
SH2018,V10150,2,1,0.7,2024-09,False
SH2024,V10150,6,4,3.4,2024-02,True
SH2048,V10150,19,16,6.8,2024-03,False
SH2012,V10150,15,10,8.8,2024-10,False
SH2039,V10150,8,6,2.3,2024-09,False
SH2052,V10151,13,7,5.8,2024-07,False
SH2053,V10151,22,18,12.2,2024-08,True
SH2054,V10151,2,1,0.7,2024-02,False
SH2039,V10151,2,1,0.6,2024-03,False
SH2011,V10152,7,3,1.3,2024-03,False
SH2038,V10152,1,0,0.0,2024-05,False
SH2000,V10152,42,20,11.1,2024-05,True
SH2017,V10152,16,10,7.0,2023-11,False
SH2040,V10152,28,21,10.8,2023-11,False
SH2025,V10152,59,36,21.5,2024-07,False
SH2052,V10152,3,2,1.5,2024-10,False
SH2043,V10152,3,2,1.5,2024-06,False
SH2051,V10152,44,31,19.9,2023-11,False
SH2054,V10152,6,4,2.4,2024-06,False
SH2044,V10152,2,1,0.5,2024-03,False
SH2053,V10152,14,9,6.0,2024-01,False
SH2037,V10152,15,7,2.6,2024-07,False
SH2003,V10152,1,0,0.0,2023-11,False
SH2050,V10152,12,7,5.2,2024-01,False
SH2028,V10153,25,19,12.3,2024-03,True
SH2055,V10153,16,9,6.2,2024-05,False
SH2016,V10153,3,1,0.6,2024-10,False
SH2013,V10153,3,2,0.8,2024-06,False
SH2037,V10153,31,15,4.9,2024-10,False
SH2027,V10153,1,0,0.0,2024-03,False
SH2034,V10153,8,3,2.1,2024-09,False
SH2005,V10153,3,2,1.4,2024-01,False
SH2019,V10153,1,0,0.0,2023-11,False
SH2024,V10153,31,19,6.0,2024-06,False
SH2006,V10153,2,1,0.9,2024-06,False
SH2038,V10153,2,1,0.6,2024-03,False
SH2054,V10153,1,0,0.0,2024-09,False
SH2025,V10153,25,16,8.2,2023-12,False
SH2032,V10154,31,23,10.4,2024-06,False
SH2017,V10154,23,18,9.6,2024-08,False
SH2053,V10154,19,13,5.3,2023-11,True
SH2039,V10154,6,4,2.9,2024-04,False
SH2010,V10154,4,3,1.1,2024-01,True
SH2052,V10154,13,11,7.8,2024-10,True
SH2048,V10154,45,18,6.9,2023-12,False
SH2014,V10154,25,21,13.1,2024-01,False
SH2004,V10154,12,7,5.8,2024-08,True
SH2054,V10154,5,4,1.6,2024-05,True
SH2030,V10154,5,3,0.9,2024-08,True
SH2036,V10155,1,0,0.0,2024-09,False
SH2056,V10155,43,28,17.9,2023-11,True
SH2057,V10155,3,2,1.0,2023-11,False
SH2047,V10155,2,1,0.9,2024-04,False
SH2047,V10156,3,2,1.1,2024-09,False
SH2040,V10156,1,0,0.0,2023-12,False
SH2055,V10156,9,6,2.2,2023-11,False
SH2057,V10156,3,1,0.8,2024-01,False
SH2002,V10156,19,11,6.6,2024-07,False
SH2030,V10156,2,1,0.5,2024-03,False
SH2022,V10156,3,2,0.8,2023-12,False
SH2059,V10156,5,3,2.5,2024-05,True
SH2038,V10156,8,6,4.4,2024-03,True
SH2046,V10156,25,21,13.7,2024-06,True
SH2051,V10156,33,26,20.3,2023-11,False
SH2012,V10156,17,11,4.2,2024-07,False
SH2021,V10157,36,26,12.8,2023-11,True
SH2041,V10157,10,6,2.0,2024-09,True
SH2043,V10157,10,9,6.2,2024-01,False
SH2007,V10157,36,28,8.7,2024-03,False
SH2047,V10157,1,0,0.0,2023-11,False
SH2046,V10157,10,6,3.7,2023-12,True
SH2045,V10157,5,2,0.9,2024-04,False
SH2057,V10157,9,4,3.4,2024-08,False
SH2004,V10158,46,22,6.9,2023-11,True
SH2015,V10158,2,1,0.7,2024-06,False
SH2057,V10158,12,3,2.3,2024-07,True
SH2056,V10158,8,6,4.6,2023-12,True
SH2024,V10158,22,7,6.0,2024-10,False
SH2005,V10158,1,0,0.0,2024-09,False
SH2042,V10158,22,17,10.0,2024-03,True
SH2034,V10158,9,6,4.9,2024-08,False
SH2008,V10159,5,3,2.1,2024-06,False
SH2002,V10159,10,8,4.4,2023-12,True
SH2005,V10159,10,8,3.3,2024-09,True
SH2018,V10159,8,6,4.2,2024-01,False
SH2026,V10159,2,1,0.7,2024-01,False
SH2038,V10159,4,0,0.0,2023-11,False
SH2028,V10159,7,3,2.0,2024-10,True
SH2047,V10159,3,2,1.2,2024-09,False
SH2018,V10160,8,7,4.6,2024-02,True
SH2007,V10160,50,41,17.2,2024-01,False
SH2051,V10160,55,37,30.6,2024-03,True
SH2023,V10160,20,9,3.4,2024-01,True
SH2004,V10160,37,31,20.8,2024-09,False
SH2041,V10160,13,8,7.0,2024-07,True
SH2057,V10160,6,4,1.8,2024-02,False
SH2044,V10160,2,1,0.5,2024-04,False
SH2013,V10160,8,5,3.7,2024-10,False
SH2039,V10160,2,1,0.6,2024-05,False
SH2040,V10160,12,8,6.3,2024-02,False
SH2034,V10160,7,5,4.3,2024-02,True
SH2020,V10160,28,23,14.5,2024-08,True
SH2015,V10161,2,1,0.8,2024-07,False
SH2027,V10161,4,3,2.3,2024-04,False
SH2046,V10161,19,12,4.6,2024-05,False
SH2041,V10161,7,5,4.2,2024-01,True
SH2024,V10161,8,7,3.4,2024-08,False
SH2020,V10161,12,8,3.6,2024-05,True
SH2045,V10161,34,30,22.5,2024-07,True
SH2047,V10161,3,2,1.1,2024-04,False
SH2002,V10161,13,11,4.8,2024-06,True
SH2053,V10161,13,7,2.3,2024-07,False
SH2021,V10161,21,15,6.9,2024-05,False
SH2040,V10161,31,27,24.3,2024-04,True
SH2025,V10161,67,42,31.1,2023-12,True
SH2001,V10162,32,26,16.4,2024-08,True
SH2049,V10162,35,28,13.5,2024-10,True
SH2000,V10162,62,51,17.9,2024-02,False
SH2036,V10163,3,1,0.8,2024-04,False
SH2028,V10163,27,21,18.8,2024-10,False
SH2046,V10163,24,13,7.3,2024-07,False
SH2022,V10163,5,3,2.2,2023-12,False
SH2011,V10163,6,1,0.6,2024-02,False
SH2025,V10163,16,9,5.2,2024-08,False
SH2008,V10163,7,3,2.6,2024-10,False
SH2030,V10164,3,2,0.8,2024-03,False
SH2029,V10164,3,1,0.6,2023-11,False
SH2037,V10164,20,15,11.9,2024-06,False
SH2041,V10164,19,13,9.3,2024-10,False
SH2013,V10164,4,2,1.0,2024-09,False
SH2039,V10164,1,0,0.0,2023-11,False
SH2036,V10164,3,1,0.8,2023-12,False
SH2040,V10164,2,1,0.5,2024-03,False
SH2011,V10165,6,3,1.3,2024-02,True
SH2030,V10165,5,4,2.1,2024-03,False
SH2040,V10165,16,10,7.5,2024-08,True
SH2019,V10165,3,2,1.6,2024-05,False
SH2039,V10165,4,2,1.2,2023-12,False
SH2015,V10165,2,1,0.9,2024-08,False
SH2031,V10165,14,10,3.4,2024-02,False
SH2018,V10165,1,0,0.0,2023-11,False
SH2029,V10165,7,5,3.7,2024-07,True
SH2008,V10165,3,1,0.5,2024-04,False
SH2007,V10165,24,10,4.5,2024-02,False
SH2014,V10165,22,17,8.0,2024-05,True
SH2052,V10165,13,11,4.0,2024-08,False
SH2034,V10165,9,7,4.1,2024-01,False
SH2043,V10166,17,13,9.9,2024-04,True
SH2048,V10166,29,27,17.2,2023-11,True
SH2025,V10166,60,38,32.0,2024-04,False
SH2009,V10166,21,15,6.4,2024-10,False
SH2049,V10166,41,24,10.0,2023-11,True
SH2059,V10166,6,4,2.5,2024-05,False
SH2047,V10166,1,0,0.0,2024-09,False
SH2058,V10166,28,25,17.6,2024-03,False
SH2010,V10166,34,24,17.3,2024-04,True
SH2002,V10166,4,2,1.3,2024-06,False
SH2055,V10166,67,52,30.3,2024-08,False
SH2015,V10166,2,1,0.8,2024-08,False
SH2037,V10166,28,22,13.2,2024-07,True
SH2017,V10167,5,4,3.5,2023-12,True
SH2033,V10167,4,3,1.4,2024-02,True
SH2052,V10167,4,3,2.0,2024-09,False
SH2041,V10167,3,1,0.4,2024-08,False
SH2049,V10167,7,5,4.4,2024-05,False
SH2050,V10167,18,16,8.1,2023-11,False
SH2043,V10167,7,4,3.4,2024-04,False
SH2004,V10167,28,12,9.9,2024-06,True
SH2039,V10167,7,4,1.9,2024-08,True
SH2029,V10168,4,3,1.4,2024-01,True
SH2040,V10168,3,2,0.8,2024-02,False
SH2047,V10168,1,0,0.0,2023-12,False
SH2005,V10168,9,2,0.7,2023-12,False
SH2013,V10168,1,0,0.0,2024-01,False
SH2032,V10168,17,13,9.9,2024-08,False
SH2008,V10168,7,6,3.2,2024-06,True
SH2050,V10168,22,19,12.4,2024-02,True
SH2051,V10168,47,29,24.2,2024-06,False
SH2056,V10169,22,17,14.0,2023-11,True
SH2041,V10169,22,17,7.3,2024-10,True
SH2007,V10169,43,35,30.5,2024-06,True
SH2058,V10169,8,3,1.8,2024-04,False
SH2040,V10169,31,21,14.1,2024-01,True
SH2031,V10170,8,7,2.2,2023-12,True
SH2003,V10170,3,2,0.6,2024-06,False
SH2059,V10170,3,2,0.8,2024-03,False
SH2002,V10170,27,16,7.4,2024-06,False
SH2005,V10170,3,1,0.5,2024-06,False
SH2004,V10170,31,22,15.8,2024-03,False
SH2057,V10171,11,9,3.4,2024-05,True
SH2009,V10171,5,3,1.9,2024-05,False
SH2017,V10171,2,0,0.0,2024-10,False
SH2056,V10171,41,19,7.0,2023-12,False
SH2018,V10171,8,5,2.7,2024-01,False
SH2001,V10171,23,15,12.5,2024-07,True
SH2054,V10171,5,2,0.7,2023-11,False
SH2005,V10172,9,8,6.2,2024-02,True
SH2010,V10172,23,13,8.8,2024-10,False
SH2038,V10172,1,0,0.0,2024-06,False
SH2019,V10172,4,2,1.1,2024-03,False
SH2039,V10172,4,3,1.8,2024-04,False
SH2043,V10172,19,14,5.9,2024-09,True
SH2050,V10172,12,9,7.0,2024-02,True
SH2046,V10172,8,6,1.8,2024-04,True
SH2021,V10172,4,3,1.6,2024-01,False
SH2018,V10172,3,1,0.3,2024-10,False
SH2025,V10172,15,8,3.2,2024-01,False
SH2030,V10172,3,2,1.2,2024-03,False
SH2040,V10172,35,26,17.8,2023-12,False
SH2056,V10172,1,0,0.0,2023-11,False
SH2004,V10172,25,13,6.6,2024-07,True
SH2051,V10173,4,2,0.8,2024-02,False
SH2047,V10173,4,2,0.9,2024-05,False
SH2017,V10173,30,13,11.0,2024-02,True
SH2024,V10174,7,3,2.6,2024-09,True
SH2038,V10174,5,4,1.9,2023-11,True
SH2058,V10174,29,28,12.9,2024-03,True
SH2045,V10174,14,10,7.9,2024-09,False
SH2036,V10174,3,2,0.8,2024-08,False
SH2023,V10174,22,18,14.5,2024-05,False
SH2002,V10174,21,15,8.4,2024-09,True
SH2016,V10174,1,0,0.0,2024-04,False
SH2026,V10174,20,17,12.2,2024-06,True
SH2053,V10174,23,17,14.9,2023-12,True
SH2000,V10174,60,42,16.8,2023-11,False
SH2008,V10174,3,1,0.7,2024-08,False
SH2056,V10175,23,21,11.5,2024-01,False
SH2055,V10175,1,0,0.0,2024-01,False
SH2044,V10175,7,4,2.9,2024-09,False
SH2048,V10175,43,40,31.8,2024-04,True
SH2021,V10175,29,14,6.4,2024-09,False
SH2036,V10175,1,0,0.0,2024-06,False
SH2028,V10175,45,31,19.6,2024-07,False
SH2043,V10175,15,14,8.9,2024-08,False
SH2001,V10175,36,29,11.7,2024-03,True
SH2010,V10175,14,7,4.9,2024-02,False
SH2050,V10175,38,29,12.6,2024-10,False
SH2013,V10176,1,0,0.0,2024-04,False
SH2010,V10176,14,10,7.3,2023-11,True
SH2057,V10176,1,0,0.0,2024-07,False
SH2044,V10176,7,4,1.9,2024-07,False
SH2047,V10176,1,0,0.0,2024-04,False
SH2031,V10176,14,9,5.2,2024-01,False
SH2010,V10177,31,24,19.5,2024-07,True
SH2016,V10177,3,2,1.5,2024-03,False
SH2050,V10177,14,4,1.9,2024-05,False
SH2012,V10177,18,11,4.1,2024-09,True
SH2007,V10177,29,21,12.9,2024-10,False
SH2037,V10177,8,6,4.2,2024-07,False
SH2025,V10177,4,2,1.2,2024-10,False
SH2039,V10178,3,1,0.8,2024-04,False
SH2046,V10178,17,11,4.2,2024-06,True
SH2017,V10178,23,10,5.9,2023-12,True
SH2001,V10178,6,4,2.6,2024-10,True
SH2032,V10178,39,24,20.0,2023-11,False
SH2006,V10178,3,1,0.4,2024-07,False
SH2050,V10178,23,7,2.3,2023-12,False
SH2031,V10178,19,16,9.4,2024-02,True
SH2037,V10178,50,39,22.4,2024-10,False
SH2053,V10178,3,1,0.7,2023-11,False
SH2044,V10178,3,2,0.7,2024-05,False
SH2047,V10178,4,3,1.5,2024-05,True
SH2055,V10179,36,32,26.3,2024-03,True
SH2024,V10179,44,16,13.9,2024-08,False
SH2049,V10179,18,13,5.7,2024-05,False
SH2012,V10179,15,7,3.5,2024-04,False
SH2029,V10179,14,3,2.2,2024-05,False
SH2050,V10179,38,24,17.9,2024-07,True
SH2022,V10179,8,6,3.6,2023-11,False
SH2044,V10179,6,2,1.4,2024-07,False
SH2047,V10180,4,2,1.4,2024-05,False
SH2015,V10180,6,3,1.8,2024-07,True
SH2033,V10180,7,2,1.0,2024-05,False
SH2015,V10181,1,0,0.0,2024-05,False
SH2051,V10181,36,21,18.5,2024-01,False
SH2038,V10181,1,0,0.0,2024-01,False
SH2028,V10181,16,10,5.3,2024-04,True
SH2045,V10181,18,13,11.0,2023-12,False
SH2050,V10181,38,20,6.1,2024-02,False
SH2000,V10181,24,10,8.8,2024-09,True
SH2058,V10181,9,7,5.4,2024-07,True
SH2005,V10181,5,3,2.7,2024-08,True
SH2008,V10181,10,3,2.6,2024-09,False
SH2037,V10181,37,19,5.8,2024-07,False
SH2043,V10181,20,17,15.0,2024-05,True
SH2059,V10181,5,3,1.8,2024-10,True
SH2030,V10181,1,0,0.0,2024-07,False
SH2049,V10182,5,4,3.5,2024-04,True
SH2052,V10182,10,6,3.7,2024-07,True
SH2025,V10182,62,43,29.2,2024-03,True
SH2053,V10182,31,15,8.5,2024-03,True
SH2038,V10182,2,1,0.7,2024-08,False
SH2025,V10183,38,34,20.1,2024-09,False
SH2036,V10183,4,2,0.9,2024-06,False
SH2052,V10183,6,3,1.0,2024-03,False
SH2019,V10183,3,2,1.3,2024-02,False
SH2024,V10183,2,0,0.0,2024-04,False
SH2053,V10183,50,26,21.2,2024-02,False
SH2022,V10183,2,1,0.6,2024-01,False
SH2026,V10183,30,25,22.0,2024-02,False
SH2044,V10183,1,0,0.0,2024-06,False
SH2030,V10183,5,4,3.3,2024-09,False
SH2027,V10183,4,2,1.0,2024-07,False
SH2023,V10183,12,5,4.5,2024-04,True
SH2002,V10183,24,14,10.1,2023-12,True
SH2009,V10183,6,4,3.0,2024-03,True
SH2038,V10183,5,2,0.7,2024-02,False
SH2040,V10184,36,32,16.0,2024-08,False
SH2044,V10184,5,3,2.3,2024-08,True
SH2048,V10184,26,23,15.8,2024-04,False
SH2022,V10184,2,1,0.9,2024-03,False
SH2039,V10184,4,3,2.4,2024-04,True
SH2007,V10184,17,12,10.0,2024-02,False
SH2031,V10184,23,12,3.8,2024-04,True
SH2028,V10184,22,13,4.6,2024-04,False
SH2003,V10185,2,1,0.7,2023-12,False
SH2012,V10185,7,4,3.4,2024-05,False
SH2051,V10185,54,41,33.0,2024-04,False
SH2025,V10185,24,21,17.6,2024-01,True
SH2018,V10185,1,0,0.0,2024-10,False
SH2026,V10186,7,4,2.3,2024-08,True
SH2041,V10186,14,11,3.3,2024-03,False
SH2024,V10186,13,10,3.1,2024-04,False
SH2058,V10187,4,1,0.7,2023-12,False
SH2013,V10187,6,5,1.6,2024-08,True
SH2049,V10187,11,7,4.4,2024-03,False
SH2016,V10187,1,0,0.0,2024-01,False
SH2023,V10187,19,17,8.6,2023-12,False
SH2053,V10187,15,13,4.9,2024-02,True
SH2000,V10187,34,25,22.4,2024-04,True
SH2027,V10187,3,2,1.6,2024-07,False
SH2017,V10187,8,3,2.4,2024-06,False
SH2002,V10187,17,10,7.3,2024-01,False
SH2034,V10188,4,3,2.3,2024-01,True
SH2026,V10188,1,0,0.0,2023-12,False
SH2001,V10188,33,25,16.6,2024-10,True
SH2048,V10188,38,14,11.2,2023-12,False
SH2030,V10188,7,6,3.4,2024-04,True
SH2016,V10188,2,1,0.5,2023-12,False
SH2004,V10188,4,2,0.9,2024-07,False
SH2005,V10188,8,7,2.2,2024-01,False
SH2040,V10188,30,17,7.4,2024-08,False
SH2032,V10188,35,28,19.6,2024-09,False
SH2044,V10188,5,3,2.2,2024-04,False
SH2002,V10188,17,7,4.2,2024-09,False
SH2009,V10188,14,10,8.7,2024-08,True
SH2043,V10188,2,1,0.5,2024-03,False
SH2046,V10188,18,16,5.6,2024-05,True
SH2054,V10189,2,1,0.5,2024-06,False
SH2013,V10189,1,0,0.0,2024-07,False
SH2021,V10189,8,5,2.3,2024-03,True
SH2014,V10189,14,12,9.3,2023-11,False
SH2012,V10189,18,13,4.1,2024-10,True
SH2050,V10189,4,0,0.0,2024-06,False
SH2015,V10189,5,4,3.0,2024-09,False
SH2000,V10189,21,20,8.5,2023-11,False
SH2051,V10189,36,26,11.0,2024-10,True
SH2047,V10189,2,1,0.7,2024-02,False
SH2055,V10189,16,9,5.9,2024-02,True
SH2053,V10189,19,14,7.0,2024-09,True
SH2051,V10190,57,45,39.5,2024-03,True
SH2038,V10190,5,2,1.5,2024-04,False
SH2056,V10190,2,1,0.5,2024-10,False
SH2044,V10190,6,4,3.6,2023-12,False
SH2019,V10190,1,0,0.0,2024-04,False
SH2041,V10190,17,15,11.6,2024-03,False
SH2003,V10190,4,2,1.7,2024-07,False
SH2022,V10191,6,3,2.2,2024-10,False
SH2029,V10191,7,2,1.4,2024-08,False
SH2025,V10191,18,14,7.6,2024-09,False
SH2038,V10191,1,0,0.0,2024-05,False
SH2059,V10191,3,2,1.7,2024-06,False
SH2006,V10191,4,2,1.1,2024-03,False
SH2057,V10191,7,4,2.2,2024-09,False
SH2052,V10191,5,3,1.2,2024-06,False
SH2034,V10191,12,8,5.8,2024-02,True
SH2044,V10191,1,0,0.0,2024-05,False
SH2009,V10191,9,7,5.6,2023-12,False
SH2016,V10192,3,2,0.9,2023-12,False
SH2036,V10192,5,4,2.2,2024-09,False
SH2019,V10192,3,2,1.5,2024-08,False
SH2003,V10192,4,3,1.4,2024-04,True
SH2012,V10192,1,0,0.0,2024-02,False
SH2044,V10192,1,0,0.0,2024-07,False
SH2026,V10192,6,5,1.8,2024-09,False
SH2013,V10192,6,3,2.4,2024-04,False
SH2025,V10192,3,1,0.3,2024-07,False
SH2005,V10192,3,2,1.6,2024-09,False
SH2041,V10192,1,0,0.0,2023-12,False
SH2010,V10193,22,15,10.3,2024-09,True
SH2051,V10193,8,6,4.1,2024-10,False
SH2032,V10193,1,0,0.0,2024-02,False
SH2054,V10193,2,1,0.4,2024-06,False
SH2045,V10193,5,4,3.5,2024-10,True
SH2003,V10193,5,4,2.6,2024-08,True
SH2056,V10193,19,15,7.7,2024-01,True
SH2022,V10193,3,2,1.2,2024-03,False
SH2029,V10193,6,3,1.1,2024-02,True
SH2040,V10193,28,27,21.9,2024-10,False
SH2029,V10194,10,7,6.2,2023-11,True
SH2003,V10194,5,3,1.9,2023-12,False
SH2042,V10194,11,8,5.6,2024-09,True
SH2017,V10194,24,22,18.3,2024-09,False
SH2030,V10194,8,7,5.4,2024-04,True
SH2036,V10194,3,1,0.7,2024-09,False
SH2059,V10194,4,2,1.6,2024-08,False
SH2002,V10194,32,24,13.5,2024-05,True
SH2021,V10194,36,25,21.1,2024-07,True
SH2020,V10194,34,24,11.0,2024-05,False
SH2037,V10194,54,41,27.6,2024-06,True
SH2056,V10195,40,38,26.3,2024-07,False
SH2041,V10195,24,13,8.6,2024-04,False
SH2057,V10195,10,9,3.8,2024-06,False
SH2006,V10195,5,2,1.5,2024-07,False
SH2024,V10195,44,28,24.5,2024-09,True
SH2023,V10195,1,0,0.0,2024-06,False
SH2010,V10195,21,19,16.8,2023-11,False
SH2058,V10195,8,7,5.0,2024-07,False
SH2036,V10195,4,2,1.3,2024-08,False
SH2000,V10195,11,8,5.7,2024-05,False
SH2038,V10196,6,4,1.3,2024-07,False
SH2039,V10196,7,5,4.5,2024-06,False
SH2029,V10196,1,0,0.0,2024-07,False
SH2055,V10196,14,10,5.5,2023-12,False
SH2044,V10196,4,2,0.9,2023-12,False
SH2034,V10196,11,8,3.9,2024-04,False
SH2017,V10196,17,11,5.3,2024-03,True
SH2053,V10196,39,30,23.0,2024-06,False
SH2054,V10196,8,4,1.8,2023-12,False
SH2040,V10196,33,29,21.4,2024-02,False
SH2047,V10196,1,0,0.0,2024-04,False
SH2025,V10197,59,26,18.9,2024-08,False
SH2040,V10197,24,8,3.2,2024-10,False
SH2056,V10197,44,27,23.6,2024-03,True
SH2044,V10197,1,0,0.0,2024-02,False
SH2022,V10197,7,5,2.4,2024-03,True
SH2057,V10197,2,1,0.6,2024-08,False
SH2046,V10198,26,23,13.7,2024-10,True
SH2049,V10198,24,21,12.4,2024-04,False
SH2054,V10198,4,3,1.0,2024-02,False
SH2000,V10198,40,31,22.8,2023-11,False
SH2010,V10198,38,21,6.7,2024-07,True
SH2028,V10198,25,9,5.5,2024-07,False
SH2039,V10198,3,1,0.6,2024-05,False
SH2005,V10198,2,1,0.5,2024-02,False
SH2013,V10198,3,2,1.2,2024-02,False
SH2020,V10198,20,18,7.7,2024-09,True
SH2023,V10198,19,15,6.9,2024-01,True
SH2034,V10198,1,0,0.0,2024-05,False
SH2012,V10199,24,19,16.6,2024-02,False
SH2024,V10199,34,27,19.1,2024-06,False
SH2008,V10199,1,0,0.0,2023-11,False
SH2026,V10200,24,19,9.8,2024-07,True
SH2006,V10200,3,2,1.6,2023-11,False
SH2052,V10200,10,8,3.9,2024-04,False
SH2030,V10200,3,2,1.7,2024-03,False
SH2055,V10200,60,38,22.4,2023-12,False
SH2045,V10200,9,8,3.9,2024-04,False
SH2029,V10201,7,6,5.0,2024-04,True
SH2003,V10201,1,0,0.0,2024-07,False
SH2025,V10201,24,20,9.1,2024-03,True
SH2046,V10201,29,18,11.1,2023-12,False
SH2016,V10201,2,1,0.3,2024-02,False
SH2001,V10201,18,14,12.3,2023-12,False
SH2039,V10201,1,0,0.0,2024-01,False
SH2013,V10201,3,2,1.1,2024-01,False
SH2030,V10201,8,5,3.2,2024-10,True
SH2057,V10201,8,6,2.8,2024-06,False
SH2018,V10201,5,3,2.3,2024-03,True
SH2044,V10201,2,0,0.0,2024-05,False
SH2044,V10202,6,3,1.9,2023-12,False
SH2056,V10202,43,39,12.8,2023-11,False
SH2023,V10202,14,9,4.0,2024-07,True
SH2029,V10202,10,9,4.0,2024-08,True
SH2011,V10202,9,5,3.7,2023-12,False
SH2038,V10202,8,6,4.2,2024-07,True
SH2003,V10202,4,3,1.9,2024-08,False
SH2010,V10203,11,10,6.1,2024-05,False
SH2049,V10203,32,30,22.4,2024-02,False
SH2044,V10203,7,3,1.5,2023-11,True
SH2040,V10203,21,19,16.5,2024-04,True
SH2019,V10203,1,0,0.0,2024-02,False
SH2004,V10203,51,36,27.1,2024-10,False
SH2052,V10203,9,4,1.2,2024-06,True
SH2055,V10204,9,6,5.1,2024-02,True
SH2029,V10204,4,1,0.5,2024-03,False
SH2004,V10204,21,13,11.4,2024-01,False
SH2036,V10204,4,3,1.5,2023-12,False
SH2052,V10204,14,9,4.3,2024-10,True
SH2007,V10204,9,6,4.9,2023-12,True
SH2010,V10204,36,22,6.8,2024-02,True
SH2012,V10204,9,5,3.9,2023-11,True
SH2001,V10204,30,26,16.3,2023-12,False
SH2044,V10204,3,1,0.5,2024-08,False
SH2048,V10204,9,5,3.7,2024-09,False
SH2056,V10204,15,9,7.5,2024-03,True
SH2036,V10205,2,0,0.0,2024-02,False
SH2032,V10205,14,8,4.8,2024-05,False
SH2025,V10205,59,40,15.8,2024-07,True
SH2057,V10205,2,1,0.5,2024-09,False
SH2030,V10205,3,0,0.0,2024-06,False
SH2048,V10205,5,4,3.2,2024-09,False
SH2034,V10206,9,7,2.9,2024-05,False
SH2050,V10206,33,28,19.4,2023-11,False
SH2026,V10206,23,20,13.5,2024-06,True
SH2009,V10206,4,3,1.4,2024-07,True
SH2042,V10207,6,4,2.0,2024-08,True
SH2018,V10207,3,1,0.4,2024-06,False
SH2056,V10207,25,10,4.2,2024-02,False
SH2059,V10207,2,1,0.6,2024-09,False
SH2012,V10207,21,20,10.3,2024-01,False
SH2000,V10208,34,12,5.8,2024-05,False
SH2017,V10208,14,13,4.8,2024-01,True
SH2059,V10208,5,3,1.9,2024-01,False
SH2004,V10209,24,13,7.8,2024-05,False
SH2009,V10209,16,12,7.9,2024-05,False
SH2056,V10209,20,13,5.7,2024-05,False
SH2023,V10209,7,3,1.0,2024-03,False
SH2003,V10209,5,4,1.6,2024-07,False
SH2012,V10209,9,6,4.9,2023-11,False
SH2007,V10209,40,34,14.7,2024-09,True
SH2000,V10209,53,42,19.1,2023-11,True
SH2014,V10209,35,32,27.6,2024-10,False
SH2011,V10209,1,0,0.0,2024-08,False
SH2033,V10209,9,7,5.0,2024-08,False
SH2043,V10209,20,11,9.3,2024-01,False
SH2053,V10209,35,21,6.4,2024-03,True
SH2044,V10210,6,5,2.9,2024-08,True
SH2032,V10210,32,11,8.7,2024-04,False
SH2054,V10210,3,1,0.3,2024-01,False
SH2011,V10210,2,1,0.4,2024-10,False
SH2021,V10210,28,6,4.6,2024-02,True
SH2036,V10210,3,2,0.8,2024-09,False
SH2029,V10210,6,3,1.2,2024-01,False
SH2040,V10210,29,23,8.6,2024-09,False
SH2003,V10210,2,1,0.8,2024-07,False
SH2017,V10210,13,10,3.9,2024-04,False
SH2014,V10210,30,14,9.2,2024-06,False
SH2047,V10210,4,1,0.4,2024-08,False
SH2040,V10211,28,8,5.5,2024-06,False
SH2037,V10211,26,23,20.3,2024-02,True
SH2026,V10211,11,7,4.9,2024-08,True
SH2007,V10211,48,39,13.9,2024-02,True
SH2044,V10211,5,2,0.7,2024-06,False
SH2052,V10211,4,2,1.6,2024-03,False
SH2043,V10211,7,4,3.1,2024-08,False
SH2023,V10211,7,5,1.8,2024-08,False
SH2030,V10212,1,0,0.0,2023-12,False
SH2032,V10212,3,1,0.8,2023-11,False
SH2014,V10212,44,29,12.8,2024-04,False
SH2012,V10212,24,12,8.9,2024-01,False
SH2006,V10212,3,2,1.3,2024-08,False
SH2030,V10213,5,3,1.0,2024-04,False
SH2034,V10213,5,3,2.5,2024-02,True
SH2049,V10213,21,15,10.3,2024-03,True
SH2038,V10213,7,6,2.6,2024-04,False
SH2050,V10213,13,9,5.5,2024-07,False
SH2012,V10213,6,4,2.0,2024-10,False
SH2006,V10213,1,0,0.0,2024-05,False
SH2024,V10213,1,0,0.0,2023-12,False
SH2001,V10213,19,15,7.1,2024-02,True
SH2004,V10214,28,15,5.8,2024-01,False
SH2031,V10214,21,15,10.4,2024-04,False
SH2015,V10214,4,2,1.5,2024-01,False
SH2014,V10214,43,34,26.6,2024-08,False
SH2007,V10214,32,29,24.5,2023-12,True
SH2003,V10215,4,3,2.7,2024-07,True
SH2023,V10215,16,13,6.7,2024-08,True
SH2046,V10215,21,18,8.1,2024-02,False
SH2049,V10215,5,4,3.5,2024-05,False
SH2027,V10215,3,1,0.8,2024-10,False
SH2019,V10215,1,0,0.0,2024-02,False
SH2047,V10216,3,1,0.4,2024-09,False
SH2003,V10216,3,1,0.4,2024-10,False
SH2017,V10216,23,18,11.4,2024-04,True
SH2038,V10216,3,1,0.7,2024-04,False
SH2029,V10216,2,1,0.7,2023-11,False
SH2015,V10216,3,1,0.3,2024-07,False
SH2028,V10216,4,3,1.3,2023-12,True
SH2059,V10216,5,3,2.1,2024-08,True
SH2051,V10216,21,19,7.2,2024-08,True
SH2056,V10216,21,15,6.2,2023-12,False
SH2016,V10216,3,2,0.7,2024-07,False
SH2023,V10216,15,12,10.0,2024-06,False
SH2010,V10216,21,17,6.4,2024-09,False
SH2009,V10216,7,5,1.9,2024-08,False
SH2052,V10217,3,2,1.7,2024-07,False
SH2018,V10217,1,0,0.0,2024-06,False
SH2039,V10217,1,0,0.0,2024-10,False
SH2028,V10217,3,2,1.3,2024-05,False
SH2006,V10217,5,2,1.3,2023-11,False
SH2046,V10217,8,7,3.0,2024-07,True
SH2004,V10217,28,23,13.6,2024-05,True
SH2055,V10217,27,25,19.0,2024-03,False
SH2024,V10217,22,13,9.3,2024-02,False
SH2031,V10217,4,2,0.9,2024-09,False
SH2014,V10217,17,11,5.2,2024-09,False
SH2051,V10217,57,49,24.4,2023-12,False
SH2000,V10218,61,40,22.7,2024-02,True
SH2052,V10218,7,4,1.7,2024-09,False
SH2056,V10218,43,37,31.2,2024-02,True
SH2050,V10218,1,0,0.0,2024-05,False
SH2011,V10218,6,5,3.0,2024-05,True
SH2019,V10218,3,1,0.3,2024-08,False
SH2049,V10218,7,5,1.6,2023-11,False
SH2020,V10218,1,0,0.0,2024-06,False
SH2051,V10218,50,39,18.0,2024-08,False
SH2026,V10218,30,22,14.3,2024-09,False
SH2030,V10218,4,3,1.6,2024-08,False
SH2000,V10219,57,35,12.1,2024-03,False
SH2048,V10219,38,30,10.7,2023-12,True
SH2037,V10219,2,1,0.6,2024-01,False
SH2001,V10219,13,10,7.9,2024-02,False
SH2044,V10219,7,4,2.4,2024-10,True
SH2036,V10219,3,2,1.8,2024-10,False
SH2020,V10219,50,39,24.4,2024-05,False
SH2016,V10219,2,1,0.9,2023-12,False
SH2010,V10219,39,21,14.1,2024-04,False
SH2011,V10220,6,4,3.5,2024-06,False
SH2003,V10220,1,0,0.0,2024-10,False
SH2042,V10220,2,1,0.3,2024-04,False
SH2025,V10221,13,11,9.8,2024-03,False
SH2017,V10221,13,10,6.9,2024-02,True
SH2013,V10221,3,2,1.0,2024-08,False
SH2043,V10221,16,13,4.7,2023-11,False
SH2014,V10221,5,4,1.8,2024-01,True
SH2054,V10221,1,0,0.0,2024-08,False
SH2041,V10221,6,5,1.8,2023-12,False
SH2037,V10221,15,12,4.7,2024-08,True
SH2042,V10221,4,2,1.5,2024-06,False
SH2031,V10221,20,10,8.3,2023-12,True
SH2040,V10221,30,27,12.1,2024-09,False
SH2048,V10221,42,36,14.7,2024-01,True
SH2016,V10221,1,0,0.0,2024-07,False
SH2019,V10221,3,1,0.7,2023-11,False
SH2048,V10222,38,21,8.5,2024-03,True
SH2041,V10222,16,4,3.4,2024-09,False
SH2007,V10222,32,30,21.3,2024-06,True
SH2024,V10222,26,23,16.5,2024-01,True
SH2036,V10222,2,1,0.5,2024-10,False
SH2019,V10222,1,0,0.0,2024-01,False
SH2002,V10222,39,32,26.3,2024-05,False
SH2033,V10222,7,5,3.4,2024-01,False
SH2032,V10222,21,17,9.8,2024-10,False
SH2046,V10222,13,7,3.7,2024-10,False
SH2009,V10222,21,12,4.4,2023-11,True
SH2058,V10222,15,8,6.5,2024-04,True
SH2047,V10222,4,2,1.5,2024-07,False
SH2056,V10222,22,18,6.5,2024-08,True
SH2036,V10223,1,0,0.0,2024-05,False
SH2008,V10223,5,4,3.0,2024-01,False
SH2012,V10223,1,0,0.0,2024-07,False
SH2048,V10223,40,37,13.2,2024-09,False
SH2021,V10223,2,1,0.6,2023-11,False
SH2031,V10223,21,15,4.9,2024-05,True
SH2016,V10223,2,1,0.5,2023-11,False
SH2037,V10223,39,34,22.6,2024-01,False
SH2034,V10224,10,7,6.2,2024-06,True
SH2006,V10224,1,0,0.0,2024-08,False
SH2011,V10224,6,4,3.3,2024-03,False
SH2059,V10224,1,0,0.0,2024-04,False
SH2055,V10224,30,22,10.5,2023-11,True
SH2043,V10224,20,17,11.1,2024-05,False
SH2002,V10224,28,14,8.2,2024-05,False
SH2028,V10224,34,29,21.6,2024-01,False
SH2037,V10224,2,0,0.0,2024-10,False
SH2010,V10224,2,1,0.5,2024-10,False
SH2005,V10224,1,0,0.0,2024-06,False
SH2059,V10225,6,5,1.9,2024-03,True
SH2033,V10225,7,3,2.4,2024-05,False
SH2001,V10225,24,12,7.3,2024-10,True
SH2002,V10225,3,2,1.3,2024-03,False
SH2052,V10225,8,4,2.4,2023-12,False
SH2054,V10225,7,6,2.7,2024-05,True
SH2047,V10225,4,2,1.2,2024-06,False
SH2007,V10225,17,13,7.4,2024-02,False
SH2052,V10226,2,1,0.6,2024-08,False
SH2008,V10226,4,2,1.1,2024-08,False
SH2056,V10226,4,2,1.7,2024-07,False
SH2057,V10226,12,11,7.4,2024-01,False
SH2041,V10226,3,2,0.7,2024-08,False
SH2036,V10226,1,0,0.0,2024-08,False
SH2006,V10226,3,2,1.7,2024-10,False
SH2014,V10226,18,13,11.3,2024-03,False
SH2029,V10226,4,3,2.3,2023-11,True
SH2025,V10226,19,14,4.3,2024-09,True
SH2005,V10226,8,6,2.9,2024-06,False
SH2013,V10226,9,6,2.9,2023-11,True
SH2039,V10226,6,3,1.9,2023-11,False
SH2050,V10226,38,18,10.2,2024-09,False
SH2053,V10227,22,14,10.3,2024-10,False
SH2056,V10227,30,17,11.0,2024-10,True
SH2055,V10227,39,32,24.9,2024-09,False
SH2031,V10227,22,16,11.0,2024-08,False
SH2008,V10227,11,7,4.4,2024-03,False
SH2046,V10227,16,9,7.4,2024-06,False
SH2009,V10228,6,2,1.3,2023-12,False
SH2043,V10228,9,6,5.2,2024-01,False
SH2054,V10228,5,1,0.5,2024-02,False
SH2042,V10228,7,5,4.0,2024-08,False
SH2041,V10228,19,13,8.3,2024-03,False
SH2030,V10228,1,0,0.0,2024-07,False
SH2049,V10228,10,7,2.6,2024-05,True
SH2029,V10228,1,0,0.0,2024-08,False
SH2040,V10228,22,8,2.5,2023-11,False
SH2013,V10228,9,6,4.9,2024-09,True
SH2056,V10229,18,10,7.5,2024-09,True
SH2003,V10229,5,3,1.3,2024-01,True
SH2027,V10229,4,3,1.6,2023-11,False
SH2031,V10229,13,10,3.5,2024-02,False
SH2054,V10229,2,1,0.4,2024-06,False
SH2016,V10229,2,1,0.6,2024-01,False
SH2041,V10229,15,5,1.6,2024-06,True
SH2034,V10229,11,8,6.6,2023-11,True
SH2012,V10230,18,13,8.0,2024-03,False
SH2020,V10230,3,1,0.8,2024-03,False
SH2048,V10230,46,40,31.7,2024-07,False
SH2018,V10230,1,0,0.0,2023-12,False
SH2002,V10230,24,20,14.0,2024-01,False
SH2027,V10230,4,1,0.9,2024-02,False
SH2022,V10231,7,6,2.4,2024-07,False
SH2048,V10231,21,18,12.4,2023-12,False
SH2059,V10231,1,0,0.0,2024-07,False
SH2026,V10231,29,23,18.2,2024-09,False
SH2053,V10231,43,38,21.3,2024-03,False
SH2013,V10231,9,7,5.5,2024-04,False
SH2007,V10231,7,5,2.8,2024-09,True
SH2049,V10231,8,5,2.8,2024-08,True
SH2048,V10232,36,15,8.4,2024-01,False
SH2031,V10232,8,4,2.8,2024-06,False
SH2022,V10232,6,3,2.3,2023-12,False
SH2015,V10232,4,2,1.1,2023-12,False
SH2000,V10232,69,51,20.8,2024-01,False
SH2026,V10232,30,25,9.5,2024-01,True
SH2020,V10232,33,31,10.5,2024-10,False
SH2017,V10232,21,18,12.9,2023-11,False
SH2018,V10232,8,3,2.5,2024-05,True
SH2011,V10232,8,4,1.5,2024-05,True
SH2001,V10232,34,20,6.4,2024-08,False
SH2002,V10232,31,15,5.9,2024-02,False
SH2005,V10232,1,0,0.0,2023-12,False
SH2044,V10232,7,6,2.4,2024-08,False
SH2027,V10233,4,3,2.4,2024-02,False
SH2046,V10233,4,2,1.5,2024-10,False
SH2047,V10233,2,0,0.0,2024-04,False
SH2039,V10233,3,2,1.5,2024-10,False
SH2048,V10233,4,2,1.7,2024-02,False
SH2020,V10233,44,19,9.2,2024-08,False
SH2023,V10233,22,19,11.8,2024-08,True
SH2002,V10233,33,16,6.0,2024-08,False
SH2006,V10233,2,1,0.9,2024-08,False
SH2033,V10233,2,1,0.8,2024-03,False
SH2018,V10233,4,2,1.0,2024-10,False
SH2045,V10233,20,15,7.5,2024-07,False
SH2014,V10233,41,38,31.7,2024-10,False
SH2034,V10234,1,0,0.0,2024-03,False
SH2022,V10234,9,6,3.6,2024-06,True
SH2049,V10234,42,31,14.5,2024-08,False
SH2032,V10234,37,28,22.9,2024-09,True
SH2019,V10234,1,0,0.0,2023-11,False
SH2054,V10234,5,3,1.8,2024-09,False
SH2044,V10234,6,2,1.1,2024-04,False
SH2050,V10234,6,3,2.0,2024-02,False
SH2039,V10234,5,3,2.7,2024-05,False
SH2004,V10235,53,47,24.5,2024-03,False
SH2027,V10235,2,1,0.4,2024-07,False
SH2031,V10235,7,2,1.3,2024-04,False
SH2011,V10235,4,3,2.6,2024-02,False
SH2055,V10236,54,43,24.6,2024-01,False
SH2002,V10236,13,8,3.0,2024-10,False
SH2020,V10236,36,25,19.3,2024-05,False
SH2046,V10236,9,8,5.1,2024-03,False
SH2004,V10236,52,17,10.5,2024-02,True
SH2016,V10236,1,0,0.0,2024-09,False
SH2011,V10236,3,2,0.7,2024-08,False
SH2021,V10237,2,1,0.6,2024-10,False
SH2043,V10237,17,13,7.1,2023-11,True
SH2057,V10237,12,9,6.2,2024-04,False
SH2036,V10237,5,3,2.5,2024-09,False
SH2044,V10237,4,2,0.7,2024-10,False
SH2023,V10237,16,8,5.5,2024-05,True
SH2058,V10237,15,10,5.6,2024-06,True
SH2033,V10237,1,0,0.0,2024-05,False
SH2020,V10237,6,4,1.9,2024-06,True
SH2019,V10237,3,1,0.8,2024-02,False
SH2018,V10237,7,4,2.8,2024-06,False
SH2047,V10237,3,1,0.4,2024-07,False
SH2029,V10238,5,3,1.9,2024-10,False
SH2013,V10238,9,7,2.8,2024-05,False
SH2056,V10238,12,11,9.7,2024-05,False
SH2019,V10238,4,3,1.5,2024-10,False
SH2042,V10238,1,0,0.0,2024-03,False
SH2033,V10238,2,1,0.9,2024-01,False
SH2049,V10238,31,17,7.1,2023-11,False
SH2012,V10238,5,3,2.6,2024-01,False
SH2037,V10239,10,4,2.2,2023-12,True
SH2011,V10239,9,6,2.9,2023-12,False
SH2040,V10239,25,22,15.9,2024-10,False
SH2039,V10239,8,7,3.8,2024-08,False
SH2041,V10239,30,15,7.6,2024-09,False
SH2043,V10239,13,9,4.2,2024-08,True
SH2059,V10239,1,0,0.0,2024-02,False
SH2049,V10239,2,1,0.8,2024-03,False
SH2042,V10239,2,1,0.8,2023-12,False
SH2052,V10239,10,2,1.5,2024-09,False
SH2030,V10239,10,6,4.6,2024-08,True
SH2049,V10240,11,2,1.1,2023-12,False
SH2045,V10240,31,15,11.8,2024-06,False
SH2021,V10240,14,4,2.2,2024-10,False
SH2000,V10240,48,41,28.1,2024-03,True
SH2011,V10240,7,3,1.2,2024-08,False
SH2051,V10240,11,8,4.8,2024-05,False
SH2055,V10240,5,4,1.8,2023-12,True
SH2014,V10240,21,16,5.4,2024-10,True
SH2058,V10240,27,23,14.0,2024-04,False
SH2037,V10240,53,26,21.0,2024-04,True
SH2007,V10240,47,35,14.4,2024-03,False
SH2041,V10240,1,0,0.0,2023-12,False
SH2046,V10240,22,18,12.3,2024-10,False
SH2012,V10240,22,20,17.8,2024-09,True
SH2009,V10241,17,11,4.5,2024-07,True
SH2048,V10241,47,35,14.0,2024-09,True
SH2011,V10241,4,2,0.6,2023-12,False
SH2059,V10241,3,2,0.7,2024-06,False
SH2050,V10241,20,18,6.4,2023-12,False
SH2024,V10241,24,22,14.2,2024-04,True
SH2000,V10241,42,31,14.9,2023-11,True
SH2056,V10241,34,29,22.5,2024-01,False
SH2021,V10241,17,12,10.1,2023-11,True
SH2044,V10241,6,5,2.0,2024-03,True
SH2016,V10241,2,1,0.6,2024-10,False
SH2004,V10242,23,16,7.2,2024-03,False
SH2053,V10242,9,7,2.8,2024-05,True
SH2029,V10242,5,2,1.6,2023-12,False
SH2057,V10242,4,3,2.1,2024-05,True
SH2032,V10242,18,13,4.8,2024-04,False
SH2059,V10242,4,2,1.2,2024-08,False
SH2033,V10242,2,1,0.9,2024-09,False
SH2016,V10243,4,3,1.8,2024-08,True
SH2004,V10243,1,0,0.0,2024-03,False
SH2041,V10243,11,8,6.7,2024-08,True
SH2047,V10243,1,0,0.0,2024-10,False
SH2013,V10243,1,0,0.0,2023-11,False
SH2039,V10243,8,4,2.0,2024-03,False
SH2026,V10243,24,22,19.2,2023-11,False
SH2024,V10243,24,12,9.5,2024-03,False
SH2026,V10244,12,5,4.3,2023-12,False
SH2012,V10244,5,3,2.2,2023-11,False
SH2031,V10244,18,14,6.2,2024-03,True
SH2030,V10244,10,9,5.0,2024-02,False
SH2038,V10244,8,7,5.3,2024-02,False
SH2014,V10244,5,3,1.4,2023-12,False
SH2046,V10244,26,12,8.9,2023-11,False
SH2056,V10244,21,16,13.2,2024-08,False
SH2022,V10245,3,1,0.4,2024-06,False
SH2044,V10245,4,3,1.5,2024-02,True
SH2013,V10245,2,1,0.7,2024-10,False
SH2056,V10245,1,0,0.0,2023-12,False
SH2003,V10245,3,2,1.8,2023-12,False
SH2020,V10245,46,30,22.7,2024-07,True
SH2017,V10245,20,12,4.9,2024-02,False
SH2030,V10245,2,0,0.0,2024-03,False
SH2033,V10245,8,5,2.9,2024-06,False
SH2048,V10245,16,10,8.3,2024-08,False
SH2034,V10245,11,10,6.2,2024-10,True
SH2045,V10245,36,21,12.4,2024-05,True
SH2049,V10245,45,37,15.6,2024-02,False
SH2002,V10245,38,33,11.6,2024-05,True
SH2041,V10245,6,4,1.8,2024-09,True
SH2038,V10246,8,3,1.8,2024-05,False
SH2001,V10246,11,9,7.0,2024-05,False
SH2047,V10246,2,1,0.8,2024-07,False
SH2030,V10246,4,1,0.4,2024-02,False
SH2026,V10246,13,10,8.6,2024-08,False
SH2033,V10246,3,2,1.3,2023-12,False
SH2056,V10246,6,3,2.6,2024-01,False
SH2043,V10246,17,12,6.3,2024-07,True
SH2042,V10247,18,13,5.3,2024-02,False
SH2010,V10247,26,21,7.2,2024-07,False
SH2033,V10247,9,7,4.6,2023-11,True
SH2057,V10247,7,6,3.7,2024-01,True
SH2049,V10248,4,3,1.0,2024-05,False
SH2015,V10248,3,2,1.0,2024-01,False
SH2018,V10248,3,1,0.8,2024-05,False
SH2011,V10248,2,1,0.6,2024-07,False
SH2013,V10248,6,5,4.3,2024-05,False
SH2010,V10248,19,17,5.7,2024-07,False
SH2059,V10248,4,2,0.9,2024-03,False
SH2046,V10248,6,3,1.9,2023-12,True
SH2019,V10248,2,1,0.6,2024-04,False
SH2033,V10248,1,0,0.0,2023-11,False
SH2036,V10248,2,1,0.9,2024-09,False
SH2016,V10248,4,2,0.7,2024-02,False
SH2026,V10248,2,1,0.5,2023-11,False
SH2045,V10248,37,22,19.1,2024-08,False
SH2052,V10249,6,5,4.2,2024-08,True
SH2027,V10249,1,0,0.0,2024-07,False
SH2040,V10249,17,12,4.1,2024-10,True
SH2003,V10249,1,0,0.0,2023-12,False
SH2044,V10249,3,2,1.2,2024-03,False
SH2005,V10249,6,4,3.0,2024-01,False
SH2017,V10249,29,21,10.6,2024-03,True
SH2032,V10249,34,26,15.0,2024-01,False
SH2053,V10249,11,6,4.4,2024-01,False
SH2005,V10250,2,1,0.4,2023-11,False
SH2030,V10250,3,1,0.7,2024-09,False
SH2024,V10250,1,0,0.0,2024-03,False
SH2058,V10250,12,5,4.4,2024-03,False
SH2021,V10250,20,6,5.1,2024-10,True
SH2032,V10251,23,21,7.4,2024-05,False
SH2036,V10251,5,3,1.8,2024-02,False
SH2004,V10251,16,11,5.2,2024-01,False
SH2049,V10251,6,4,3.4,2024-06,False
SH2013,V10251,4,3,1.6,2024-06,False
SH2002,V10251,25,16,7.7,2024-10,False
SH2031,V10251,18,15,11.1,2023-12,True
SH2052,V10251,8,5,2.8,2024-02,True
SH2054,V10251,5,3,1.1,2023-12,True
SH2009,V10251,18,12,6.8,2024-05,False
SH2028,V10251,17,12,8.5,2024-08,False
SH2016,V10252,2,1,0.4,2024-08,False
SH2019,V10252,4,1,0.4,2024-08,False
SH2043,V10252,5,2,1.4,2024-08,False
SH2024,V10252,10,7,5.8,2023-12,False
SH2059,V10252,6,3,1.5,2024-04,False
SH2007,V10252,34,20,15.3,2024-01,True
SH2025,V10253,3,1,0.8,2024-07,False
SH2030,V10253,3,2,1.6,2024-02,False
SH2017,V10253,22,17,10.4,2024-05,True
SH2019,V10253,3,0,0.0,2024-10,False
SH2050,V10253,25,15,6.1,2024-09,False
SH2010,V10253,14,12,10.2,2024-01,True
SH2034,V10253,3,2,1.1,2024-06,False
SH2048,V10253,16,8,6.1,2024-04,False
SH2044,V10253,1,0,0.0,2024-03,False
SH2051,V10253,15,9,4.5,2024-06,True
SH2005,V10253,2,1,0.7,2024-04,False
SH2039,V10253,4,3,2.5,2024-01,False
SH2047,V10253,2,1,0.5,2024-02,False
SH2054,V10253,1,0,0.0,2023-11,False
SH2029,V10254,3,2,1.0,2024-02,False
SH2056,V10254,31,22,9.3,2024-03,True
SH2010,V10254,34,32,27.9,2024-04,True
SH2031,V10254,19,14,8.6,2023-12,False
SH2054,V10254,9,8,7.1,2024-10,True
SH2030,V10254,11,9,4.2,2023-12,True
SH2023,V10254,10,4,3.1,2024-06,False
SH2015,V10254,2,1,0.5,2023-11,False
SH2052,V10255,10,6,2.5,2024-02,True
SH2059,V10255,6,5,3.3,2023-11,False
SH2051,V10255,12,8,2.5,2024-08,True
SH2048,V10255,30,18,13.3,2023-12,False
SH2014,V10255,5,4,3.2,2024-01,True
SH2037,V10255,3,2,1.7,2024-10,False
SH2048,V10256,22,9,3.4,2024-03,False
SH2044,V10256,5,2,1.8,2024-10,False
SH2047,V10256,2,1,0.6,2024-09,False
SH2030,V10256,9,7,3.8,2024-07,False
SH2055,V10256,38,19,9.1,2024-07,False
SH2006,V10257,2,1,0.5,2024-10,False
SH2023,V10257,16,9,5.8,2024-05,True
SH2002,V10257,14,10,5.8,2023-12,False
SH2011,V10257,1,0,0.0,2024-02,False
SH2001,V10257,40,23,19.0,2024-06,False
SH2003,V10257,4,2,0.6,2024-04,False
SH2043,V10257,7,6,5.1,2024-01,False
SH2019,V10257,1,0,0.0,2024-04,False
SH2054,V10257,9,6,2.0,2024-01,False
SH2012,V10257,1,0,0.0,2023-11,False
SH2027,V10257,4,2,1.6,2024-01,False
SH2050,V10258,2,0,0.0,2023-12,False
SH2045,V10258,45,41,29.5,2024-03,False
SH2025,V10258,41,35,19.1,2023-11,True
SH2004,V10258,2,1,0.3,2023-11,False
SH2001,V10258,31,26,17.3,2024-07,False
SH2007,V10258,21,12,3.8,2024-06,True
SH2049,V10258,34,22,13.9,2024-02,True
SH2032,V10258,28,23,12.8,2024-10,False
SH2031,V10258,17,13,6.3,2024-03,True
SH2021,V10259,1,0,0.0,2024-03,False
SH2032,V10259,20,13,6.4,2024-10,False
SH2005,V10259,4,3,1.3,2024-06,False
SH2009,V10259,11,4,3.3,2023-11,False
SH2057,V10259,1,0,0.0,2024-02,False
SH2006,V10259,5,3,1.0,2024-06,False
SH2011,V10259,9,6,4.4,2024-04,False
SH2033,V10259,3,2,1.7,2024-03,False
SH2056,V10259,3,1,0.3,2024-02,False
SH2018,V10259,5,3,1.0,2024-04,True
SH2041,V10260,15,10,3.8,2024-10,True
SH2004,V10260,23,15,12.9,2024-06,False
SH2033,V10260,8,6,1.9,2024-02,True
SH2038,V10260,8,6,2.5,2024-04,True
SH2006,V10260,5,4,1.5,2024-02,True
SH2048,V10260,8,5,3.1,2024-03,False
SH2007,V10260,6,5,3.8,2024-04,True
SH2032,V10260,22,11,5.3,2024-01,False
SH2059,V10260,5,4,3.0,2024-06,False
SH2051,V10261,30,21,13.0,2024-08,True
SH2048,V10261,40,35,13.4,2024-04,False
SH2016,V10261,2,1,0.6,2024-09,False
SH2030,V10261,11,8,6.9,2024-06,True
SH2052,V10261,4,3,2.1,2024-09,True
SH2036,V10261,4,2,0.6,2024-02,False
SH2025,V10261,49,35,26.7,2024-04,True
SH2029,V10261,1,0,0.0,2024-09,False
SH2053,V10261,49,40,16.6,2024-07,True
SH2055,V10261,46,35,16.4,2024-05,True
SH2022,V10261,1,0,0.0,2023-11,False
SH2008,V10261,10,9,7.4,2024-06,False
SH2036,V10262,2,1,0.6,2023-12,False
SH2006,V10262,4,2,1.3,2024-06,False
SH2005,V10262,2,1,0.7,2023-11,False
SH2033,V10262,5,4,3.3,2024-01,False
SH2020,V10263,11,5,2.6,2024-01,False
SH2027,V10263,4,2,0.8,2024-01,False
SH2039,V10263,3,1,0.4,2024-01,False
SH2019,V10263,2,1,0.3,2024-09,False
SH2049,V10263,27,24,19.9,2024-08,True
SH2003,V10263,1,0,0.0,2024-02,False
SH2058,V10263,3,2,0.7,2024-05,False
SH2018,V10263,1,0,0.0,2024-05,False
SH2010,V10263,13,10,6.9,2024-06,True
SH2005,V10263,7,5,3.1,2024-02,True
SH2037,V10264,56,43,16.6,2024-05,False
SH2051,V10264,29,26,15.0,2024-08,False
SH2042,V10264,22,14,9.8,2024-10,True
SH2022,V10264,9,3,2.6,2024-08,True
SH2025,V10264,11,6,3.8,2024-03,False
SH2056,V10264,25,21,15.4,2024-04,True
SH2057,V10264,7,5,2.9,2023-11,False
SH2039,V10264,8,5,2.8,2024-07,False
SH2031,V10264,14,11,3.4,2024-06,False
SH2057,V10265,7,3,2.2,2024-04,True
SH2022,V10265,9,7,4.6,2024-08,True
SH2024,V10265,5,3,1.5,2024-03,True
SH2050,V10265,38,24,19.2,2024-01,False
SH2052,V10265,15,11,9.9,2023-12,False
SH2023,V10265,10,3,2.6,2023-11,False
SH2037,V10265,6,4,2.4,2023-11,False
SH2010,V10265,18,13,4.7,2023-11,False
SH2000,V10265,61,45,16.4,2023-12,True
SH2026,V10265,25,23,11.8,2024-02,False
SH2025,V10265,30,23,16.8,2024-06,True
SH2059,V10265,4,3,2.5,2024-09,False
SH2048,V10265,3,1,0.4,2024-09,False
SH2018,V10265,6,4,1.4,2024-06,False
SH2049,V10266,7,6,3.9,2024-06,False
SH2039,V10266,8,5,1.6,2024-02,True
SH2056,V10266,37,24,20.9,2024-02,True
SH2010,V10266,10,7,3.3,2024-04,True
SH2009,V10266,13,11,6.4,2024-05,True
SH2021,V10267,18,15,11.5,2024-08,False
SH2056,V10267,28,22,13.9,2024-06,False
SH2057,V10267,8,3,2.3,2024-07,False
SH2011,V10267,7,5,3.0,2024-08,False
SH2055,V10267,19,12,10.2,2024-06,True
SH2033,V10267,8,4,2.2,2024-04,True
SH2028,V10267,29,26,22.7,2024-09,True
SH2039,V10267,4,2,1.4,2024-03,False
SH2049,V10267,9,8,2.7,2024-06,True
SH2047,V10267,2,0,0.0,2024-01,False
SH2009,V10267,16,9,3.7,2024-04,False
SH2034,V10267,8,6,4.6,2024-02,True
SH2030,V10267,5,1,0.6,2023-12,False
SH2027,V10267,3,1,0.9,2024-09,False
SH2008,V10268,5,2,1.2,2024-09,False
SH2049,V10268,38,33,20.7,2023-12,False
SH2003,V10268,2,1,0.6,2024-07,False
SH2023,V10268,2,1,0.7,2024-07,False
SH2013,V10268,3,2,0.7,2024-06,False
SH2051,V10268,59,31,15.8,2024-07,False
SH2009,V10268,1,0,0.0,2024-07,False
SH2041,V10268,4,3,1.6,2024-04,False
SH2034,V10268,3,1,0.7,2024-01,False
SH2042,V10268,12,10,8.7,2024-04,True
SH2050,V10268,30,5,4.0,2023-11,False
SH2014,V10268,4,2,1.3,2024-05,False
SH2046,V10269,12,8,6.7,2024-06,True
SH2030,V10269,9,4,2.0,2024-03,True
SH2015,V10269,4,3,1.0,2023-12,True
SH2027,V10269,1,0,0.0,2024-04,False
SH2004,V10269,21,18,12.8,2024-08,True
SH2041,V10269,4,3,2.2,2024-08,False
SH2012,V10269,24,14,5.7,2024-08,True
SH2009,V10269,14,7,5.8,2024-08,True
SH2050,V10269,30,25,19.1,2024-04,False
SH2045,V10269,4,2,1.7,2024-08,False
SH2049,V10269,43,15,9.8,2024-06,False
SH2054,V10270,2,0,0.0,2024-07,False
SH2015,V10270,6,3,2.2,2024-10,False
SH2027,V10270,4,3,2.6,2024-03,True
SH2039,V10270,3,2,1.5,2024-02,False
SH2018,V10270,7,6,2.1,2024-02,False
SH2024,V10270,30,10,6.1,2023-11,False
SH2028,V10271,52,47,19.0,2024-06,True
SH2043,V10271,9,3,2.7,2024-04,True
SH2011,V10271,5,4,3.5,2024-08,True
SH2030,V10271,3,1,0.9,2023-11,False
SH2004,V10271,53,38,20.8,2023-11,True
SH2029,V10271,4,3,2.6,2024-08,False
SH2003,V10271,5,2,1.2,2024-01,False
SH2025,V10271,19,13,10.0,2024-03,False
SH2027,V10271,3,1,0.5,2024-04,False
SH2006,V10271,1,0,0.0,2024-02,False
SH2020,V10271,44,38,24.6,2024-08,True
SH2007,V10271,5,4,1.8,2024-09,False
SH2017,V10272,4,2,1.2,2024-08,False
SH2024,V10272,19,15,7.4,2024-08,False
SH2012,V10272,9,5,3.6,2024-07,False
SH2011,V10272,9,6,2.5,2024-04,False
SH2005,V10272,9,7,2.1,2024-08,False
SH2055,V10272,13,11,6.8,2024-06,False
SH2008,V10272,9,8,5.4,2024-02,True
SH2017,V10273,28,15,8.9,2024-01,False
SH2043,V10273,20,15,7.5,2024-08,False
SH2046,V10273,13,6,4.9,2024-07,True
SH2028,V10273,4,2,1.0,2024-02,False
SH2056,V10273,2,1,0.7,2024-09,False
SH2013,V10273,3,1,0.8,2024-02,False
SH2007,V10273,46,26,8.0,2024-06,False
SH2014,V10273,43,25,18.3,2024-09,False
SH2049,V10273,19,7,2.9,2024-06,False
SH2032,V10273,9,8,6.7,2024-09,False
SH2001,V10273,27,14,10.4,2024-03,False
SH2003,V10274,3,2,1.7,2024-08,False
SH2008,V10274,4,3,1.8,2024-01,True
SH2047,V10274,1,0,0.0,2023-11,False
SH2037,V10274,5,1,0.6,2023-11,False
SH2032,V10274,23,16,13.2,2024-02,True
SH2043,V10274,10,7,2.6,2024-04,True
SH2001,V10274,34,30,21.6,2024-04,True
SH2040,V10274,40,34,29.9,2024-02,False
SH2056,V10274,32,15,7.0,2024-04,True
SH2041,V10274,7,6,5.4,2024-03,True
SH2058,V10274,15,13,4.1,2024-09,False
SH2038,V10275,7,3,2.2,2023-12,True
SH2007,V10275,27,20,12.7,2024-09,True
SH2014,V10275,42,36,24.2,2024-07,False
SH2059,V10275,5,3,2.1,2024-07,True
SH2043,V10276,12,8,3.8,2024-10,False
SH2015,V10276,5,4,3.1,2024-06,False
SH2046,V10276,28,27,24.1,2023-12,False
SH2053,V10276,48,29,24.2,2024-07,False
SH2009,V10276,21,13,7.0,2024-03,False
SH2041,V10276,20,18,15.6,2024-10,False
SH2045,V10277,23,12,10.4,2024-05,True
SH2050,V10277,21,17,10.6,2024-10,False
SH2039,V10277,7,4,2.9,2024-05,False
SH2043,V10277,2,1,0.6,2023-12,False
SH2016,V10277,4,1,0.4,2024-06,False
SH2010,V10277,18,11,4.3,2024-10,False
SH2014,V10277,32,26,10.3,2024-02,False
SH2008,V10277,7,5,4.2,2024-07,False
SH2032,V10277,20,10,8.4,2024-03,True
SH2036,V10277,5,2,1.3,2024-06,False
SH2001,V10277,11,5,2.0,2024-02,True
SH2042,V10277,27,22,6.7,2024-03,False
SH2044,V10277,4,2,1.6,2023-12,False
SH2044,V10278,6,4,1.5,2023-12,False
SH2009,V10278,17,11,5.2,2024-02,True
SH2034,V10278,4,2,1.7,2024-05,False
SH2021,V10278,21,15,13.3,2024-01,True
SH2048,V10278,31,28,9.2,2024-02,True
SH2023,V10278,21,13,5.4,2024-05,True
SH2002,V10278,18,16,14.4,2024-07,False
SH2049,V10278,16,11,9.6,2024-01,False
SH2022,V10278,5,2,1.6,2024-03,False
SH2008,V10278,1,0,0.0,2024-09,False
SH2018,V10279,4,2,0.8,2024-05,False
SH2020,V10279,46,18,12.9,2024-08,False
SH2021,V10279,5,4,3.4,2024-01,True
SH2015,V10279,4,3,1.6,2024-05,False
SH2056,V10279,2,1,0.8,2024-10,False
SH2048,V10279,16,12,9.5,2023-12,True
SH2034,V10279,11,10,4.5,2024-01,True
SH2045,V10279,15,11,7.1,2024-01,False
SH2022,V10279,5,3,1.6,2024-06,True
SH2048,V10280,39,28,14.5,2024-05,False
SH2013,V10280,7,5,2.8,2024-10,False
SH2003,V10280,4,2,0.7,2024-09,False
SH2015,V10280,4,3,1.8,2024-01,True
SH2057,V10280,7,1,0.8,2024-08,False
SH2013,V10281,2,1,0.7,2024-06,False
SH2033,V10281,8,6,3.4,2024-08,False
SH2021,V10281,24,17,6.4,2024-02,False
SH2050,V10281,6,4,2.6,2024-01,False
SH2036,V10281,2,1,0.3,2024-05,False
SH2014,V10281,34,26,21.8,2024-01,False
SH2044,V10281,5,3,2.4,2024-02,False
SH2057,V10281,3,1,0.7,2024-10,False
SH2039,V10281,8,3,1.8,2023-11,False
SH2046,V10281,6,3,1.9,2024-07,False
SH2049,V10281,23,19,12.7,2024-04,False
SH2047,V10281,1,0,0.0,2024-04,False
SH2007,V10281,24,13,11.0,2023-12,False
SH2026,V10281,20,12,9.9,2024-01,False
SH2004,V10281,10,7,3.1,2023-12,True
SH2029,V10282,13,9,3.9,2024-06,True
SH2019,V10282,1,0,0.0,2024-06,False
SH2015,V10282,2,1,0.7,2024-02,False
SH2033,V10282,8,5,2.4,2024-05,True
SH2048,V10282,5,3,2.0,2024-10,False
SH2023,V10282,4,3,2.4,2024-02,True
SH2040,V10283,42,28,10.2,2024-06,True
SH2018,V10283,4,2,0.8,2024-09,False
SH2054,V10283,6,4,2.7,2024-09,False
SH2011,V10283,9,6,2.9,2024-02,False
SH2024,V10283,12,7,4.7,2024-09,False
SH2044,V10283,4,3,1.7,2024-01,True
SH2037,V10283,1,0,0.0,2024-03,False
SH2057,V10283,5,3,1.4,2024-09,True
SH2008,V10283,8,4,3.2,2024-08,True
SH2053,V10283,17,12,9.9,2024-06,True
SH2006,V10283,5,1,0.5,2024-10,False
SH2019,V10283,1,0,0.0,2024-07,False
SH2039,V10283,8,2,0.9,2024-03,False
SH2031,V10283,12,9,6.3,2024-03,False
SH2020,V10284,34,27,8.7,2024-04,True
SH2000,V10284,50,32,10.4,2024-01,False
SH2007,V10284,44,16,10.3,2023-12,True
SH2016,V10284,4,0,0.0,2024-01,False
SH2023,V10285,22,14,12.2,2024-10,True
SH2015,V10285,4,2,1.3,2024-03,False
SH2032,V10285,34,19,8.5,2024-07,False
SH2009,V10285,9,7,5.6,2024-05,True
SH2019,V10285,4,1,0.8,2024-05,False
SH2002,V10285,27,18,8.5,2024-03,True
SH2004,V10285,6,5,1.7,2024-09,False
SH2039,V10285,4,1,0.6,2024-02,False
SH2006,V10285,5,3,1.8,2024-02,False
SH2034,V10285,3,2,1.0,2024-06,False
SH2058,V10285,13,7,6.0,2024-03,True
SH2056,V10285,6,4,2.0,2024-06,True
SH2049,V10285,38,30,24.8,2024-02,False
SH2014,V10286,40,33,16.0,2024-01,False
SH2049,V10286,19,11,4.2,2023-12,True
SH2034,V10286,10,9,8.0,2024-03,True
SH2006,V10286,6,4,2.9,2024-02,False
SH2012,V10286,16,4,1.5,2024-08,True
SH2013,V10286,5,3,1.4,2024-04,True
SH2021,V10286,18,17,11.2,2024-06,True
SH2018,V10286,8,6,2.2,2024-04,False
SH2040,V10286,3,2,1.7,2024-06,False
SH2005,V10286,1,0,0.0,2024-03,False
SH2043,V10286,18,10,7.1,2024-09,True
SH2004,V10286,3,2,0.7,2024-05,False
SH2047,V10287,2,1,0.9,2024-03,False
SH2023,V10287,3,2,0.7,2024-07,False
SH2036,V10287,1,0,0.0,2024-07,False
SH2053,V10287,4,3,2.6,2024-03,True
SH2033,V10288,6,5,1.7,2024-06,False
SH2059,V10288,6,3,1.6,2024-08,False
SH2014,V10288,42,27,20.7,2024-07,True
SH2025,V10288,6,2,1.5,2024-09,False
SH2031,V10288,4,3,1.7,2023-12,False
SH2016,V10288,1,0,0.0,2024-08,False
SH2043,V10288,9,6,3.0,2024-08,False
SH2056,V10288,32,23,13.6,2024-10,False
SH2057,V10288,12,5,4.4,2024-05,True
SH2047,V10288,2,1,0.7,2024-05,False
SH2004,V10288,49,43,14.4,2024-06,True
SH2058,V10288,25,20,16.3,2024-05,False
SH2046,V10288,21,15,5.3,2024-04,True
SH2000,V10288,21,19,11.2,2024-04,True
SH2020,V10288,8,6,3.2,2024-09,False
SH2011,V10289,4,3,1.3,2024-04,True
SH2004,V10289,7,5,4.5,2024-07,False
SH2019,V10289,2,1,0.5,2024-02,False
SH2028,V10289,1,0,0.0,2024-10,False
SH2030,V10289,1,0,0.0,2024-01,False
SH2056,V10289,43,22,8.8,2023-11,False
SH2052,V10289,5,3,1.4,2024-06,False
SH2031,V10289,19,17,8.8,2024-03,True
SH2052,V10290,4,3,2.0,2024-10,True
SH2030,V10290,3,2,1.3,2024-08,False
SH2058,V10290,11,7,5.9,2024-01,True
SH2047,V10290,4,3,2.5,2023-12,False
SH2015,V10290,7,4,1.6,2024-01,False
SH2020,V10290,2,1,0.7,2023-12,False
SH2005,V10290,2,0,0.0,2024-05,False
SH2008,V10290,11,10,6.4,2024-03,True
SH2034,V10290,12,7,6.0,2024-10,False
SH2026,V10290,17,15,9.1,2023-11,False
SH2049,V10290,18,8,5.8,2024-08,False
SH2014,V10290,34,13,6.1,2024-06,True
SH2022,V10291,2,1,0.6,2024-07,False
SH2029,V10291,6,5,4.5,2024-01,False
SH2055,V10291,30,25,10.6,2023-11,True
SH2053,V10291,47,44,16.5,2024-08,False
SH2028,V10291,11,6,2.3,2023-11,False
SH2054,V10291,6,2,0.7,2024-10,False
SH2051,V10291,17,9,6.7,2024-04,True
SH2007,V10291,40,15,6.0,2024-08,False
SH2009,V10291,12,5,4.4,2024-04,True
SH2004,V10291,10,9,4.2,2023-12,False
SH2044,V10291,6,3,2.5,2024-09,False
SH2005,V10291,1,0,0.0,2023-11,False
SH2018,V10291,7,4,1.9,2024-05,False
SH2033,V10292,6,5,2.0,2024-06,False
SH2040,V10292,13,7,4.4,2024-05,False
SH2014,V10292,1,0,0.0,2024-08,False
SH2005,V10293,10,5,4.5,2024-09,True
SH2027,V10293,1,0,0.0,2023-12,False
SH2015,V10293,4,3,1.3,2023-12,False
SH2020,V10293,32,28,13.1,2023-12,False
SH2044,V10293,5,2,1.8,2024-05,False
SH2012,V10293,3,2,0.9,2024-01,False
SH2056,V10293,36,15,5.1,2024-04,False
SH2030,V10293,11,9,3.6,2024-10,False
SH2024,V10293,16,11,9.9,2023-12,True
SH2002,V10293,11,9,3.7,2024-10,False
SH2034,V10293,6,5,2.0,2024-08,True
SH2052,V10294,4,2,1.3,2024-02,False
SH2048,V10294,35,19,12.0,2024-03,False
SH2022,V10294,5,3,2.6,2024-02,True
SH2030,V10294,3,2,1.5,2024-03,False
SH2027,V10294,1,0,0.0,2024-09,False
SH2059,V10294,5,4,1.7,2024-02,False
SH2009,V10294,5,4,3.5,2023-11,True
SH2033,V10294,2,1,0.7,2023-12,False
SH2027,V10295,1,0,0.0,2024-04,False
SH2057,V10295,11,8,2.9,2024-07,True
SH2051,V10295,46,38,17.6,2024-05,False
SH2021,V10295,19,13,6.2,2023-12,False
SH2032,V10295,14,6,3.1,2024-02,False
SH2009,V10295,4,2,1.2,2024-04,False
SH2055,V10295,48,23,16.6,2024-05,True
SH2041,V10295,18,8,2.8,2024-01,False
SH2008,V10295,5,3,2.3,2024-04,True
SH2018,V10295,7,6,5.1,2024-03,False
SH2020,V10295,12,7,5.5,2024-04,False
SH2027,V10296,1,0,0.0,2024-02,False
SH2029,V10296,10,8,4.7,2023-11,False
SH2004,V10296,27,21,9.8,2024-02,True
SH2030,V10296,5,3,2.2,2024-04,True
SH2018,V10296,3,2,0.9,2024-01,False
SH2034,V10296,12,10,7.6,2024-09,False
SH2033,V10296,2,1,0.3,2024-01,False
SH2007,V10296,28,13,7.1,2024-06,True
SH2044,V10296,2,0,0.0,2024-04,False
SH2022,V10296,9,6,3.1,2024-02,True
SH2008,V10297,11,7,5.0,2024-09,False
SH2058,V10297,24,18,5.8,2024-01,False
SH2009,V10297,19,14,8.6,2024-10,False
SH2037,V10297,7,5,2.7,2024-05,False
SH2028,V10297,8,6,2.9,2024-07,True
SH2001,V10298,22,17,7.0,2024-07,False
SH2052,V10298,5,4,3.2,2024-03,False
SH2019,V10298,2,1,0.5,2024-03,False
SH2027,V10298,2,1,0.5,2024-09,False
SH2033,V10298,2,1,0.6,2024-09,False
SH2054,V10298,3,2,1.1,2024-03,False
SH2012,V10298,20,15,4.9,2024-01,False
SH2055,V10298,7,4,1.3,2024-04,False
SH2032,V10298,28,23,7.1,2024-04,False
SH2003,V10298,5,4,1.9,2024-04,True
SH2021,V10298,19,14,5.0,2024-05,True
SH2053,V10299,38,31,19.2,2024-06,True
SH2019,V10299,3,2,1.3,2024-08,False
SH2024,V10299,8,4,1.5,2024-07,False
SH2036,V10299,3,2,1.3,2024-09,False
SH2057,V10299,7,4,2.4,2024-01,True
SH2023,V10299,17,12,10.2,2024-04,False
SH2050,V10299,1,0,0.0,2024-06,False
SH2015,V10299,5,4,1.6,2024-03,False
SH2055,V10299,40,22,17.8,2024-03,False
SH2008,V10299,11,10,7.1,2024-10,False
SH2020,V10299,1,0,0.0,2023-11,False
SH2007,V10299,43,19,15.2,2024-04,False
SH2041,V10299,31,19,16.6,2024-04,False
SH2054,V10299,9,7,5.8,2024-04,False
SH2011,V10299,2,1,0.4,2024-08,False
SH2026,V10300,30,21,10.3,2024-07,False
SH2009,V10300,7,6,3.6,2024-10,True
SH2050,V10300,34,23,9.8,2024-04,False
SH2011,V10300,3,2,0.6,2024-03,False
SH2055,V10300,47,38,32.6,2023-12,True
SH2029,V10301,9,7,3.8,2024-06,True
SH2033,V10301,6,4,1.4,2024-09,True
SH2015,V10301,4,3,1.2,2024-02,False
SH2052,V10301,12,9,4.9,2024-08,True
SH2046,V10301,3,2,0.9,2024-06,False
SH2058,V10301,7,5,4.1,2024-08,True
SH2021,V10301,14,7,4.5,2024-08,False
SH2005,V10301,6,3,1.6,2024-07,False
SH2001,V10301,37,14,8.9,2023-12,True
SH2056,V10301,24,13,9.3,2024-03,False
SH2057,V10301,3,2,0.9,2023-12,False
SH2012,V10301,23,19,6.5,2024-09,False
SH2039,V10301,5,2,1.0,2023-11,False
SH2010,V10301,24,10,7.3,2023-12,True
SH2037,V10302,13,10,7.7,2024-05,False
SH2004,V10302,25,18,7.5,2024-08,False
SH2053,V10302,34,18,12.6,2024-03,False
SH2014,V10302,22,17,7.0,2024-10,False
SH2057,V10302,5,3,1.2,2024-07,False
SH2039,V10302,4,1,0.4,2024-08,False
SH2049,V10302,2,1,0.7,2024-05,False
SH2043,V10302,5,2,1.1,2024-02,False
SH2054,V10302,7,3,1.3,2024-04,False
SH2006,V10303,1,0,0.0,2024-05,False
SH2030,V10303,9,6,2.1,2024-05,True
SH2004,V10303,26,17,11.6,2023-12,False
SH2021,V10303,24,9,5.5,2024-09,False
SH2005,V10303,5,3,1.1,2024-01,False
SH2007,V10303,20,15,7.6,2024-10,False
SH2056,V10303,26,19,15.3,2024-09,True
SH2017,V10303,15,8,5.8,2024-09,False
SH2047,V10303,1,0,0.0,2024-03,False
SH2042,V10303,20,15,12.9,2024-05,True
SH2010,V10303,32,21,9.7,2023-12,False
SH2044,V10303,5,4,2.2,2024-09,False
SH2034,V10303,5,3,2.5,2024-10,True
SH2022,V10303,3,2,1.5,2023-11,False
SH2053,V10303,42,26,18.2,2024-04,False
SH2033,V10304,5,4,1.7,2023-12,True
SH2019,V10304,4,3,2.6,2024-10,True
SH2026,V10304,17,11,7.3,2024-03,True
SH2024,V10305,1,0,0.0,2024-08,False
SH2000,V10305,16,5,2.6,2024-08,False
SH2046,V10305,20,11,9.0,2024-08,True
SH2019,V10305,2,1,0.7,2024-02,False
SH2034,V10306,2,1,0.6,2024-08,False
SH2002,V10306,35,21,16.3,2023-12,False
SH2021,V10306,14,11,8.4,2023-11,True
SH2038,V10306,6,4,2.0,2024-07,False
SH2038,V10307,7,5,4.4,2024-09,False
SH2050,V10307,10,7,6.1,2024-05,False
SH2022,V10307,3,2,1.3,2024-06,False
SH2010,V10307,6,5,3.4,2023-11,False
SH2033,V10307,7,6,4.5,2024-03,False
SH2032,V10307,26,18,16.1,2024-08,False
SH2008,V10307,4,1,0.4,2024-04,False
SH2038,V10308,2,1,0.7,2024-08,False
SH2014,V10308,32,23,19.1,2024-05,False
SH2041,V10308,25,19,15.5,2024-05,False
SH2052,V10308,1,0,0.0,2024-01,False
SH2009,V10308,8,7,3.0,2024-02,True
SH2013,V10308,6,4,1.5,2024-05,False
SH2006,V10308,5,3,2.1,2024-02,False
SH2015,V10308,2,0,0.0,2024-04,False
SH2019,V10308,2,1,0.5,2024-04,False
SH2018,V10308,4,3,2.6,2024-02,False
SH2011,V10309,9,6,2.4,2023-12,False
SH2025,V10309,60,47,39.5,2024-02,False
SH2007,V10309,37,27,13.8,2024-02,False
SH2050,V10309,24,12,8.0,2024-06,False
SH2020,V10309,15,12,5.4,2024-04,True
SH2014,V10309,1,0,0.0,2024-01,False
SH2026,V10309,14,12,3.8,2024-08,False
SH2028,V10310,1,0,0.0,2023-12,False
SH2016,V10310,1,0,0.0,2024-02,False
SH2043,V10310,3,2,1.0,2023-12,False
SH2020,V10310,45,30,21.6,2024-02,True
SH2039,V10310,8,4,3.4,2024-02,False
SH2008,V10311,6,4,3.4,2023-12,False
SH2006,V10311,5,4,1.6,2024-02,True
SH2025,V10311,38,35,19.0,2024-09,False
SH2021,V10311,4,2,0.8,2024-02,False
SH2055,V10311,13,11,6.4,2024-06,True
SH2013,V10311,9,7,5.3,2024-06,True
SH2016,V10311,3,2,1.4,2024-06,False
SH2004,V10311,41,23,15.7,2024-04,False
SH2054,V10312,8,6,3.9,2024-09,True
SH2022,V10312,2,1,0.8,2024-07,False
SH2049,V10312,35,30,9.2,2024-08,True
SH2003,V10313,1,0,0.0,2024-08,False
SH2022,V10313,7,5,2.2,2024-07,False
SH2029,V10313,2,1,0.4,2024-02,False
SH2057,V10313,8,5,3.8,2024-04,False
SH2043,V10313,6,3,1.5,2024-08,True
SH2010,V10313,2,1,0.7,2024-03,False
SH2008,V10313,4,2,0.6,2024-08,False
SH2034,V10313,12,8,5.9,2024-01,False
SH2021,V10313,3,1,0.4,2024-09,False
SH2047,V10313,4,3,2.5,2024-08,True
SH2051,V10313,53,45,31.6,2024-02,True
SH2023,V10313,9,5,3.4,2024-07,False
SH2032,V10314,20,16,9.0,2024-07,False
SH2052,V10314,1,0,0.0,2024-05,False
SH2001,V10314,5,3,1.8,2024-03,True
SH2031,V10314,22,15,7.5,2024-06,False
SH2041,V10314,7,4,2.5,2024-01,False
SH2008,V10314,9,6,2.3,2024-05,True
SH2047,V10314,2,1,0.7,2024-02,False
SH2037,V10314,42,26,21.2,2024-05,False
SH2027,V10314,1,0,0.0,2024-10,False
SH2024,V10314,3,1,0.8,2023-12,False
SH2000,V10314,35,22,14.5,2024-05,True
SH2057,V10315,12,7,4.9,2024-07,False
SH2017,V10315,4,3,2.1,2024-05,False
SH2012,V10315,21,13,10.6,2024-09,False
SH2024,V10315,9,6,4.3,2024-10,True
SH2054,V10315,6,4,2.4,2024-01,False
SH2021,V10315,21,13,10.4,2024-08,False
SH2042,V10315,6,4,2.8,2024-09,False
SH2012,V10316,4,2,0.7,2024-02,False
SH2002,V10316,22,14,9.3,2024-01,False
SH2016,V10316,4,3,2.1,2024-07,True
SH2044,V10316,5,3,1.6,2024-02,False
SH2038,V10316,5,3,2.5,2023-11,True
SH2008,V10316,6,4,2.0,2024-05,True
SH2023,V10316,5,4,1.9,2024-06,False
SH2027,V10316,1,0,0.0,2024-10,False
SH2058,V10316,26,19,7.4,2023-11,False
SH2020,V10316,42,20,7.5,2024-05,True
SH2059,V10316,5,3,1.3,2024-02,True
SH2009,V10316,7,6,3.5,2024-02,True
SH2013,V10317,9,7,3.2,2024-09,False
SH2023,V10317,13,7,2.8,2023-11,False
SH2059,V10317,1,0,0.0,2024-10,False
SH2015,V10317,4,3,1.8,2024-06,False
SH2007,V10317,11,10,5.8,2024-10,False
SH2003,V10317,4,2,0.7,2024-04,False
SH2027,V10317,4,3,1.9,2023-11,False
SH2037,V10317,28,17,11.3,2024-04,True
SH2048,V10317,39,34,23.2,2024-06,False
SH2001,V10317,25,15,8.7,2024-09,False
SH2002,V10317,29,20,6.3,2024-08,False
SH2038,V10318,1,0,0.0,2024-06,False
SH2024,V10318,10,8,6.4,2024-02,False
SH2041,V10318,28,20,16.1,2024-03,False
SH2026,V10318,10,8,6.1,2024-06,True
SH2054,V10318,4,2,1.4,2024-04,False
SH2042,V10318,5,3,1.9,2024-01,False
SH2047,V10318,4,2,1.5,2024-05,False
SH2002,V10318,22,13,8.0,2023-12,False
SH2056,V10318,10,8,3.3,2024-03,False
SH2058,V10318,31,29,16.0,2023-12,False
SH2003,V10318,4,2,1.0,2024-05,False
SH2009,V10318,20,15,12.0,2024-04,True
SH2017,V10319,28,20,17.8,2024-08,False
SH2028,V10319,38,23,14.0,2023-11,True
SH2026,V10319,2,1,0.5,2023-11,False
SH2058,V10319,29,20,13.2,2024-07,False
SH2057,V10319,8,5,3.3,2024-09,False
SH2027,V10319,4,2,0.8,2024-07,False
SH2011,V10319,8,3,1.9,2024-07,True
SH2043,V10320,3,2,1.1,2024-07,False
SH2048,V10320,1,0,0.0,2024-07,False
SH2041,V10320,20,14,6.0,2024-03,False
SH2047,V10321,1,0,0.0,2023-11,False
SH2018,V10321,7,3,2.4,2024-08,False
SH2013,V10321,6,4,1.7,2024-06,True
SH2054,V10322,7,5,4.2,2024-10,False
SH2001,V10322,30,25,19.1,2024-07,True
SH2010,V10322,28,25,22.2,2024-07,False
SH2051,V10322,35,21,16.3,2024-04,False
SH2013,V10322,8,5,3.4,2024-09,False
SH2036,V10322,2,1,0.3,2023-12,False
SH2020,V10322,50,45,28.5,2024-10,False
SH2056,V10322,34,27,21.2,2024-01,True
SH2038,V10322,7,4,1.9,2024-10,True
SH2048,V10322,25,17,6.4,2024-04,False
SH2008,V10323,5,3,2.3,2024-06,False
SH2045,V10323,32,20,16.2,2024-10,False
SH2040,V10323,23,14,8.4,2024-03,False
SH2039,V10323,7,4,1.7,2024-05,False
SH2025,V10323,55,15,12.1,2023-12,False
SH2057,V10324,9,4,2.7,2024-03,True
SH2016,V10324,1,0,0.0,2024-04,False
SH2012,V10324,20,15,5.6,2024-08,True
SH2009,V10324,19,15,5.6,2024-07,True
SH2044,V10324,6,5,1.8,2024-08,False
SH2000,V10324,65,51,34.3,2024-05,False
SH2045,V10324,21,13,4.9,2024-07,False
SH2030,V10324,11,3,1.8,2024-06,True
SH2059,V10324,3,2,1.6,2024-04,False
SH2024,V10324,19,18,8.8,2023-11,True
SH2048,V10324,23,14,9.9,2024-10,False
SH2053,V10324,9,7,5.5,2024-03,False
SH2010,V10324,5,4,2.1,2024-02,True
SH2031,V10324,14,8,7.1,2024-08,False
SH2005,V10325,1,0,0.0,2024-10,False
SH2003,V10325,2,1,0.6,2024-06,False
SH2037,V10325,47,37,32.9,2024-03,False
SH2016,V10325,1,0,0.0,2024-07,False
SH2051,V10325,22,17,8.2,2024-02,True
SH2052,V10325,15,10,5.6,2024-01,False
SH2031,V10325,3,1,0.3,2024-08,False
SH2017,V10326,30,20,7.9,2024-10,False
SH2011,V10326,1,0,0.0,2024-09,False
SH2036,V10326,1,0,0.0,2023-11,False
SH2039,V10326,4,2,0.6,2024-07,False
SH2041,V10326,26,15,11.4,2024-06,False
SH2043,V10326,2,1,0.7,2024-07,False
SH2026,V10326,26,20,11.4,2024-05,False
SH2045,V10326,31,23,7.0,2024-01,True
SH2018,V10326,7,3,1.3,2024-07,True
SH2051,V10326,58,39,14.8,2024-03,False
SH2002,V10326,11,6,5.0,2024-03,False
SH2048,V10327,12,7,5.9,2024-09,False
SH2036,V10327,6,4,1.8,2023-12,False
SH2058,V10327,24,5,4.5,2024-05,True
SH2009,V10327,5,3,2.5,2024-03,True
SH2044,V10327,7,5,3.1,2024-07,True
SH2029,V10327,4,2,1.5,2024-01,False
SH2049,V10327,36,26,17.4,2024-05,False
SH2028,V10327,33,20,8.2,2024-04,False
SH2050,V10327,16,12,6.5,2024-02,True
SH2055,V10327,19,14,4.2,2024-01,True
SH2012,V10328,18,11,7.9,2024-06,False
SH2053,V10328,41,28,16.3,2024-04,False
SH2048,V10328,6,3,1.4,2024-06,False
SH2003,V10328,2,1,0.7,2024-08,False
SH2045,V10328,22,13,9.9,2024-02,False
SH2040,V10328,10,6,3.7,2024-09,False
SH2050,V10328,20,15,6.1,2023-11,False
SH2007,V10328,38,29,9.4,2023-11,True
SH2004,V10328,42,31,27.4,2024-08,True
SH2041,V10328,33,30,10.5,2024-10,False
SH2000,V10328,10,6,3.0,2024-05,False
SH2013,V10328,5,3,1.7,2024-02,False
SH2036,V10328,6,5,2.1,2024-09,True
SH2028,V10329,45,30,12.5,2023-12,True
SH2005,V10329,2,1,0.4,2024-10,False
SH2034,V10329,2,0,0.0,2024-04,False
SH2046,V10329,19,15,5.9,2024-10,False
SH2016,V10329,1,0,0.0,2024-08,False
SH2048,V10329,40,26,14.8,2024-10,False
SH2000,V10329,46,42,35.3,2024-08,False
SH2002,V10329,31,19,16.0,2024-06,False
SH2052,V10329,15,13,9.7,2024-07,True
SH2042,V10329,24,16,9.4,2024-05,True
SH2021,V10329,11,9,5.3,2023-12,False
SH2004,V10329,43,36,25.0,2024-10,False
SH2016,V10330,1,0,0.0,2024-05,False
SH2019,V10330,2,1,0.4,2024-04,False
SH2053,V10330,2,1,0.8,2024-09,False
SH2050,V10330,12,8,4.7,2024-01,False
SH2024,V10330,18,8,2.5,2024-03,False
SH2028,V10330,18,15,11.6,2024-04,False
SH2033,V10330,5,3,2.6,2024-04,False
SH2001,V10330,12,7,3.3,2024-07,True
SH2008,V10330,2,1,0.5,2024-08,False
SH2029,V10330,6,2,1.0,2024-02,False
SH2046,V10330,22,20,14.8,2024-03,True
SH2031,V10330,11,8,6.1,2024-02,False
SH2049,V10331,27,22,6.8,2024-05,False
SH2056,V10331,4,3,2.0,2024-08,False
SH2019,V10331,3,1,0.4,2024-01,False
SH2032,V10332,34,13,6.3,2024-04,True
SH2059,V10332,3,1,0.8,2024-03,False
SH2033,V10332,2,1,0.8,2024-07,False
SH2052,V10332,9,5,1.7,2024-01,True
SH2050,V10332,7,4,2.6,2024-07,True
SH2029,V10332,9,6,2.8,2024-02,True
SH2053,V10332,25,18,8.6,2024-10,False
SH2015,V10332,2,1,0.7,2024-10,False
SH2054,V10332,9,7,4.3,2024-06,True
SH2014,V10332,37,22,18.1,2024-03,False
SH2037,V10332,14,10,6.1,2024-05,False
SH2043,V10332,13,5,2.5,2024-08,True
SH2005,V10332,6,4,1.4,2023-12,True
SH2018,V10332,4,3,2.5,2024-01,True
SH2058,V10333,9,7,2.3,2024-08,True
SH2056,V10333,18,11,6.4,2024-08,False
SH2036,V10333,1,0,0.0,2024-02,False
SH2027,V10333,2,1,0.6,2024-06,False
SH2030,V10333,5,3,1.7,2023-11,True
SH2034,V10333,3,1,0.6,2023-11,False
SH2009,V10333,9,4,2.9,2024-04,False
SH2000,V10333,34,11,8.3,2024-05,True
SH2059,V10333,5,2,0.7,2023-11,False
SH2051,V10333,59,20,17.9,2024-04,False
SH2013,V10334,3,2,1.1,2024-02,False
SH2033,V10334,1,0,0.0,2023-11,False
SH2015,V10334,6,4,3.2,2024-04,False
SH2021,V10334,11,9,7.9,2024-10,True
SH2036,V10334,6,5,4.0,2024-04,False
SH2032,V10334,34,31,13.1,2024-09,True
SH2018,V10334,8,6,2.1,2024-02,False
SH2041,V10334,29,22,10.9,2024-03,False
SH2050,V10334,18,8,6.0,2024-04,False
SH2014,V10334,36,28,21.3,2024-06,False
SH2020,V10334,18,17,14.4,2024-09,False
SH2000,V10334,48,13,6.2,2024-06,True
SH2012,V10335,12,9,2.8,2024-04,True
SH2042,V10335,7,5,1.9,2024-09,False
SH2024,V10335,12,8,3.3,2024-09,True
SH2000,V10335,26,15,6.9,2024-02,False
SH2001,V10335,2,1,0.8,2024-05,False
SH2056,V10335,27,21,15.8,2024-09,True
SH2030,V10335,11,7,2.8,2024-07,False
SH2039,V10335,4,3,1.1,2024-01,False
SH2022,V10335,7,3,1.1,2024-02,True
SH2023,V10335,19,16,5.2,2024-09,True
SH2017,V10335,22,17,5.2,2024-02,False
SH2034,V10336,11,8,3.1,2024-08,True
SH2040,V10336,30,20,16.5,2024-01,False
SH2025,V10336,24,16,13.6,2024-08,False
SH2011,V10336,5,4,2.7,2024-04,True
SH2058,V10336,5,4,3.6,2024-01,True
SH2057,V10336,8,5,1.5,2024-04,False
SH2012,V10337,20,18,13.2,2024-09,True
SH2032,V10337,25,12,7.5,2024-04,False
SH2018,V10337,6,4,2.2,2023-12,True
SH2038,V10337,5,1,0.6,2024-08,False
SH2043,V10337,4,1,0.4,2023-11,False
SH2010,V10337,11,6,5.0,2023-11,True
SH2022,V10338,5,2,0.7,2024-06,False
SH2024,V10338,46,34,18.1,2024-10,False
SH2057,V10338,1,0,0.0,2024-01,False
SH2018,V10338,3,0,0.0,2023-12,False
SH2006,V10339,4,2,1.6,2024-07,False
SH2046,V10339,13,10,3.6,2024-08,False
SH2057,V10339,10,7,5.1,2024-01,False
SH2036,V10339,5,3,1.3,2024-03,True
SH2017,V10340,30,18,10.9,2024-09,True
SH2055,V10340,57,48,14.5,2024-07,True
SH2019,V10340,1,0,0.0,2024-06,False
SH2037,V10340,7,5,2.8,2024-05,False
SH2023,V10340,18,6,3.0,2024-10,False
SH2003,V10340,3,1,0.5,2024-04,False
SH2050,V10340,40,12,5.8,2024-05,True
SH2043,V10340,15,12,10.0,2024-03,True
SH2010,V10340,15,7,3.5,2024-04,False
SH2056,V10341,44,28,17.1,2023-12,False
SH2007,V10341,35,31,15.7,2024-08,True
SH2004,V10341,19,18,13.8,2024-02,True
SH2023,V10341,19,11,3.8,2023-12,False
SH2008,V10341,1,0,0.0,2023-11,False
SH2024,V10341,36,18,15.0,2024-02,False
SH2042,V10342,18,17,7.5,2023-11,False
SH2012,V10342,16,10,3.8,2024-04,False
SH2045,V10342,29,17,13.5,2023-11,False
SH2002,V10342,14,10,5.1,2023-11,True
SH2004,V10342,42,37,29.6,2024-07,False
SH2049,V10342,33,27,13.9,2024-09,True
SH2006,V10342,2,1,0.5,2024-02,False
SH2053,V10342,46,29,14.5,2024-03,True
SH2039,V10342,5,4,3.3,2024-01,False
SH2020,V10342,39,31,27.2,2024-03,False
SH2010,V10342,4,3,2.1,2024-08,False
SH2014,V10342,25,22,11.4,2024-09,False
SH2036,V10342,5,3,1.7,2024-01,True
SH2007,V10342,47,29,21.1,2024-07,True
SH2051,V10343,1,0,0.0,2024-02,False
SH2016,V10343,3,2,1.6,2024-05,False
SH2019,V10343,2,1,0.3,2024-02,False
SH2040,V10343,1,0,0.0,2024-07,False
SH2026,V10343,13,11,7.4,2024-03,True
SH2039,V10343,8,6,4.0,2024-09,True
SH2052,V10343,10,4,2.8,2024-05,False
SH2029,V10343,13,11,8.6,2024-09,False
SH2014,V10343,38,31,12.8,2023-11,False
SH2012,V10343,6,4,1.5,2024-10,True
SH2054,V10343,7,4,3.3,2023-11,True
SH2001,V10343,14,10,4.9,2024-04,False
SH2013,V10343,6,4,1.8,2024-01,False
SH2022,V10344,3,2,0.8,2024-07,False
SH2051,V10344,10,9,5.6,2024-05,True
SH2015,V10344,1,0,0.0,2024-08,False
SH2047,V10344,1,0,0.0,2024-05,False
SH2031,V10344,12,8,2.5,2024-02,False
SH2019,V10344,1,0,0.0,2024-07,False
SH2001,V10345,30,17,7.5,2024-04,True
SH2009,V10345,8,3,1.9,2024-10,True
SH2049,V10345,37,23,8.1,2024-04,True
SH2058,V10345,12,5,3.4,2024-06,False
SH2046,V10345,23,14,9.9,2024-03,False
SH2030,V10345,8,4,2.2,2024-02,False
SH2047,V10346,1,0,0.0,2024-06,False
SH2010,V10346,7,3,2.2,2024-10,True
SH2029,V10346,14,11,4.5,2024-02,False
SH2039,V10346,2,1,0.8,2024-08,False
SH2001,V10346,25,10,4.9,2024-07,False
SH2038,V10346,5,3,2.0,2024-10,False
SH2048,V10346,3,1,0.4,2023-11,False
SH2050,V10346,27,23,16.5,2024-03,False
SH2021,V10346,34,26,9.2,2024-02,False
SH2011,V10347,7,5,3.3,2024-07,False
SH2017,V10347,1,0,0.0,2024-06,False
SH2059,V10347,6,4,1.5,2024-04,False
SH2021,V10347,6,3,2.7,2024-05,False
SH2008,V10347,8,7,3.7,2024-01,True
SH2050,V10347,39,38,29.6,2024-05,False
SH2054,V10347,2,1,0.8,2024-01,False
SH2025,V10347,56,44,37.4,2024-09,True
SH2023,V10347,1,0,0.0,2023-11,False
SH2001,V10347,19,16,12.5,2024-02,False
SH2004,V10347,19,12,6.2,2023-12,True
SH2040,V10347,40,17,12.8,2024-06,False
SH2059,V10348,3,2,1.1,2024-09,False
SH2039,V10348,5,2,1.2,2024-01,False
SH2027,V10348,1,0,0.0,2023-11,False
SH2013,V10348,8,6,2.7,2024-05,True
SH2049,V10348,21,17,9.6,2024-10,True
SH2056,V10348,12,8,3.5,2024-04,False
SH2008,V10349,3,1,0.8,2024-09,False
SH2023,V10349,17,8,3.4,2024-07,False
SH2028,V10349,44,14,7.3,2024-10,False
SH2000,V10349,15,7,5.8,2024-04,False
SH2024,V10349,3,2,1.8,2024-03,False
SH2042,V10349,6,3,1.8,2024-01,True
SH2048,V10349,51,37,24.5,2024-01,False
SH2046,V10349,6,4,1.5,2024-02,True
SH2017,V10349,9,7,4.1,2024-07,False
SH2057,V10349,12,9,4.8,2024-03,True
SH2014,V10349,22,14,6.1,2024-03,False
SH2010,V10349,16,11,6.2,2024-03,False
SH2013,V10349,8,6,4.0,2024-09,True
SH2020,V10349,10,8,3.3,2024-05,True
SH2024,V10350,23,12,4.3,2023-12,True
SH2027,V10350,2,1,0.7,2024-04,False
SH2021,V10350,6,5,2.9,2024-04,True
SH2036,V10350,2,1,0.7,2024-06,False
SH2000,V10350,1,0,0.0,2024-05,False
SH2008,V10350,7,5,1.7,2023-11,False
SH2002,V10350,13,9,6.2,2024-03,False
SH2004,V10350,41,37,18.3,2024-02,False
SH2019,V10350,1,0,0.0,2024-05,False
SH2023,V10350,20,12,9.0,2024-07,False
SH2034,V10350,5,3,2.5,2024-04,False
SH2026,V10350,30,13,8.3,2024-04,True
SH2053,V10351,34,26,18.4,2024-09,True
SH2003,V10351,5,4,3.3,2024-10,False
SH2029,V10351,14,11,4.3,2024-07,False
SH2036,V10351,2,1,0.7,2024-06,False
SH2043,V10351,15,9,4.3,2023-12,False
SH2041,V10351,31,20,11.8,2024-06,False
SH2027,V10351,1,0,0.0,2024-03,False
SH2044,V10351,5,3,1.5,2024-01,False
SH2048,V10351,12,9,3.2,2024-05,False
SH2042,V10351,21,17,10.8,2024-07,False
SH2006,V10352,4,3,0.9,2024-02,True
SH2005,V10352,5,4,3.1,2024-09,False
SH2052,V10352,10,8,6.1,2024-06,True
SH2017,V10352,19,8,4.2,2023-11,False
SH2056,V10352,33,16,10.4,2023-11,True
SH2018,V10352,5,1,0.7,2024-08,False
SH2048,V10352,32,29,9.2,2024-07,False
SH2009,V10353,17,10,8.5,2023-12,False
SH2024,V10353,40,28,17.6,2024-02,True
SH2053,V10353,8,4,1.8,2024-02,False
SH2023,V10353,2,1,0.5,2024-03,False
SH2045,V10353,30,18,9.0,2023-12,True
SH2046,V10353,18,15,12.8,2024-02,False
SH2030,V10353,10,9,3.6,2024-07,True
SH2044,V10353,6,4,3.2,2024-06,False
SH2008,V10353,11,9,7.9,2023-11,True
SH2026,V10353,2,1,0.7,2024-01,False
SH2048,V10353,1,0,0.0,2024-03,False
SH2037,V10353,44,34,16.4,2024-08,True
SH2051,V10353,14,9,6.6,2024-01,False
SH2002,V10353,30,16,6.3,2024-01,True
SH2048,V10354,12,10,5.6,2024-09,False
SH2001,V10354,33,29,10.6,2024-10,True
SH2059,V10354,5,2,1.5,2024-02,False
SH2051,V10354,34,24,13.3,2024-04,False
SH2014,V10354,24,19,13.7,2023-12,False
SH2000,V10354,67,58,29.6,2024-02,False
SH2024,V10354,48,33,29.5,2024-09,True
SH2049,V10354,27,26,23.3,2024-06,False
SH2046,V10354,18,16,13.6,2024-06,True
SH2055,V10354,56,40,23.7,2024-09,True
SH2053,V10354,3,2,1.4,2024-07,False
SH2038,V10354,5,4,1.2,2024-09,True
SH2030,V10354,4,2,0.6,2024-04,False
SH2031,V10354,1,0,0.0,2023-11,False
SH2023,V10355,9,7,4.9,2023-12,False
SH2041,V10355,30,26,19.6,2024-09,True
SH2029,V10355,5,3,1.9,2024-08,False
SH2059,V10355,6,3,2.5,2024-02,True
SH2033,V10355,1,0,0.0,2024-09,False
SH2047,V10355,3,1,0.8,2024-07,False
SH2003,V10355,4,2,1.0,2024-03,False
SH2010,V10355,34,32,23.6,2024-05,False
SH2044,V10356,1,0,0.0,2024-09,False
SH2028,V10356,20,15,12.2,2024-10,False
SH2043,V10356,20,16,5.5,2024-01,False
SH2010,V10356,6,3,2.4,2024-02,True
SH2005,V10356,6,3,2.1,2024-06,False
SH2047,V10356,2,1,0.5,2024-05,False
SH2034,V10356,5,4,2.2,2023-11,False
SH2039,V10357,1,0,0.0,2023-11,False
SH2019,V10357,1,0,0.0,2024-09,False
SH2029,V10357,12,7,3.9,2024-09,False
SH2031,V10357,24,20,9.3,2024-09,True
SH2002,V10357,12,7,3.4,2024-04,False
SH2055,V10357,40,13,10.6,2024-06,False
SH2046,V10357,9,6,4.7,2024-02,True
SH2056,V10357,5,4,3.4,2024-06,True
SH2058,V10357,3,2,0.8,2024-04,False
SH2021,V10358,17,15,9.5,2024-09,True
SH2020,V10358,7,4,1.3,2024-09,False
SH2045,V10358,16,11,4.1,2024-06,True
SH2034,V10358,4,3,1.0,2024-10,False
SH2006,V10358,2,1,0.4,2024-10,False
SH2043,V10359,10,8,3.4,2024-05,True
SH2041,V10359,19,16,13.7,2024-04,True
SH2030,V10359,9,4,3.6,2024-07,False
SH2054,V10359,4,2,1.5,2023-12,False
SH2053,V10359,45,41,34.3,2024-10,True
SH2032,V10359,33,30,22.8,2024-07,False
SH2023,V10359,6,3,1.5,2023-11,False
SH2055,V10359,19,15,9.0,2024-03,False
SH2008,V10360,2,1,0.6,2024-03,False
SH2010,V10360,12,9,8.0,2024-02,False
SH2014,V10360,1,0,0.0,2024-04,False
SH2000,V10360,39,29,20.6,2024-01,False
SH2019,V10360,2,1,0.5,2024-07,False
SH2051,V10360,9,6,4.5,2024-06,False
SH2047,V10360,3,2,1.3,2023-12,False
SH2028,V10360,51,37,18.1,2024-10,False
SH2020,V10360,42,24,20.0,2024-02,True
SH2058,V10361,25,12,8.5,2024-07,True
SH2032,V10361,10,7,4.0,2023-11,True
SH2048,V10361,52,31,20.6,2024-04,True
SH2003,V10361,3,2,0.7,2023-11,False
SH2006,V10361,5,4,2.8,2024-04,False
SH2033,V10361,8,7,4.0,2024-04,True
SH2037,V10361,19,14,5.3,2024-06,False
SH2008,V10361,9,7,5.2,2023-12,False
SH2031,V10361,11,9,7.3,2024-10,False
SH2031,V10362,9,7,2.9,2024-01,False
SH2010,V10362,34,11,3.8,2024-06,False
SH2038,V10362,1,0,0.0,2024-08,False
SH2006,V10362,6,3,1.9,2024-02,False
SH2001,V10362,16,10,6.9,2024-04,False
SH2019,V10362,3,2,1.5,2024-09,False
SH2052,V10362,5,3,1.2,2024-08,True
SH2032,V10363,19,13,10.7,2024-04,False
SH2043,V10363,9,7,4.5,2024-05,False
SH2018,V10363,6,5,1.6,2023-11,False
SH2025,V10363,1,0,0.0,2023-12,False
SH2049,V10363,24,22,14.4,2024-09,False
SH2057,V10363,8,6,2.5,2024-07,False
SH2031,V10364,23,15,12.6,2024-01,False
SH2034,V10364,1,0,0.0,2024-04,False
SH2053,V10364,14,11,6.3,2023-12,True
SH2030,V10364,10,8,2.9,2023-12,False
SH2047,V10364,1,0,0.0,2024-08,False
SH2022,V10364,6,5,4.2,2024-06,True
SH2020,V10364,45,32,21.2,2024-10,True
SH2037,V10364,2,1,0.4,2024-10,False
SH2033,V10364,5,4,3.1,2024-08,False
SH2028,V10364,52,37,28.4,2024-03,False
SH2013,V10364,4,2,1.0,2024-10,False
SH2055,V10364,2,1,0.7,2024-03,False
SH2050,V10365,6,3,1.6,2024-07,False
SH2039,V10365,6,3,2.6,2023-12,True
SH2033,V10365,4,3,2.1,2024-09,False
SH2058,V10365,1,0,0.0,2024-09,False
SH2051,V10365,14,10,4.4,2024-09,True
SH2052,V10365,9,6,5.1,2024-08,True
SH2002,V10365,37,21,12.7,2024-10,False
SH2032,V10365,1,0,0.0,2023-12,False
SH2047,V10365,1,0,0.0,2024-07,False
SH2000,V10365,47,26,21.1,2024-06,False
SH2043,V10365,14,9,5.7,2023-12,True
SH2027,V10366,1,0,0.0,2023-12,False
SH2037,V10366,38,10,5.1,2024-01,True
SH2048,V10366,47,26,17.0,2024-07,True
SH2017,V10366,15,4,1.6,2024-07,False
SH2010,V10366,30,26,19.8,2023-12,True
SH2056,V10366,33,22,9.7,2023-12,False
SH2024,V10366,6,4,1.4,2024-03,False
SH2033,V10366,8,2,1.3,2024-02,False
SH2045,V10366,10,4,2.0,2024-03,True
SH2057,V10366,11,6,3.9,2023-11,True
SH2059,V10366,1,0,0.0,2024-02,False
SH2052,V10366,7,3,2.5,2024-05,True
SH2053,V10366,18,13,8.5,2024-07,False
SH2019,V10366,2,1,0.8,2024-03,False
SH2013,V10366,5,3,1.8,2024-10,True
SH2058,V10367,18,9,6.9,2024-06,True
SH2038,V10367,2,1,0.9,2024-07,False
SH2042,V10367,22,18,11.0,2024-03,False
SH2013,V10368,8,3,1.6,2024-04,False
SH2036,V10368,6,4,3.3,2024-02,False
SH2033,V10368,5,3,2.4,2023-11,True
SH2037,V10368,5,4,1.3,2024-06,False
SH2034,V10368,5,3,2.6,2024-06,False
SH2004,V10368,55,30,22.5,2024-09,False
SH2027,V10368,1,0,0.0,2024-02,False
SH2040,V10368,4,3,2.1,2024-03,True
SH2019,V10368,2,1,0.5,2024-04,False
SH2058,V10369,32,28,16.7,2024-09,False
SH2018,V10369,5,4,2.9,2023-12,False
SH2020,V10369,1,0,0.0,2023-12,False
SH2053,V10369,6,3,1.7,2024-02,False
SH2026,V10369,21,15,11.0,2024-06,True
SH2004,V10369,2,1,0.6,2024-10,False
SH2042,V10369,18,9,6.9,2024-10,False
SH2021,V10369,26,25,8.3,2024-09,False
SH2007,V10369,31,24,8.6,2023-11,False
SH2003,V10369,1,0,0.0,2024-10,False
SH2027,V10370,1,0,0.0,2024-04,False
SH2041,V10370,27,24,14.2,2024-10,False
SH2022,V10370,1,0,0.0,2024-10,False
SH2036,V10370,4,2,0.7,2023-11,False
SH2010,V10370,32,24,17.9,2024-02,True
SH2015,V10370,4,2,1.1,2024-07,False
SH2046,V10370,16,10,8.4,2024-04,False
SH2023,V10371,3,2,0.6,2024-04,False
SH2008,V10371,4,2,1.0,2024-02,False
SH2037,V10371,42,29,13.3,2024-05,True
SH2040,V10371,43,34,21.0,2024-01,True
SH2022,V10371,2,0,0.0,2024-10,False
SH2059,V10371,5,3,1.4,2024-02,True
SH2052,V10371,6,4,3.1,2024-05,False
SH2055,V10371,14,10,3.9,2024-10,False
SH2032,V10371,3,2,1.2,2023-12,False
SH2045,V10372,11,6,2.6,2024-06,False
SH2003,V10372,2,1,0.6,2024-05,False
SH2027,V10372,1,0,0.0,2024-09,False
SH2040,V10372,43,19,8.5,2024-07,False
SH2049,V10372,44,24,17.5,2024-09,False
SH2031,V10372,8,5,3.2,2024-09,True
SH2042,V10372,19,9,3.0,2024-02,False
SH2052,V10372,13,8,6.1,2024-01,True
SH2036,V10372,5,3,2.4,2024-08,False
SH2028,V10372,11,9,3.2,2024-08,True
SH2046,V10372,7,5,2.7,2024-08,True
SH2056,V10372,16,13,5.6,2024-01,False
SH2054,V10372,6,4,3.4,2023-11,False
SH2053,V10372,45,41,20.2,2024-02,True
SH2030,V10372,7,5,3.1,2024-10,False
SH2013,V10373,4,3,1.8,2024-07,True
SH2032,V10373,35,24,8.9,2023-11,False
SH2053,V10373,26,21,17.7,2024-06,True
SH2001,V10373,41,35,12.5,2024-06,False
SH2046,V10373,30,19,13.9,2024-07,False
SH2029,V10373,8,7,3.5,2024-08,False
SH2057,V10374,1,0,0.0,2024-09,False
SH2049,V10374,21,14,11.7,2023-12,False
SH2023,V10374,14,12,5.7,2023-11,False
SH2029,V10374,7,6,3.1,2024-09,False
SH2036,V10374,6,4,2.4,2024-08,True
SH2011,V10374,4,1,0.8,2024-08,False
SH2018,V10374,4,1,0.6,2024-05,False
SH2013,V10374,6,2,1.6,2024-07,False
SH2039,V10374,5,4,3.6,2024-07,False
SH2048,V10375,7,3,1.8,2024-01,False
SH2050,V10375,33,10,6.2,2024-06,False
SH2026,V10375,7,4,3.1,2023-11,True
SH2024,V10375,34,16,11.8,2023-11,False
SH2044,V10375,2,1,0.6,2024-04,False
SH2003,V10375,2,0,0.0,2024-07,False
SH2005,V10375,5,3,2.0,2024-05,False
SH2046,V10375,13,7,4.0,2024-03,False
SH2047,V10376,3,2,0.8,2023-12,False
SH2048,V10376,31,21,9.9,2023-12,False
SH2054,V10376,6,2,1.4,2024-07,False
SH2010,V10376,20,13,5.1,2024-08,False
SH2052,V10376,2,1,0.8,2024-03,False
SH2005,V10376,9,8,4.6,2023-11,False
SH2007,V10376,19,10,8.2,2024-07,False
SH2049,V10376,44,33,21.9,2024-09,False
SH2040,V10376,2,0,0.0,2024-03,False
SH2049,V10377,23,16,13.2,2023-11,False
SH2030,V10377,11,9,4.1,2024-01,False
SH2047,V10377,3,2,1.5,2024-03,False
SH2006,V10377,3,2,1.4,2024-03,False
SH2045,V10377,21,17,7.8,2024-03,False
SH2016,V10377,2,1,0.6,2023-12,False
SH2008,V10377,5,1,0.5,2024-02,False
SH2042,V10377,29,20,7.1,2024-09,False
SH2027,V10377,3,1,0.9,2024-08,False
SH2002,V10378,14,9,4.7,2024-10,False
SH2032,V10378,18,12,10.8,2024-10,False
SH2004,V10378,21,17,9.9,2024-06,False
SH2003,V10378,2,1,0.5,2023-12,False
SH2015,V10378,3,2,1.1,2024-03,False
SH2054,V10378,3,2,1.2,2024-08,False
SH2005,V10378,2,1,0.7,2024-03,False
SH2012,V10378,23,19,10.1,2024-04,False
SH2046,V10378,14,6,2.6,2024-07,True
SH2022,V10378,4,2,0.9,2024-05,False
SH2023,V10378,8,6,3.0,2024-10,False
SH2045,V10378,44,17,13.6,2024-06,False
SH2025,V10379,41,34,13.0,2024-06,False
SH2027,V10379,3,2,1.2,2024-03,False
SH2044,V10379,4,2,1.1,2024-04,False
SH2022,V10379,5,2,1.4,2024-06,False
SH2016,V10379,3,1,0.3,2024-08,False
SH2005,V10379,10,7,4.3,2024-04,False
SH2031,V10379,10,7,6.3,2024-02,False
SH2045,V10379,26,18,13.1,2023-12,False
SH2013,V10379,3,2,1.5,2024-03,False
SH2036,V10380,3,1,0.7,2023-12,False
SH2043,V10380,17,15,9.7,2024-08,False
SH2025,V10380,10,6,2.7,2024-08,True
SH2013,V10380,9,4,2.9,2024-09,False
SH2010,V10380,5,2,1.0,2024-04,False
SH2049,V10380,7,3,2.0,2024-05,False
SH2057,V10380,3,2,0.9,2023-11,False
SH2047,V10380,4,2,1.7,2024-05,False
SH2002,V10381,39,31,18.1,2024-08,True
SH2008,V10381,9,5,3.6,2023-11,True
SH2042,V10381,27,21,11.4,2024-10,True
SH2011,V10381,4,2,1.2,2024-01,False
SH2009,V10381,22,15,11.5,2024-05,False
SH2026,V10381,3,2,1.0,2024-02,False
SH2012,V10381,12,11,5.0,2024-04,False
SH2015,V10381,2,1,0.4,2024-07,False
SH2005,V10381,10,8,6.1,2024-09,True
SH2032,V10381,23,18,12.5,2024-06,False
SH2053,V10381,26,18,5.8,2024-06,False
SH2045,V10381,1,0,0.0,2023-12,False
SH2021,V10382,28,16,6.8,2023-12,False
SH2051,V10382,56,31,22.0,2024-01,False
SH2059,V10382,1,0,0.0,2024-06,False
SH2023,V10382,19,16,7.8,2024-10,False
SH2007,V10382,39,30,18.2,2024-05,False
SH2058,V10383,19,11,3.8,2024-01,False
SH2042,V10383,18,15,4.7,2024-08,False
SH2029,V10383,3,2,0.8,2024-04,False
SH2031,V10383,23,21,14.9,2023-11,False
SH2034,V10383,11,3,1.6,2024-08,False
SH2019,V10383,1,0,0.0,2024-07,False
SH2027,V10383,2,1,0.8,2024-08,False
SH2012,V10383,11,9,5.6,2024-07,False
SH2015,V10383,3,2,1.4,2024-04,False
SH2002,V10384,32,30,14.2,2024-05,True
SH2005,V10384,8,6,3.9,2024-01,True
SH2047,V10384,4,1,0.8,2024-04,False
SH2053,V10384,34,25,21.5,2024-08,False
SH2059,V10384,6,4,2.8,2024-03,True
SH2006,V10384,1,0,0.0,2024-05,False
SH2023,V10384,9,5,3.6,2024-04,False
SH2021,V10384,17,14,11.9,2024-08,False
SH2055,V10384,7,2,1.2,2024-06,False
SH2000,V10384,56,41,20.7,2024-02,False
SH2012,V10384,1,0,0.0,2024-09,False
SH2054,V10384,4,2,1.5,2024-02,False
SH2006,V10385,4,2,1.4,2023-12,False
SH2049,V10385,16,12,9.1,2024-02,False
SH2056,V10385,28,22,13.6,2024-04,False
SH2040,V10385,1,0,0.0,2024-09,False
SH2033,V10385,2,1,0.7,2024-04,False
SH2018,V10385,4,3,1.3,2024-10,False
SH2034,V10385,10,6,3.6,2024-03,True
SH2015,V10385,1,0,0.0,2023-11,False
SH2000,V10385,49,32,12.1,2024-07,True
SH2002,V10386,32,24,18.6,2024-10,True
SH2024,V10386,42,36,10.9,2023-11,False
SH2042,V10386,13,7,4.5,2024-03,True
SH2003,V10386,1,0,0.0,2024-06,False
SH2059,V10386,1,0,0.0,2024-05,False
SH2000,V10386,57,53,24.5,2024-02,False
SH2002,V10387,34,18,13.4,2023-11,True
SH2015,V10387,7,6,1.9,2024-02,False
SH2049,V10387,5,2,0.9,2024-05,False
SH2031,V10387,10,7,3.3,2024-07,True
SH2041,V10387,20,15,13.3,2023-11,False
SH2025,V10387,7,6,4.3,2024-05,False
SH2057,V10387,6,4,2.4,2024-08,True
SH2047,V10387,4,3,2.7,2023-11,False
SH2056,V10388,21,9,7.6,2024-06,True
SH2033,V10388,7,2,1.2,2024-08,False
SH2021,V10388,20,18,12.6,2024-03,True
SH2039,V10388,6,3,2.6,2024-09,False
SH2030,V10388,10,9,6.8,2024-08,False
SH2006,V10388,6,3,1.9,2024-07,False
SH2044,V10388,5,4,1.7,2023-11,False
SH2018,V10388,2,1,0.7,2024-03,False
SH2036,V10388,1,0,0.0,2024-03,False
SH2027,V10388,2,1,0.7,2024-09,False
SH2003,V10388,4,2,1.7,2024-07,False
SH2038,V10388,4,3,1.1,2024-01,False
SH2012,V10388,21,9,4.9,2024-01,True
SH2041,V10388,24,18,13.5,2024-07,True
SH2047,V10388,3,1,0.4,2024-08,False
SH2011,V10389,5,3,2.5,2024-04,False
SH2037,V10389,26,16,13.7,2024-07,True
SH2047,V10389,1,0,0.0,2024-04,False
SH2010,V10389,37,16,9.3,2024-01,True
SH2021,V10389,26,21,6.8,2024-01,False
SH2004,V10389,3,2,1.2,2024-04,False
SH2032,V10389,3,2,0.8,2023-12,False
SH2007,V10389,12,7,3.6,2023-12,True
SH2016,V10389,2,1,0.8,2024-05,False
SH2040,V10390,3,1,0.3,2024-07,False
SH2024,V10390,32,26,13.6,2024-05,True
SH2026,V10390,16,6,3.5,2024-06,True
SH2012,V10390,16,10,8.2,2024-05,False
SH2051,V10390,48,34,15.6,2023-11,False
SH2019,V10390,3,2,1.2,2024-01,False
SH2052,V10390,15,13,11.3,2023-11,False
SH2042,V10390,18,9,7.1,2023-12,False
SH2009,V10391,5,4,2.5,2024-07,False
SH2028,V10391,3,2,1.7,2024-07,False
SH2030,V10391,5,3,2.1,2024-04,True
SH2019,V10391,2,1,0.5,2024-01,False
SH2038,V10391,4,3,1.5,2024-05,False
SH2037,V10391,8,6,2.0,2024-04,False
SH2040,V10391,35,27,15.8,2024-04,True
SH2002,V10391,26,16,9.7,2023-11,True
SH2029,V10391,11,7,6.0,2024-06,True
SH2034,V10391,3,2,1.0,2024-05,False
SH2047,V10391,3,1,0.6,2024-09,False
SH2039,V10391,2,1,0.8,2024-01,False
SH2045,V10391,19,17,6.8,2024-06,True
SH2026,V10391,14,11,4.5,2024-08,False
SH2003,V10392,2,1,0.8,2024-03,False
SH2006,V10392,1,0,0.0,2024-08,False
SH2048,V10392,47,38,20.0,2024-09,False
SH2046,V10392,20,10,6.7,2024-10,False
SH2037,V10392,9,7,5.6,2024-01,False
SH2016,V10392,3,2,0.6,2024-09,False
SH2011,V10392,3,1,0.5,2023-11,False
SH2001,V10392,17,13,5.1,2024-08,True
SH2023,V10392,14,9,5.3,2024-05,False
SH2057,V10392,10,4,3.4,2024-04,False
SH2054,V10392,8,7,6.0,2024-01,False
SH2014,V10393,44,23,18.1,2024-01,False
SH2007,V10393,9,7,6.0,2024-02,False
SH2056,V10393,22,21,7.3,2024-09,False
SH2020,V10393,6,3,2.1,2023-11,False
SH2050,V10393,23,19,16.3,2024-01,False
SH2049,V10393,17,16,12.6,2024-08,True
SH2005,V10393,10,8,6.4,2024-03,False
SH2032,V10394,25,20,10.7,2024-06,False
SH2053,V10394,4,1,0.7,2024-03,False
SH2033,V10394,7,5,2.5,2024-07,False
SH2047,V10394,4,3,2.1,2024-08,False
SH2010,V10394,3,2,0.9,2024-10,False
SH2029,V10394,8,5,2.0,2024-06,True
SH2044,V10394,1,0,0.0,2024-03,False
SH2007,V10394,30,26,21.9,2023-12,False
SH2012,V10394,10,8,2.6,2024-02,False
SH2008,V10394,5,3,1.5,2023-12,False
SH2025,V10394,26,21,6.8,2023-12,False
SH2040,V10394,9,4,2.3,2024-06,False
SH2059,V10394,4,2,1.4,2024-02,False
SH2004,V10394,39,26,13.5,2023-12,True
SH2051,V10394,20,15,4.7,2023-11,False
SH2008,V10395,5,4,2.4,2024-01,False
SH2016,V10395,4,2,1.6,2023-11,False
SH2040,V10395,7,3,1.4,2024-01,False
SH2023,V10395,21,5,3.7,2023-12,False
SH2056,V10395,30,27,22.3,2024-02,False
SH2042,V10395,30,12,5.1,2024-07,False
SH2030,V10396,2,1,0.6,2024-03,False
SH2054,V10396,4,1,0.7,2024-06,False
SH2017,V10396,13,11,5.0,2024-08,False
SH2030,V10397,8,6,3.0,2024-03,False
SH2053,V10397,13,10,5.4,2024-03,True
SH2017,V10397,19,14,11.1,2024-05,False
SH2003,V10398,2,1,0.6,2024-04,False
SH2058,V10398,28,21,8.0,2024-02,True
SH2015,V10398,7,4,1.6,2023-11,True
SH2007,V10398,23,19,9.4,2023-11,False
SH2002,V10398,37,17,14.4,2024-01,False
SH2048,V10398,12,11,8.5,2024-04,False
SH2000,V10398,46,33,25.8,2024-02,False
SH2044,V10398,7,3,1.3,2024-02,True
SH2053,V10398,15,13,11.1,2024-06,True
SH2026,V10399,16,11,8.4,2024-06,True
SH2053,V10399,22,12,6.3,2024-07,True
SH2008,V10399,3,2,0.7,2023-12,False
SH2032,V10399,24,19,7.8,2024-09,False
SH2002,V10399,32,12,6.9,2024-05,False
SH2012,V10399,10,8,3.2,2024-06,False
SH2042,V10399,16,11,4.7,2024-10,False
SH2019,V10399,4,2,0.8,2024-07,False
SH2046,V10399,25,22,16.6,2024-05,False
SH2015,V10399,4,3,2.7,2024-01,False
SH2050,V10400,8,7,2.8,2024-10,False
SH2053,V10400,34,14,9.6,2023-12,False
SH2000,V10400,41,35,15.0,2024-04,True
SH2059,V10400,5,3,1.1,2024-04,False
SH2029,V10400,8,6,3.2,2024-09,False
SH2052,V10400,1,0,0.0,2023-11,False
SH2039,V10401,2,1,0.4,2024-10,False
SH2038,V10401,8,6,5.1,2024-01,False
SH2042,V10401,1,0,0.0,2024-02,False
SH2021,V10401,35,24,16.6,2024-03,False
SH2050,V10401,30,24,7.2,2023-12,True
SH2012,V10402,5,3,2.0,2024-08,False
SH2019,V10402,2,1,0.9,2024-02,False
SH2051,V10402,4,2,1.0,2023-12,False
SH2031,V10402,14,8,5.3,2024-10,False
SH2011,V10402,4,2,1.4,2024-04,False
SH2014,V10403,32,25,17.1,2024-03,False
SH2046,V10403,9,7,3.7,2024-09,True
SH2032,V10403,21,13,5.5,2024-03,False
SH2021,V10403,2,1,0.4,2024-09,False
SH2031,V10403,20,9,4.1,2024-07,False
SH2050,V10403,7,3,2.1,2024-07,False
SH2000,V10403,7,2,0.7,2024-03,False
SH2033,V10404,5,4,3.6,2024-02,True
SH2032,V10404,3,0,0.0,2024-05,False
SH2017,V10404,26,22,17.5,2024-01,True
SH2024,V10404,1,0,0.0,2024-02,False
SH2034,V10404,3,2,1.2,2024-09,False
SH2006,V10404,5,2,1.7,2024-08,False
SH2003,V10404,3,2,0.6,2024-04,False
SH2005,V10404,3,2,1.5,2023-12,False
SH2054,V10404,9,7,4.5,2024-02,False
SH2056,V10404,5,4,3.5,2024-09,False
SH2046,V10404,24,20,16.3,2024-08,False
SH2007,V10405,8,5,3.2,2024-06,True
SH2025,V10405,17,14,5.0,2024-02,False
SH2014,V10405,2,1,0.3,2024-03,False
SH2018,V10406,3,1,0.3,2024-03,False
SH2019,V10406,1,0,0.0,2024-06,False
SH2045,V10406,36,26,21.1,2024-02,False
SH2052,V10406,10,8,3.4,2024-03,False
SH2017,V10406,2,1,0.3,2024-05,False
SH2049,V10406,42,30,23.9,2024-04,True
SH2051,V10406,22,17,10.5,2024-06,True
SH2036,V10406,1,0,0.0,2024-10,False
SH2034,V10406,7,4,2.6,2024-02,True
SH2057,V10406,9,4,3.5,2024-06,False
SH2055,V10406,68,61,38.8,2023-11,False
SH2021,V10407,20,12,9.1,2024-06,False
SH2049,V10407,11,7,2.1,2024-06,False
SH2032,V10407,34,21,18.7,2024-07,False
SH2005,V10407,2,1,0.3,2023-11,False
SH2022,V10407,1,0,0.0,2024-01,False
SH2031,V10407,1,0,0.0,2024-07,False
SH2024,V10407,38,17,7.0,2023-12,False
SH2043,V10407,9,4,1.8,2024-09,True
SH2026,V10407,9,6,3.3,2024-05,True
SH2039,V10407,7,5,2.6,2024-02,False
SH2020,V10408,49,39,32.3,2024-08,False
SH2054,V10408,7,6,4.0,2024-07,True
SH2050,V10408,29,23,17.4,2024-06,False
SH2038,V10408,4,3,2.3,2024-05,True
SH2007,V10408,41,35,17.1,2024-04,False
SH2006,V10409,6,3,1.2,2024-02,False
SH2008,V10409,11,3,1.5,2024-07,True
SH2029,V10409,8,4,3.6,2024-10,True
SH2002,V10409,35,23,19.6,2024-07,False
SH2048,V10409,50,40,29.3,2024-05,True
SH2018,V10409,1,0,0.0,2024-10,False
SH2023,V10410,19,12,5.5,2024-04,True
SH2004,V10410,29,25,12.6,2024-05,False
SH2008,V10410,7,5,4.2,2024-09,False
SH2006,V10410,5,3,2.1,2024-02,True
SH2058,V10410,11,9,7.8,2024-02,False
SH2056,V10410,34,10,5.2,2024-05,True
SH2050,V10410,1,0,0.0,2024-04,False
SH2031,V10410,20,13,4.3,2024-07,False
SH2055,V10410,9,8,5.5,2024-04,True
SH2011,V10410,8,3,1.2,2023-11,False
SH2045,V10410,10,8,3.5,2024-02,False
SH2038,V10410,3,1,0.5,2024-04,False
SH2026,V10410,15,11,4.9,2024-04,False
SH2007,V10411,27,18,9.2,2024-03,True
SH2015,V10411,5,3,1.9,2024-04,True
SH2003,V10411,3,2,1.0,2024-05,False
SH2011,V10412,5,1,0.7,2024-03,False
SH2037,V10412,52,49,29.4,2024-08,False
SH2020,V10412,23,19,12.1,2024-01,False
SH2016,V10412,3,2,0.9,2024-03,False
SH2023,V10412,7,5,2.3,2024-07,True
SH2044,V10412,1,0,0.0,2024-08,False
SH2017,V10412,19,15,10.7,2024-03,True
SH2055,V10412,54,26,16.3,2024-10,False
SH2003,V10412,3,1,0.3,2023-12,False
SH2036,V10412,3,1,0.7,2024-07,False
SH2052,V10412,5,4,3.1,2024-01,False
SH2042,V10412,28,18,8.4,2024-05,True
SH2021,V10412,9,7,3.9,2024-10,False
SH2022,V10412,2,1,0.7,2024-07,False
SH2026,V10412,13,12,6.2,2024-02,False
SH2059,V10413,1,0,0.0,2023-11,False
SH2027,V10413,2,1,0.4,2024-06,False
SH2045,V10413,23,16,13.2,2024-08,True
SH2013,V10413,3,2,1.0,2023-11,False
SH2005,V10413,9,2,1.6,2024-10,False
SH2057,V10413,8,5,2.6,2024-04,True
SH2029,V10413,10,8,3.3,2024-07,True
SH2008,V10413,11,6,1.8,2024-08,False
SH2043,V10413,15,12,7.3,2024-05,True
SH2009,V10413,18,13,10.3,2024-04,False
SH2026,V10413,1,0,0.0,2024-04,False
SH2012,V10414,18,13,11.5,2024-04,False
SH2051,V10414,33,18,15.5,2024-04,True
SH2023,V10414,10,6,4.8,2024-01,False
SH2036,V10414,3,2,1.7,2024-09,False
SH2052,V10414,9,3,2.0,2024-07,True
SH2056,V10414,22,17,14.9,2023-11,True
SH2005,V10414,9,5,2.2,2023-11,False
SH2022,V10414,2,1,0.5,2024-01,False
SH2026,V10414,18,14,10.2,2024-04,False
SH2034,V10414,12,10,7.5,2024-09,False
SH2021,V10414,31,23,15.1,2024-02,False
SH2013,V10414,4,3,1.2,2024-05,True
SH2048,V10414,1,0,0.0,2024-04,False
SH2016,V10415,3,1,0.5,2024-03,False
SH2026,V10415,27,15,10.2,2023-11,False
SH2014,V10415,45,28,12.2,2024-08,False
SH2037,V10415,56,38,17.8,2024-08,True
SH2033,V10415,8,6,2.5,2024-01,False
SH2041,V10415,27,25,22.4,2024-10,False
SH2023,V10415,5,3,2.6,2024-09,False
SH2025,V10415,53,38,11.9,2024-02,False
SH2027,V10415,3,2,1.0,2024-10,False
SH2051,V10416,17,15,6.5,2024-02,False
SH2006,V10416,6,3,2.4,2024-05,False
SH2019,V10416,2,1,0.6,2023-12,False
SH2036,V10416,3,2,1.1,2024-07,False
SH2054,V10416,6,2,1.7,2024-06,False
SH2003,V10416,3,1,0.5,2024-02,False
SH2038,V10416,7,3,2.5,2023-12,False
SH2029,V10416,6,4,1.5,2024-10,False
SH2028,V10416,5,3,1.2,2023-11,False
SH2020,V10416,32,20,14.3,2024-09,True
SH2005,V10416,1,0,0.0,2024-02,False
SH2049,V10416,33,19,7.8,2024-10,True
SH2009,V10416,8,4,1.2,2024-10,True
SH2006,V10417,5,2,1.1,2024-10,False
SH2051,V10417,23,10,5.8,2024-05,False
SH2055,V10417,15,11,9.9,2024-06,False
SH2047,V10417,4,2,0.7,2024-01,False
SH2053,V10417,14,7,4.5,2024-08,True
SH2022,V10417,1,0,0.0,2024-03,False
SH2003,V10417,4,2,1.4,2023-12,False
SH2016,V10417,2,1,0.6,2024-07,False
SH2029,V10417,13,12,7.9,2024-06,False
SH2049,V10417,28,12,5.2,2024-02,False
SH2009,V10417,15,11,7.0,2024-01,False
SH2046,V10417,3,1,0.9,2024-08,False
SH2030,V10418,4,2,1.1,2024-04,False
SH2042,V10418,3,2,0.7,2024-10,False
SH2015,V10418,3,1,0.5,2024-06,False
SH2056,V10418,12,10,8.8,2024-04,False
SH2041,V10419,30,11,9.2,2024-06,True
SH2025,V10419,35,18,10.1,2024-03,True
SH2039,V10419,3,1,0.7,2024-09,False
SH2038,V10419,5,3,1.5,2024-01,False
SH2040,V10419,20,12,5.2,2024-08,True
SH2016,V10419,1,0,0.0,2023-12,False
SH2023,V10419,14,7,2.8,2023-12,False
SH2013,V10419,5,4,2.4,2023-12,False
SH2059,V10420,4,1,0.4,2023-11,False
SH2023,V10420,12,9,6.8,2023-12,False
SH2000,V10420,40,31,27.7,2024-02,True
SH2034,V10420,11,7,3.7,2024-07,True
SH2002,V10420,21,15,11.4,2024-08,False
SH2012,V10421,2,1,0.3,2023-12,False
SH2047,V10421,1,0,0.0,2024-09,False
SH2036,V10421,5,3,1.9,2024-06,False
SH2041,V10421,12,6,4.7,2024-01,False
SH2045,V10421,7,6,2.2,2024-08,False
SH2055,V10421,13,11,7.9,2024-01,False
SH2053,V10421,18,13,7.1,2024-08,False
SH2041,V10422,7,4,3.5,2023-11,False
SH2007,V10422,29,21,7.6,2023-11,True
SH2033,V10422,5,2,1.2,2024-02,False
SH2012,V10422,14,8,4.6,2024-08,False
SH2021,V10422,18,7,5.5,2024-03,False
SH2028,V10422,14,11,4.6,2024-03,True
SH2030,V10422,10,7,4.4,2024-06,False
SH2010,V10422,32,23,20.0,2024-10,False
SH2024,V10422,35,28,19.4,2024-10,False
SH2005,V10422,9,8,3.1,2024-02,True
SH2042,V10423,4,3,1.2,2023-12,False
SH2055,V10423,55,39,32.6,2024-05,True
SH2017,V10423,11,5,4.3,2023-11,False
SH2007,V10423,1,0,0.0,2024-06,False
SH2021,V10423,27,14,11.1,2024-08,False
SH2059,V10423,6,1,0.7,2024-03,False
SH2013,V10423,5,3,2.1,2024-08,True
SH2027,V10423,2,1,0.7,2024-02,False
SH2057,V10423,2,1,0.8,2024-10,False
SH2013,V10424,3,1,0.5,2024-07,False
SH2030,V10424,8,4,2.3,2024-10,True
SH2025,V10424,22,15,10.3,2024-09,False
SH2029,V10424,11,6,5.0,2024-05,False
SH2046,V10424,26,23,8.6,2024-04,True
SH2028,V10424,49,45,31.7,2024-09,True
SH2052,V10424,14,11,9.1,2024-04,False
SH2042,V10424,9,4,3.1,2024-03,False
SH2014,V10424,35,23,10.8,2024-04,True
SH2027,V10424,4,3,1.5,2023-11,True
SH2048,V10424,45,32,22.1,2024-01,True
SH2040,V10424,4,2,1.8,2024-02,False
SH2016,V10424,2,0,0.0,2024-09,False
SH2019,V10424,1,0,0.0,2024-07,False
SH2045,V10425,16,11,8.3,2024-10,False
SH2028,V10425,10,6,1.8,2024-05,False
SH2053,V10425,47,38,14.7,2024-09,False
SH2055,V10425,2,1,0.4,2024-08,False
SH2013,V10425,3,1,0.6,2024-05,False
SH2059,V10425,4,2,1.5,2024-08,False
SH2054,V10425,7,5,3.1,2023-12,True
SH2041,V10425,32,22,18.3,2024-04,True
SH2029,V10425,13,8,4.2,2024-08,False
SH2021,V10425,17,11,7.9,2023-11,False
SH2020,V10425,33,21,10.3,2024-07,False
SH2002,V10426,27,19,8.3,2024-07,False
SH2006,V10426,2,1,0.6,2023-12,False
SH2011,V10426,6,4,1.5,2023-11,True
SH2029,V10426,5,4,3.3,2024-08,False
SH2045,V10426,45,40,20.1,2024-10,True
SH2042,V10427,29,19,11.6,2024-02,True
SH2009,V10427,11,8,3.4,2024-09,False
SH2057,V10427,12,11,7.1,2024-06,False
SH2038,V10427,4,2,1.2,2023-11,False
SH2030,V10427,1,0,0.0,2024-04,False
SH2013,V10427,2,1,0.7,2024-03,False
SH2051,V10427,53,29,21.9,2023-11,True
SH2021,V10427,10,8,2.7,2024-03,True
SH2007,V10428,17,11,7.4,2024-03,False
SH2024,V10428,1,0,0.0,2023-11,False
SH2028,V10428,21,18,8.7,2024-01,True
SH2056,V10428,9,4,1.3,2024-02,False
SH2009,V10428,13,11,4.4,2023-12,True
SH2006,V10428,2,1,0.5,2024-06,False
SH2020,V10428,37,29,12.1,2024-05,False
SH2058,V10428,23,18,12.4,2024-04,True
SH2017,V10428,9,6,3.4,2023-11,False
SH2030,V10428,1,0,0.0,2024-02,False
SH2046,V10428,15,9,5.6,2024-07,False
SH2033,V10428,3,1,0.8,2023-11,False
SH2023,V10428,19,14,9.9,2024-01,False
SH2059,V10429,3,2,1.8,2023-11,False
SH2013,V10429,7,4,2.4,2024-09,False
SH2022,V10429,5,4,3.1,2024-02,False
SH2005,V10429,5,1,0.5,2024-10,False
SH2037,V10430,22,16,6.1,2024-06,True
SH2004,V10430,26,22,19.0,2024-05,True
SH2028,V10430,34,28,11.5,2024-02,False
SH2057,V10430,2,1,0.3,2024-06,False
SH2045,V10430,23,10,4.0,2024-02,True
SH2039,V10430,8,7,3.5,2024-02,False
SH2006,V10430,4,3,1.6,2023-11,False
SH2043,V10430,1,0,0.0,2024-09,False
SH2029,V10431,7,4,3.3,2024-04,False
SH2000,V10431,2,1,0.5,2024-06,False
SH2003,V10431,1,0,0.0,2024-03,False
SH2024,V10431,45,29,12.5,2024-10,False
SH2055,V10431,66,55,20.3,2024-07,False
SH2041,V10432,32,20,12.5,2024-09,True
SH2042,V10432,27,18,6.8,2024-08,False
SH2008,V10432,8,6,3.4,2024-04,False
SH2054,V10432,6,3,1.1,2023-12,False
SH2012,V10432,15,10,5.6,2024-10,True
SH2033,V10432,1,0,0.0,2024-02,False
SH2032,V10432,5,3,1.2,2024-03,False
SH2029,V10432,2,1,0.5,2024-09,False
SH2002,V10432,1,0,0.0,2024-03,False
SH2025,V10432,31,25,14.4,2024-01,True
SH2013,V10432,8,6,4.4,2024-06,False
SH2016,V10432,3,2,0.8,2024-05,False
SH2026,V10432,22,13,7.5,2024-10,False
SH2017,V10432,16,12,8.4,2023-11,False
SH2001,V10432,28,21,14.9,2024-04,True
SH2028,V10433,16,9,3.2,2024-07,False
SH2020,V10433,23,15,6.2,2023-12,False
SH2054,V10433,8,6,4.0,2024-01,False
SH2010,V10434,15,6,4.4,2024-04,True
SH2012,V10434,19,11,7.5,2024-06,False
SH2015,V10434,2,1,0.4,2024-08,False
SH2005,V10434,4,3,2.0,2024-01,False
SH2047,V10434,3,2,1.8,2024-01,False
SH2029,V10434,4,3,2.5,2024-08,True
SH2023,V10434,6,3,1.3,2024-05,False
SH2021,V10434,10,4,3.2,2024-06,True
SH2059,V10434,1,0,0.0,2024-03,False
SH2043,V10434,12,7,6.1,2024-07,True
SH2046,V10434,5,3,2.5,2024-07,False
SH2028,V10434,1,0,0.0,2024-05,False
SH2007,V10434,6,3,1.9,2024-10,False
SH2008,V10434,11,4,2.4,2024-07,False
SH2004,V10434,18,6,2.8,2024-02,False
SH2003,V10435,5,4,2.9,2024-08,False
SH2005,V10435,7,5,3.1,2024-08,False
SH2046,V10435,30,19,14.7,2024-07,True
SH2044,V10435,6,5,4.0,2023-11,True
SH2020,V10435,36,26,9.2,2024-08,False
SH2059,V10435,4,3,2.3,2024-07,False
SH2040,V10435,5,4,2.2,2024-05,False
SH2007,V10435,8,6,2.1,2024-02,False
SH2047,V10435,3,1,0.8,2024-01,False
SH2023,V10435,6,4,1.7,2023-11,True
SH2002,V10435,9,4,3.5,2023-12,False
SH2012,V10435,8,4,3.5,2024-07,False
SH2045,V10435,48,27,18.4,2023-12,True
SH2031,V10435,4,3,2.2,2024-06,True
SH2017,V10435,12,9,5.7,2023-12,False
SH2010,V10436,21,16,13.2,2024-10,True
SH2025,V10436,64,29,20.6,2024-02,False
SH2046,V10436,19,13,8.3,2024-07,True
SH2047,V10436,3,1,0.7,2023-12,False
SH2054,V10436,2,0,0.0,2024-10,False
SH2029,V10436,10,9,2.9,2024-02,False
SH2043,V10436,1,0,0.0,2024-06,False
SH2019,V10436,2,1,0.4,2024-09,False
SH2045,V10436,27,20,8.5,2023-11,False
SH2031,V10436,14,9,3.8,2024-08,False
SH2016,V10436,4,2,1.1,2024-08,False
SH2039,V10436,8,7,6.2,2024-10,False
SH2012,V10436,21,15,10.9,2024-01,True
SH2032,V10436,24,11,5.9,2024-05,False
SH2009,V10436,5,4,2.7,2024-08,False
SH2051,V10437,16,6,5.3,2024-07,False
SH2032,V10437,22,14,9.0,2024-01,False
SH2037,V10437,56,50,19.8,2024-08,True
SH2012,V10437,6,5,2.9,2024-08,True
SH2043,V10437,19,18,5.8,2023-12,False
SH2059,V10437,1,0,0.0,2024-04,False
SH2038,V10437,8,7,3.7,2024-10,False
SH2052,V10437,8,6,2.3,2024-09,True
SH2050,V10438,17,9,2.9,2024-09,False
SH2059,V10438,2,1,0.8,2024-03,False
SH2045,V10438,32,22,11.8,2024-04,True
SH2024,V10438,26,13,8.7,2024-03,False
SH2001,V10438,18,13,11.6,2024-05,True
SH2010,V10438,24,15,8.9,2024-07,True
SH2017,V10438,26,14,8.9,2024-02,True
SH2040,V10438,31,27,16.1,2024-07,True
SH2011,V10438,3,1,0.9,2024-06,False
SH2037,V10438,55,38,21.9,2024-02,False
SH2019,V10439,4,2,1.8,2024-09,False
SH2013,V10439,3,1,0.9,2024-04,False
SH2015,V10439,3,1,0.4,2024-03,False
SH2016,V10439,2,1,0.5,2024-04,False
SH2029,V10439,5,3,1.6,2024-04,True
SH2036,V10439,2,1,0.6,2024-03,False
SH2039,V10439,4,2,0.9,2024-05,False
SH2027,V10439,4,3,2.0,2024-07,False
SH2002,V10439,12,11,7.8,2024-10,False
SH2023,V10439,5,3,1.2,2024-01,True
SH2056,V10439,17,11,4.8,2024-05,True
SH2047,V10439,1,0,0.0,2023-11,False
SH2004,V10439,28,14,10.1,2024-07,False
SH2006,V10439,1,0,0.0,2024-01,False
SH2037,V10439,35,21,17.9,2024-07,False
SH2033,V10440,5,4,3.3,2024-06,True
SH2014,V10440,29,24,11.9,2024-02,True
SH2042,V10440,16,11,3.6,2024-03,True
SH2006,V10440,5,3,1.4,2024-08,False
SH2018,V10440,4,3,2.5,2024-05,False
SH2010,V10440,30,14,8.4,2023-12,True
SH2037,V10440,43,23,20.0,2023-12,False
SH2008,V10440,7,5,3.6,2023-11,True
SH2001,V10440,29,21,6.8,2024-10,True
SH2009,V10440,20,17,15.3,2024-01,True
SH2008,V10441,2,1,0.4,2024-01,False
SH2059,V10441,3,2,1.1,2024-03,False
SH2016,V10441,2,1,0.8,2024-01,False
SH2041,V10441,24,22,19.7,2024-06,False
SH2027,V10441,4,2,1.7,2024-03,False
SH2055,V10441,43,32,10.0,2024-07,True
SH2028,V10442,51,39,24.1,2024-05,False
SH2055,V10442,15,11,7.6,2024-04,False
SH2057,V10442,4,3,1.2,2024-03,True
SH2042,V10442,29,28,13.0,2024-06,False
SH2046,V10443,9,3,2.5,2024-10,False
SH2020,V10443,17,14,8.1,2024-06,True
SH2040,V10443,34,32,14.9,2024-06,False
SH2054,V10443,6,4,2.5,2024-03,False
SH2058,V10443,22,12,3.6,2024-09,False
SH2047,V10443,3,1,0.6,2024-03,False
SH2002,V10443,5,3,1.4,2024-03,False
SH2056,V10443,30,27,8.4,2024-03,True
SH2011,V10443,2,1,0.5,2024-08,False
SH2052,V10443,12,10,6.2,2024-06,False
SH2015,V10443,6,3,2.1,2024-02,True
SH2019,V10443,3,1,0.7,2024-01,False
SH2038,V10443,8,4,2.6,2024-03,False
SH2045,V10443,19,10,5.6,2024-05,False
SH2050,V10443,33,28,9.7,2024-01,False
SH2023,V10444,5,3,1.1,2024-04,False
SH2015,V10444,5,4,1.8,2024-01,False
SH2001,V10444,4,2,1.4,2024-10,False
SH2053,V10445,20,18,12.3,2024-01,True
SH2017,V10445,3,1,0.9,2024-03,False
SH2018,V10445,7,5,1.6,2024-08,False
SH2047,V10445,3,2,1.4,2024-02,False
SH2057,V10445,3,1,0.5,2024-08,False
SH2013,V10445,7,4,3.0,2024-04,True
SH2039,V10445,8,5,1.8,2024-01,False
SH2027,V10445,2,1,0.8,2024-09,False
SH2006,V10445,2,0,0.0,2024-09,False
SH2000,V10445,29,19,15.5,2024-07,False
SH2055,V10445,58,49,25.7,2024-10,False
SH2051,V10445,6,5,4.3,2023-12,False
SH2042,V10445,23,21,11.6,2024-05,False
SH2036,V10446,2,1,0.4,2024-04,False
SH2033,V10446,1,0,0.0,2024-03,False
SH2026,V10446,11,7,2.9,2024-05,True
SH2019,V10446,1,0,0.0,2024-05,False
SH2005,V10446,5,3,1.5,2024-10,False
SH2006,V10446,3,1,0.4,2024-04,False
SH2026,V10447,27,19,13.3,2024-03,False
SH2006,V10447,4,3,1.1,2023-12,True
SH2055,V10447,62,55,26.0,2023-12,False
SH2026,V10448,1,0,0.0,2024-07,False
SH2012,V10448,21,14,10.0,2024-03,False
SH2041,V10448,29,25,19.4,2024-08,False
SH2058,V10448,6,4,1.5,2023-12,False
SH2022,V10448,3,2,1.5,2024-01,False
SH2008,V10448,4,2,0.6,2024-01,False
SH2037,V10448,35,29,13.2,2024-01,False
SH2020,V10448,25,17,12.0,2023-11,True
SH2002,V10448,5,2,1.7,2024-05,False
SH2042,V10448,16,10,7.8,2024-03,False
SH2040,V10448,26,19,15.0,2023-11,False
SH2028,V10449,8,6,3.6,2024-08,True
SH2027,V10449,1,0,0.0,2024-02,False
SH2050,V10449,27,18,9.3,2024-09,True
SH2055,V10449,57,44,36.0,2024-04,False
SH2012,V10449,24,22,18.7,2024-06,False
SH2018,V10449,5,3,1.7,2024-08,False
SH2016,V10449,1,0,0.0,2024-10,False
SH2005,V10449,4,1,0.8,2024-06,False
SH2032,V10449,12,7,5.4,2023-11,True
SH2023,V10450,2,1,0.4,2023-12,False
SH2027,V10450,1,0,0.0,2024-01,False
SH2056,V10450,14,9,5.6,2024-02,False
SH2058,V10450,22,8,3.4,2023-12,True
SH2040,V10451,22,13,11.2,2024-06,False
SH2008,V10451,10,8,5.0,2024-07,False
SH2058,V10451,1,0,0.0,2024-06,False
SH2019,V10451,3,1,0.6,2023-12,False
SH2034,V10451,6,2,1.7,2023-11,False
SH2012,V10451,12,8,6.1,2024-04,False
SH2013,V10451,9,8,2.7,2024-07,False
SH2000,V10451,46,25,21.9,2024-04,False
SH2047,V10451,1,0,0.0,2024-02,False
SH2037,V10451,13,6,3.7,2024-01,False
SH2028,V10451,2,1,0.4,2024-04,False
SH2032,V10451,17,9,7.1,2024-03,False
SH2001,V10452,21,16,6.0,2024-02,False
SH2042,V10452,27,15,12.7,2024-06,False
SH2013,V10452,3,2,1.5,2024-08,False
SH2041,V10452,7,5,4.0,2023-12,True
SH2019,V10452,2,0,0.0,2023-11,False
SH2006,V10452,6,4,3.0,2024-01,False
SH2031,V10452,6,4,2.4,2024-08,False
SH2024,V10452,39,32,15.5,2024-08,False
SH2028,V10452,11,7,2.8,2024-05,False
SH2033,V10452,8,6,3.7,2024-06,True
SH2020,V10452,26,11,8.9,2024-05,True
SH2009,V10453,4,2,1.6,2023-12,False
SH2031,V10453,22,13,4.5,2024-07,False
SH2006,V10453,1,0,0.0,2024-03,False
SH2057,V10453,8,4,1.6,2024-07,True
SH2002,V10453,1,0,0.0,2023-12,False
SH2058,V10453,19,17,14.2,2024-02,False
SH2048,V10454,31,24,12.5,2024-07,True
SH2034,V10454,8,7,3.7,2024-10,True
SH2004,V10454,50,30,22.0,2024-10,True
SH2014,V10454,25,13,5.4,2023-11,False
SH2023,V10455,22,20,10.9,2024-02,True
SH2015,V10455,6,5,2.1,2024-09,False
SH2020,V10455,25,17,11.7,2024-03,True
SH2009,V10455,12,10,5.7,2024-09,True
SH2002,V10456,15,9,3.1,2024-01,True
SH2028,V10456,33,30,12.2,2024-09,False
SH2022,V10456,9,3,1.1,2024-06,True
SH2051,V10456,54,22,13.7,2024-10,False
SH2027,V10456,2,1,0.8,2024-03,False
SH2009,V10456,2,1,0.3,2024-05,False
SH2014,V10456,11,6,5.3,2024-01,False
SH2015,V10457,6,5,2.5,2024-01,False
SH2019,V10457,3,1,0.6,2024-07,False
SH2058,V10457,3,0,0.0,2024-05,False
SH2010,V10457,17,13,10.6,2024-10,False
SH2020,V10457,7,6,3.5,2024-06,False
SH2050,V10457,23,20,12.2,2024-02,True
SH2008,V10457,7,4,3.0,2024-10,False
SH2024,V10457,44,19,12.0,2024-03,False
SH2000,V10457,61,30,24.4,2024-05,True
SH2036,V10457,6,3,1.8,2024-05,True
SH2031,V10457,21,18,9.5,2024-02,True
SH2045,V10458,40,30,21.5,2024-06,False
SH2050,V10458,26,19,8.0,2024-02,False
SH2022,V10458,7,5,2.8,2024-06,False
SH2026,V10458,6,5,4.0,2024-07,False
SH2011,V10459,2,1,0.5,2024-09,False
SH2040,V10459,3,2,1.7,2024-06,False
SH2046,V10459,12,9,2.9,2024-05,False
SH2054,V10459,1,0,0.0,2024-01,False
SH2029,V10459,6,4,1.7,2024-06,False
SH2028,V10459,26,14,6.9,2024-04,True
SH2016,V10459,4,2,0.7,2024-06,False
SH2006,V10459,3,2,1.6,2023-12,False
SH2041,V10459,30,24,9.0,2024-07,False
SH2004,V10459,13,7,2.7,2024-09,False
SH2000,V10459,1,0,0.0,2024-07,False
SH2003,V10459,4,2,0.6,2024-04,False
SH2013,V10460,6,4,2.0,2024-01,False
SH2053,V10460,37,26,18.0,2023-11,False
SH2033,V10460,6,4,1.5,2024-05,False
SH2039,V10461,5,4,3.5,2023-12,False
SH2036,V10461,6,5,2.3,2024-08,False
SH2043,V10461,13,10,4.7,2024-09,False
SH2004,V10461,49,34,29.2,2024-04,False
SH2001,V10461,32,16,12.3,2024-01,False
SH2051,V10462,40,32,22.4,2024-05,False
SH2030,V10462,9,5,2.9,2024-10,False
SH2044,V10462,2,1,0.5,2024-03,False
SH2049,V10462,8,6,3.0,2023-12,False
SH2001,V10462,25,19,5.7,2024-04,True
SH2053,V10462,2,1,0.6,2023-11,False
SH2053,V10463,48,33,25.9,2024-05,True
SH2026,V10463,5,4,1.5,2024-04,True
SH2024,V10463,5,3,0.9,2024-04,False
SH2022,V10463,5,3,1.0,2023-12,True
SH2055,V10463,50,44,13.4,2024-05,True
SH2032,V10463,21,17,10.6,2024-09,False
SH2033,V10463,7,6,4.1,2024-07,False
SH2041,V10464,19,11,5.4,2024-01,False
SH2042,V10464,21,11,7.1,2024-02,False
SH2036,V10464,6,4,3.3,2024-09,True
SH2043,V10464,1,0,0.0,2024-05,False
SH2038,V10464,1,0,0.0,2024-06,False
SH2008,V10464,9,4,1.5,2024-04,True
SH2049,V10464,10,8,2.4,2024-01,False
SH2014,V10464,10,8,2.4,2024-06,True
SH2034,V10464,2,1,0.7,2024-07,False
SH2025,V10464,59,49,39.9,2024-10,True
SH2019,V10464,3,2,1.4,2024-02,False
SH2032,V10464,12,10,7.2,2024-10,False
SH2016,V10464,3,2,1.0,2024-09,False
SH2005,V10464,9,7,6.2,2024-07,False
SH2034,V10465,7,4,2.7,2023-11,False
SH2002,V10465,13,9,4.9,2024-04,True
SH2003,V10465,3,2,0.8,2024-10,False
SH2053,V10465,27,16,10.0,2024-02,False
SH2037,V10465,13,9,3.7,2024-07,False
SH2011,V10465,3,2,1.6,2023-12,False
SH2044,V10465,7,5,2.4,2024-10,False
SH2004,V10465,13,9,4.1,2024-09,False
SH2042,V10465,27,16,8.4,2024-03,False
SH2019,V10466,2,1,0.4,2023-11,False
SH2026,V10466,16,9,7.0,2024-05,False
SH2059,V10466,4,1,0.3,2024-08,False
SH2006,V10466,1,0,0.0,2023-11,False
SH2022,V10466,9,8,7.2,2024-04,True
SH2057,V10466,1,0,0.0,2024-09,False
SH2001,V10466,20,13,4.9,2024-06,True
SH2042,V10466,5,2,1.8,2024-02,False
SH2015,V10466,2,1,0.3,2024-03,False
SH2032,V10466,31,16,7.4,2024-08,False
SH2045,V10466,21,14,8.3,2024-04,False
SH2057,V10467,6,4,2.0,2024-02,True
SH2054,V10467,2,0,0.0,2024-02,False
SH2033,V10467,4,2,0.9,2024-04,False
SH2024,V10467,33,12,7.4,2024-05,True
SH2058,V10467,23,19,11.8,2023-12,True
SH2052,V10467,12,9,3.3,2024-01,False
SH2026,V10467,15,14,12.2,2023-11,True
SH2028,V10467,46,32,27.2,2023-11,True
SH2051,V10467,52,45,28.2,2024-09,False
SH2007,V10467,45,40,15.4,2024-04,False
SH2014,V10467,8,4,2.4,2024-08,True
SH2055,V10467,25,24,12.6,2023-11,True
SH2042,V10467,1,0,0.0,2023-11,False
SH2013,V10467,2,1,0.6,2024-09,False
SH2004,V10468,8,6,2.1,2024-03,False
SH2031,V10468,9,8,6.6,2024-01,False
SH2013,V10468,6,5,2.5,2024-06,False
SH2019,V10468,1,0,0.0,2023-12,False
SH2029,V10468,4,3,2.5,2024-05,False
SH2049,V10468,37,31,24.1,2024-02,False
SH2027,V10468,1,0,0.0,2024-09,False
SH2015,V10468,1,0,0.0,2024-04,False
SH2038,V10468,1,0,0.0,2024-07,False
SH2021,V10469,17,9,5.2,2024-08,False
SH2058,V10469,21,17,14.9,2024-05,True
SH2050,V10469,3,2,1.1,2024-08,False
SH2051,V10470,17,14,8.7,2024-06,False
SH2015,V10470,5,3,1.1,2024-09,True
SH2028,V10470,44,28,13.7,2024-05,False
SH2016,V10470,4,3,1.6,2024-01,True
SH2018,V10470,6,2,1.7,2024-06,False
SH2011,V10470,8,5,2.4,2024-06,False
SH2046,V10470,12,9,4.6,2023-12,False
SH2001,V10470,16,7,3.0,2024-09,True
SH2025,V10470,16,8,6.4,2024-02,False
SH2044,V10471,5,3,2.4,2024-05,False
SH2042,V10471,27,18,5.6,2024-10,False
SH2059,V10471,2,1,0.7,2024-10,False
SH2006,V10471,2,1,0.8,2024-04,False
SH2019,V10471,1,0,0.0,2024-02,False
SH2048,V10471,26,17,7.5,2024-06,False
SH2037,V10471,5,4,1.8,2024-10,False
SH2007,V10471,47,34,18.3,2024-08,False
SH2045,V10471,41,12,9.6,2024-07,True
SH2011,V10471,3,1,0.8,2024-05,False
SH2032,V10471,12,4,2.5,2024-09,False
SH2018,V10471,8,4,1.8,2024-07,False
SH2033,V10472,5,2,1.7,2024-02,False
SH2007,V10472,40,29,12.4,2024-08,True
SH2050,V10472,33,26,22.5,2024-03,False
SH2057,V10472,8,6,2.1,2024-08,True
SH2046,V10472,23,15,8.4,2024-04,False
SH2032,V10472,24,9,2.9,2024-09,False
SH2043,V10472,6,2,1.3,2024-01,False
SH2045,V10472,33,28,13.3,2024-05,True
SH2017,V10472,18,17,13.6,2024-04,False
SH2029,V10472,14,8,6.1,2024-03,False
SH2014,V10472,32,30,25.4,2024-03,True
SH2028,V10472,26,17,14.1,2024-05,False
SH2009,V10473,4,2,1.7,2023-12,False
SH2045,V10473,7,5,4.3,2024-05,True
SH2003,V10473,1,0,0.0,2023-12,False
SH2017,V10473,28,20,7.0,2023-12,False
SH2042,V10473,30,23,8.1,2024-02,False
SH2024,V10473,16,10,5.8,2024-09,False
SH2000,V10473,49,35,20.6,2024-06,True
SH2027,V10473,4,2,1.3,2024-08,False
SH2018,V10473,8,7,2.3,2024-01,False
SH2011,V10473,5,4,1.4,2023-11,False
SH2052,V10473,9,8,6.2,2024-01,False
SH2041,V10473,18,15,8.2,2024-07,True
SH2036,V10473,1,0,0.0,2024-05,False
SH2033,V10473,3,2,0.9,2024-02,False
SH2043,V10473,7,6,4.1,2024-02,False
SH2045,V10474,30,18,7.9,2024-02,True
SH2039,V10474,5,4,3.0,2024-03,False
SH2057,V10474,5,3,2.1,2023-12,False
SH2051,V10474,29,21,14.3,2024-01,True
SH2004,V10474,22,11,7.3,2024-01,False
SH2055,V10475,23,15,8.2,2024-08,False
SH2058,V10475,17,13,8.1,2023-11,True
SH2019,V10475,4,1,0.3,2024-02,False
SH2031,V10475,18,15,13.2,2024-10,False
SH2026,V10475,6,3,1.3,2024-05,False
SH2021,V10475,17,15,8.3,2024-07,True
SH2030,V10475,5,2,1.2,2024-04,False
SH2032,V10475,38,17,12.4,2024-10,False
SH2036,V10475,2,0,0.0,2023-11,False
SH2000,V10475,22,18,14.2,2024-02,False
SH2053,V10476,24,22,12.2,2024-05,True
SH2032,V10476,1,0,0.0,2023-12,False
SH2000,V10476,14,9,5.1,2024-05,False
SH2044,V10476,7,2,0.6,2024-03,False
SH2007,V10476,19,15,11.2,2024-07,False
SH2038,V10476,6,2,0.9,2024-04,False
SH2012,V10476,23,20,12.1,2024-10,True
SH2015,V10477,4,3,1.8,2023-11,True
SH2056,V10477,42,34,14.0,2024-02,True
SH2019,V10477,1,0,0.0,2024-07,False
SH2031,V10477,18,13,9.6,2023-11,True
SH2053,V10477,29,16,11.0,2024-09,False
SH2012,V10477,4,3,2.4,2024-02,True
SH2032,V10477,10,9,7.1,2024-08,False
SH2045,V10477,6,4,3.5,2024-04,False
SH2057,V10477,3,1,0.8,2023-11,False
SH2042,V10478,8,5,1.5,2023-12,True
SH2054,V10478,3,2,0.7,2023-12,False
SH2025,V10478,3,2,1.6,2023-11,False
SH2043,V10478,15,11,7.4,2024-05,True
SH2052,V10478,15,10,5.5,2024-10,True
SH2024,V10478,46,29,14.5,2024-09,True
SH2009,V10478,5,4,3.4,2024-05,False
SH2036,V10478,2,1,0.9,2024-01,False
SH2030,V10478,3,2,1.2,2023-12,False
SH2015,V10478,7,6,4.1,2023-11,False
SH2053,V10478,9,8,5.4,2023-11,False
SH2050,V10478,28,25,19.7,2024-04,True
SH2037,V10478,8,6,3.4,2024-09,False
SH2041,V10478,18,7,2.2,2023-11,False
SH2029,V10479,14,10,7.4,2024-05,False
SH2010,V10479,20,10,3.0,2023-12,False
SH2019,V10479,3,2,1.6,2024-09,False
SH2026,V10479,22,20,16.4,2024-02,False
SH2002,V10479,2,1,0.6,2023-12,False
SH2014,V10479,44,41,23.5,2024-06,False
SH2034,V10479,3,1,0.6,2024-05,False
SH2059,V10479,4,3,1.0,2024-05,False
SH2007,V10479,26,10,4.2,2024-10,False
SH2020,V10480,5,1,0.4,2024-09,False
SH2004,V10480,55,46,26.9,2024-04,False
SH2003,V10480,4,3,1.7,2024-07,False
SH2040,V10480,4,3,1.2,2024-10,False
SH2052,V10480,11,8,3.2,2023-11,True
SH2005,V10480,5,2,1.2,2024-01,False
SH2045,V10480,20,13,11.6,2024-09,False
SH2051,V10480,18,14,6.2,2024-09,True
SH2038,V10480,8,7,5.4,2024-06,False
SH2049,V10480,18,9,8.0,2023-12,False
SH2027,V10480,3,1,0.3,2024-06,False
SH2029,V10481,11,10,8.6,2024-07,True
SH2003,V10481,4,1,0.5,2023-12,False
SH2057,V10481,4,2,1.3,2024-09,False
SH2019,V10481,4,1,0.8,2024-02,False
SH2024,V10481,42,26,11.9,2024-03,True
SH2006,V10481,4,2,0.8,2023-12,False
SH2027,V10482,4,3,2.3,2024-09,True
SH2059,V10482,3,2,1.8,2024-08,False
SH2006,V10482,5,4,3.3,2024-03,True
SH2028,V10482,34,31,20.3,2024-08,True
SH2040,V10482,27,14,9.2,2024-03,True
SH2045,V10482,33,24,7.8,2023-12,True
SH2005,V10482,7,4,2.1,2024-04,False
SH2042,V10483,11,6,4.8,2024-07,False
SH2008,V10483,8,6,2.5,2024-08,True
SH2013,V10483,2,1,0.7,2023-11,False
SH2002,V10483,16,7,6.0,2024-01,False
SH2010,V10483,1,0,0.0,2023-12,False
SH2046,V10483,12,11,8.6,2024-02,False
SH2004,V10483,39,18,11.1,2024-04,True
SH2031,V10483,1,0,0.0,2023-12,False
SH2025,V10483,30,25,13.9,2024-05,True
SH2053,V10483,35,28,14.4,2023-11,False
SH2023,V10484,9,5,1.6,2023-11,True
SH2004,V10484,49,36,13.6,2023-12,False
SH2013,V10484,8,5,4.1,2024-10,False
SH2017,V10484,20,12,9.0,2024-09,True
SH2050,V10484,34,31,26.9,2024-06,True
SH2033,V10484,6,5,2.2,2024-10,False
SH2034,V10485,6,4,2.0,2024-07,True
SH2024,V10485,35,19,8.5,2024-01,False
SH2023,V10485,5,3,2.1,2024-05,False
SH2050,V10485,26,17,15.3,2023-11,True
SH2004,V10486,9,6,2.4,2024-05,False
SH2056,V10486,6,2,1.1,2024-02,False
SH2002,V10486,33,20,16.9,2024-01,True
SH2050,V10486,39,31,21.5,2024-02,True
SH2008,V10486,10,7,3.7,2024-04,False
SH2037,V10486,35,31,23.0,2024-01,False
SH2040,V10486,27,14,11.3,2023-12,True
SH2055,V10487,62,42,36.3,2023-11,True
SH2047,V10487,2,1,0.4,2024-07,False
SH2053,V10487,17,11,5.0,2024-10,False
SH2017,V10487,30,23,14.6,2024-03,True
SH2032,V10487,14,12,8.9,2024-02,False
SH2057,V10487,12,9,5.3,2024-09,False
SH2013,V10487,9,7,3.9,2024-06,False
SH2008,V10487,7,2,0.8,2024-09,False
SH2019,V10487,3,2,0.8,2023-12,False
SH2003,V10487,3,2,1.6,2024-04,False
SH2030,V10487,10,3,2.2,2024-03,True
SH2023,V10488,21,12,7.3,2024-02,False
SH2011,V10488,3,2,0.7,2024-03,False
SH2024,V10488,45,22,17.8,2024-05,False
SH2029,V10488,12,11,5.7,2024-02,True
SH2005,V10488,10,2,1.1,2024-09,False
SH2032,V10488,28,9,3.8,2024-10,False
SH2021,V10488,9,2,1.0,2024-04,False
SH2049,V10488,33,20,7.4,2024-07,False
SH2040,V10488,15,11,8.5,2024-01,False
SH2034,V10488,7,4,3.4,2024-04,False
SH2050,V10488,9,4,3.1,2024-03,True
SH2031,V10488,3,2,1.4,2024-02,False
SH2014,V10488,10,8,5.3,2024-01,False
SH2018,V10488,8,5,2.9,2024-10,False
SH2014,V10489,30,19,14.5,2024-10,True
SH2051,V10489,8,4,2.1,2024-09,False
SH2052,V10489,13,8,5.0,2024-02,True
SH2020,V10489,5,3,2.0,2024-02,False
SH2007,V10489,44,40,21.3,2024-04,True
SH2013,V10489,5,1,0.9,2024-09,False
SH2048,V10489,13,9,5.4,2024-01,False
SH2037,V10489,38,29,16.6,2024-10,False
SH2015,V10489,1,0,0.0,2024-05,False
SH2059,V10489,1,0,0.0,2024-10,False
SH2038,V10489,3,2,1.0,2024-01,False
SH2056,V10489,30,25,18.3,2024-01,True
SH2012,V10489,17,4,2.8,2024-04,False
SH2026,V10490,10,5,1.7,2024-05,False
SH2036,V10490,4,2,1.6,2024-07,False
SH2048,V10490,20,15,7.6,2023-11,False
SH2053,V10490,27,19,10.3,2024-08,False
SH2013,V10490,7,6,5.0,2024-04,False
SH2056,V10490,24,14,7.4,2024-01,True
SH2022,V10490,9,6,4.0,2024-03,False
SH2019,V10490,4,2,1.5,2024-04,False
SH2050,V10490,34,21,15.8,2024-03,True
SH2001,V10490,7,5,2.5,2024-10,True
SH2026,V10491,2,1,0.6,2023-11,False
SH2031,V10491,18,13,6.3,2024-10,False
SH2000,V10491,35,23,10.2,2024-05,True
SH2049,V10491,31,15,11.2,2024-10,False
SH2015,V10491,6,4,1.6,2023-12,True
SH2054,V10491,7,5,2.2,2024-02,False
SH2057,V10491,6,3,2.4,2024-08,True
SH2023,V10491,21,16,13.8,2024-07,True
SH2040,V10491,9,6,3.6,2024-10,False
SH2052,V10491,10,7,3.0,2024-05,False
SH2037,V10492,19,7,4.1,2023-11,False
SH2004,V10492,49,35,16.6,2024-07,False
SH2052,V10492,1,0,0.0,2024-06,False
SH2009,V10492,2,1,0.5,2024-03,False
SH2022,V10492,7,5,2.2,2024-03,True
SH2007,V10492,31,23,17.5,2024-06,True
SH2043,V10492,7,3,2.3,2024-07,True
SH2039,V10492,3,2,1.5,2024-08,False
SH2024,V10492,20,18,11.8,2024-08,False
SH2031,V10492,13,11,8.6,2024-03,False
SH2034,V10493,10,8,3.3,2024-01,True
SH2015,V10493,5,2,0.9,2023-11,False
SH2042,V10493,25,24,8.7,2024-10,False
SH2000,V10493,12,8,3.8,2023-11,False
SH2016,V10494,3,2,0.7,2023-12,False
SH2004,V10494,33,20,17.3,2024-08,False
SH2033,V10494,2,0,0.0,2024-08,False
SH2045,V10494,11,9,6.8,2024-09,False
SH2023,V10494,19,15,8.7,2023-11,True
SH2002,V10495,7,6,2.6,2024-09,False
SH2045,V10495,7,3,1.1,2024-08,False
SH2043,V10495,12,5,3.4,2024-08,True
SH2059,V10495,6,5,2.4,2024-05,False
SH2041,V10495,16,13,9.2,2024-03,True
SH2005,V10495,5,4,3.4,2023-11,True
SH2023,V10495,16,12,5.5,2023-11,False
SH2046,V10495,25,15,8.4,2024-04,True
SH2044,V10495,4,3,2.6,2024-04,False
SH2050,V10495,17,12,9.0,2024-01,False
SH2027,V10495,3,1,0.8,2024-05,False
SH2012,V10495,1,0,0.0,2024-10,False
SH2010,V10495,17,13,10.7,2023-11,False
SH2007,V10495,29,17,14.2,2024-04,False
SH2037,V10495,53,21,10.1,2024-09,False
SH2043,V10496,20,14,7.4,2024-02,True
SH2005,V10496,1,0,0.0,2024-06,False
SH2017,V10496,6,4,3.1,2024-09,True
SH2027,V10496,4,2,1.5,2024-10,False
SH2031,V10496,19,12,5.3,2024-03,False
SH2006,V10496,1,0,0.0,2024-07,False
SH2015,V10497,6,3,2.0,2024-06,True
SH2000,V10497,11,4,2.7,2024-05,True
SH2051,V10497,39,36,11.7,2023-11,True
SH2001,V10497,22,20,8.1,2024-05,True
SH2024,V10497,35,25,12.0,2024-08,True
SH2010,V10497,16,11,7.1,2024-02,False
SH2058,V10497,6,5,2.5,2024-03,True
SH2004,V10497,55,30,14.3,2024-06,False
SH2000,V10498,43,34,12.0,2024-03,True
SH2009,V10498,14,10,6.7,2024-05,True
SH2015,V10498,1,0,0.0,2024-08,False
SH2030,V10498,5,2,1.8,2024-06,False
SH2024,V10499,11,7,4.8,2024-02,True
SH2018,V10499,6,4,2.3,2024-08,False
SH2008,V10499,8,3,1.9,2023-12,False
SH2039,V10499,8,5,2.0,2023-11,False
SH2011,V10500,9,8,3.4,2024-02,True
SH2001,V10500,4,3,1.1,2023-12,True
SH2027,V10500,1,0,0.0,2024-04,False
SH2058,V10500,2,1,0.5,2024-03,False
SH2028,V10500,23,18,13.4,2024-08,True
SH2024,V10501,21,13,7.5,2024-10,False
SH2000,V10501,37,33,20.0,2024-05,False
SH2017,V10501,23,12,5.7,2024-01,False
SH2047,V10501,4,1,0.3,2024-07,False
SH2029,V10501,3,2,1.0,2024-09,False
SH2056,V10501,8,6,1.9,2024-07,True
SH2042,V10501,23,20,11.3,2024-04,False
SH2033,V10501,7,4,3.0,2024-05,True
SH2059,V10501,3,1,0.5,2024-07,False
SH2048,V10501,41,28,18.4,2024-08,False
SH2053,V10501,41,28,13.7,2024-07,True
SH2036,V10501,3,1,0.6,2024-10,False
SH2044,V10502,5,4,1.5,2024-06,False
SH2052,V10502,10,7,6.2,2024-04,True
SH2004,V10502,36,20,17.8,2024-01,True
SH2008,V10502,7,5,1.5,2024-02,True
SH2048,V10502,46,23,20.7,2024-07,False
SH2012,V10503,14,9,5.7,2024-01,False
SH2003,V10503,1,0,0.0,2024-10,False
SH2000,V10503,66,40,27.7,2024-03,False
SH2052,V10503,15,8,7.2,2024-07,False
SH2048,V10503,52,44,27.6,2024-05,True
SH2005,V10503,8,6,3.5,2024-09,True
SH2009,V10503,15,10,5.2,2024-04,True
SH2040,V10503,4,3,1.6,2024-02,False
SH2020,V10504,37,33,20.8,2024-05,False
SH2016,V10504,3,1,0.8,2023-11,False
SH2037,V10504,52,35,27.0,2024-07,True
SH2011,V10504,4,3,1.4,2024-10,False
SH2004,V10504,28,11,7.7,2024-02,True
SH2031,V10504,21,9,8.0,2024-05,False
SH2028,V10504,11,9,4.9,2023-12,True
SH2027,V10505,2,0,0.0,2024-01,False
SH2005,V10505,5,2,1.2,2024-01,False
SH2026,V10505,30,26,20.8,2024-03,False
SH2046,V10505,16,13,7.4,2023-12,True
SH2050,V10505,15,7,4.5,2024-09,False
SH2039,V10505,1,0,0.0,2024-06,False
SH2057,V10505,2,1,0.8,2024-08,False
SH2052,V10505,4,2,1.8,2024-03,False
SH2013,V10505,5,2,1.2,2024-07,False
SH2028,V10505,24,15,12.2,2024-07,True
SH2057,V10506,8,6,2.3,2024-01,True
SH2017,V10506,8,4,2.7,2024-04,True
SH2053,V10506,45,32,27.5,2024-05,True
SH2024,V10506,17,15,10.5,2024-01,False
SH2039,V10506,7,5,2.1,2024-10,True
SH2014,V10506,18,14,9.4,2024-05,False
SH2053,V10507,33,27,14.0,2024-03,False
SH2054,V10507,5,3,1.8,2024-08,False
SH2023,V10507,13,11,4.3,2024-06,False
SH2038,V10507,4,3,1.5,2024-04,False
SH2018,V10507,3,1,0.4,2023-12,False
SH2005,V10507,3,2,0.8,2024-07,False
SH2007,V10507,48,39,25.0,2024-04,False
SH2010,V10507,10,8,4.1,2024-09,False
SH2048,V10507,51,40,23.9,2023-12,True
SH2016,V10507,3,2,0.9,2024-04,False
SH2033,V10507,4,3,1.8,2024-01,False
SH2008,V10507,8,4,3.4,2024-09,False
SH2028,V10507,28,12,8.8,2024-01,True
SH2000,V10507,10,7,6.1,2023-11,True
SH2047,V10508,4,3,2.4,2024-04,False
SH2059,V10508,4,2,1.0,2024-07,False
SH2024,V10508,29,23,14.3,2024-04,True
SH2029,V10508,9,6,3.5,2023-12,False
SH2050,V10508,38,25,8.0,2024-05,False
SH2012,V10508,24,19,12.6,2023-11,False
SH2004,V10508,41,31,16.3,2024-04,False
SH2032,V10508,2,0,0.0,2024-07,False
SH2016,V10508,2,0,0.0,2024-06,False
SH2007,V10508,21,17,8.3,2024-01,False
SH2002,V10508,27,25,8.2,2024-05,False
SH2051,V10508,54,16,7.9,2024-08,True
SH2040,V10509,34,27,17.9,2024-05,True
SH2055,V10509,34,27,11.5,2024-01,True
SH2036,V10509,3,1,0.5,2024-05,False
SH2027,V10509,2,0,0.0,2024-02,False
SH2001,V10509,27,21,13.7,2024-02,False
SH2045,V10509,46,29,20.1,2024-06,True
SH2013,V10509,3,1,0.7,2024-01,False
SH2005,V10509,3,2,1.2,2023-12,False
SH2001,V10510,36,30,13.5,2024-10,True
SH2022,V10510,9,5,3.1,2024-07,False
SH2037,V10510,26,18,12.7,2024-01,False
SH2004,V10510,17,13,8.7,2024-01,False
SH2021,V10510,12,5,1.9,2024-01,False
SH2017,V10510,8,5,4.0,2023-12,False
SH2051,V10510,31,28,18.0,2024-08,False
SH2008,V10510,9,6,3.7,2024-03,False
SH2059,V10510,6,3,1.2,2024-02,True
SH2006,V10510,3,2,1.2,2024-02,False
SH2045,V10510,6,4,2.2,2024-08,False
SH2009,V10510,14,12,8.5,2024-08,True
SH2029,V10510,13,10,4.8,2024-09,True
SH2007,V10511,42,24,10.2,2024-03,False
SH2056,V10511,27,16,5.6,2024-08,False
SH2008,V10511,1,0,0.0,2024-03,False
SH2055,V10511,16,9,4.6,2024-10,False
SH2029,V10511,1,0,0.0,2023-11,False
SH2018,V10511,3,1,0.9,2024-02,False
SH2026,V10511,19,12,7.3,2024-07,False
SH2054,V10511,7,6,1.9,2023-11,False
SH2011,V10511,1,0,0.0,2024-10,False
SH2022,V10511,3,1,0.3,2024-03,False
SH2021,V10511,19,13,10.4,2024-01,False
SH2020,V10512,20,9,2.8,2024-01,True
SH2002,V10512,34,30,24.9,2024-05,False
SH2047,V10512,2,0,0.0,2024-07,False
SH2011,V10513,5,3,2.5,2024-10,True
SH2025,V10513,21,11,9.0,2024-02,True
SH2046,V10513,24,22,9.6,2024-03,False
SH2044,V10513,7,3,2.3,2024-06,True
SH2042,V10513,18,12,6.1,2024-03,True
SH2028,V10514,20,18,7.9,2024-01,False
SH2056,V10514,37,31,25.1,2024-10,False
SH2048,V10514,29,25,21.7,2024-05,False
SH2055,V10514,39,22,18.9,2023-12,False
SH2014,V10514,42,24,21.1,2024-01,True
SH2036,V10515,4,3,1.3,2024-07,False
SH2042,V10515,21,14,10.5,2024-07,False
SH2020,V10515,37,32,20.1,2024-03,True
SH2055,V10515,41,26,9.2,2024-01,False
SH2005,V10515,9,7,6.2,2024-01,False
SH2054,V10515,8,5,2.3,2023-11,False
SH2051,V10516,26,15,5.2,2024-09,False
SH2005,V10516,6,4,3.2,2024-06,False
SH2050,V10516,32,31,19.5,2024-05,True
SH2000,V10516,35,16,4.9,2024-09,True
SH2034,V10516,3,2,0.9,2024-06,False
SH2055,V10516,7,2,1.6,2024-08,False
SH2028,V10517,38,34,24.4,2024-04,False
SH2013,V10517,5,4,3.0,2024-10,False
SH2045,V10517,30,16,13.6,2024-08,False
SH2044,V10517,6,4,2.6,2023-11,True
SH2017,V10517,21,15,10.1,2024-10,False
SH2004,V10517,55,25,20.7,2023-12,True
SH2029,V10517,13,5,2.1,2024-08,True
SH2051,V10518,11,9,5.3,2024-08,False
SH2034,V10518,1,0,0.0,2024-05,False
SH2020,V10518,49,30,18.5,2024-10,True
SH2001,V10518,35,28,24.9,2024-04,False
SH2045,V10518,14,10,7.4,2024-09,True
SH2055,V10518,66,57,36.9,2024-10,True
SH2042,V10518,16,7,3.3,2024-05,False
SH2024,V10518,39,21,17.7,2024-09,False
SH2017,V10519,12,7,4.2,2023-11,True
SH2007,V10519,9,6,5.4,2024-05,False
SH2029,V10519,9,4,2.6,2024-08,False
SH2033,V10519,6,3,2.7,2024-08,False
SH2006,V10519,1,0,0.0,2024-10,False
SH2006,V10520,1,0,0.0,2024-01,False
SH2017,V10520,16,6,1.9,2024-04,False
SH2034,V10520,11,6,3.8,2024-10,True
SH2032,V10520,15,14,12.2,2024-01,False
SH2005,V10520,4,3,2.2,2024-01,False
SH2015,V10520,7,5,2.2,2024-04,False
SH2052,V10520,1,0,0.0,2024-10,False
SH2010,V10520,36,19,12.0,2024-08,True
SH2036,V10520,2,1,0.4,2024-05,False
SH2031,V10520,3,2,1.1,2023-11,False
SH2040,V10520,25,20,8.4,2024-08,True
SH2028,V10521,44,38,21.2,2024-10,True
SH2012,V10521,6,5,2.7,2023-11,True
SH2014,V10521,17,11,8.3,2024-04,False
SH2055,V10521,39,20,14.3,2024-05,False
SH2059,V10521,2,1,0.3,2024-06,False
SH2020,V10521,5,3,1.4,2024-10,False
SH2033,V10522,3,2,0.9,2024-09,False
SH2003,V10522,2,1,0.4,2024-06,False
SH2028,V10522,22,14,5.6,2023-12,True
SH2057,V10522,6,3,2.1,2024-09,False
SH2019,V10523,3,1,0.8,2024-02,False
SH2001,V10523,21,18,14.3,2024-10,True
SH2022,V10523,9,4,1.5,2024-10,False
SH2043,V10524,3,1,0.3,2024-10,False
SH2052,V10524,5,2,1.1,2024-09,False
SH2009,V10524,12,7,5.8,2023-12,False
SH2018,V10524,7,6,3.1,2024-02,False
SH2057,V10524,2,1,0.7,2023-12,False
SH2042,V10524,8,6,5.2,2023-11,False
SH2040,V10525,29,24,7.3,2024-04,True
SH2010,V10525,2,1,0.4,2024-07,False
SH2009,V10525,8,7,2.9,2024-04,True
SH2052,V10526,14,10,3.2,2024-04,True
SH2004,V10526,9,6,4.7,2024-03,False
SH2030,V10526,4,3,1.7,2024-09,False
SH2054,V10526,5,3,2.3,2024-05,False
SH2028,V10526,48,33,15.7,2024-01,False
SH2047,V10526,2,1,0.3,2024-05,False
SH2016,V10527,2,1,0.8,2024-02,False
SH2000,V10527,33,24,20.3,2023-12,True
SH2029,V10527,10,8,4.9,2024-02,True
SH2007,V10527,25,13,5.7,2024-10,True
SH2058,V10528,9,5,3.7,2024-04,False
SH2040,V10528,10,8,6.2,2024-02,False
SH2001,V10528,32,22,16.9,2024-05,False
SH2026,V10528,7,6,2.7,2024-05,False
SH2044,V10528,6,5,2.0,2024-08,True
SH2012,V10528,17,12,9.3,2024-06,False
SH2007,V10528,12,9,3.6,2024-05,False
SH2037,V10528,52,36,23.5,2024-10,False
SH2036,V10528,3,1,0.3,2024-10,False
SH2018,V10528,2,1,0.9,2024-05,False
SH2027,V10528,3,2,1.1,2024-02,False
SH2005,V10528,7,6,2.7,2024-01,False
SH2041,V10528,23,15,12.0,2024-08,False
SH2015,V10528,1,0,0.0,2024-03,False
SH2014,V10529,30,24,8.6,2024-01,True
SH2000,V10529,51,43,28.4,2024-04,False
SH2007,V10529,45,33,14.9,2023-12,False
SH2037,V10529,47,39,16.6,2024-09,False
SH2009,V10529,3,2,1.5,2024-03,False
SH2024,V10529,18,12,4.0,2024-08,True
SH2006,V10529,6,4,1.2,2023-12,True
SH2023,V10529,6,5,4.0,2024-04,False
SH2036,V10529,4,2,1.3,2024-04,False
SH2025,V10530,44,42,21.4,2024-07,True
SH2048,V10530,30,25,13.4,2023-11,False
SH2004,V10530,4,2,1.1,2024-06,False
SH2015,V10530,7,5,2.4,2024-09,True
SH2026,V10530,13,6,3.3,2024-08,True
SH2037,V10530,26,12,6.3,2024-10,True
SH2036,V10530,2,1,0.8,2024-04,False
SH2017,V10531,2,1,0.6,2024-04,False
SH2010,V10531,39,16,6.5,2023-12,True
SH2050,V10531,26,19,8.6,2023-12,False
SH2032,V10531,1,0,0.0,2024-06,False
SH2055,V10531,16,12,5.8,2024-06,False
SH2048,V10532,40,37,11.5,2024-10,False
SH2045,V10532,19,7,3.5,2023-11,False
SH2019,V10532,2,1,0.8,2024-02,False
SH2040,V10532,41,34,21.8,2024-05,True
SH2010,V10533,26,19,10.2,2023-11,False
SH2050,V10533,24,15,5.8,2024-08,True
SH2055,V10533,3,1,0.8,2024-06,False
SH2026,V10533,17,10,4.4,2024-08,True
SH2032,V10533,27,21,12.7,2024-08,False
SH2050,V10534,15,12,9.9,2023-12,False
SH2044,V10534,1,0,0.0,2024-07,False
SH2045,V10534,25,14,4.4,2024-04,False
SH2022,V10534,1,0,0.0,2024-09,False
SH2030,V10534,6,3,1.4,2024-02,False
SH2042,V10534,25,24,17.1,2023-12,False
SH2027,V10535,4,2,1.2,2023-11,False
SH2001,V10535,14,10,3.1,2024-02,False
SH2032,V10535,25,21,17.7,2024-02,False
SH2022,V10535,2,1,0.8,2024-08,False
SH2029,V10535,7,4,1.8,2024-07,False
SH2014,V10535,23,13,8.6,2024-09,True
SH2026,V10535,28,15,12.7,2024-03,False
SH2004,V10535,52,36,18.7,2024-09,False
SH2044,V10535,1,0,0.0,2024-07,False
SH2019,V10535,4,2,1.0,2024-01,False
SH2057,V10536,6,4,2.0,2024-07,False
SH2037,V10536,50,39,21.2,2024-06,False
SH2028,V10536,49,41,19.6,2023-12,True
SH2003,V10536,5,3,1.8,2024-04,False
SH2005,V10537,8,4,1.9,2023-11,False
SH2046,V10537,20,18,7.1,2024-01,False
SH2003,V10537,1,0,0.0,2024-01,False
SH2030,V10537,6,4,1.9,2024-10,False
SH2036,V10537,2,1,0.8,2023-11,False
SH2011,V10537,9,7,3.2,2024-07,False
SH2001,V10537,11,5,2.6,2024-01,False
SH2044,V10538,3,1,0.4,2023-12,False
SH2022,V10538,6,5,2.5,2024-07,False
SH2000,V10538,1,0,0.0,2024-07,False
SH2004,V10538,31,14,10.1,2024-06,True
SH2002,V10538,17,12,5.1,2024-02,False
SH2032,V10538,33,28,13.1,2024-09,True
SH2012,V10539,16,8,3.9,2023-11,False
SH2056,V10539,13,8,4.0,2023-12,True
SH2026,V10539,27,19,12.5,2024-07,False
SH2023,V10539,8,5,2.1,2024-09,True
SH2002,V10539,31,23,15.8,2023-11,True
SH2000,V10539,31,22,17.4,2024-02,True
SH2053,V10539,32,29,11.8,2024-04,False
SH2038,V10539,1,0,0.0,2024-04,False
SH2054,V10539,5,4,1.5,2024-07,False
SH2043,V10539,19,14,12.5,2024-08,True
SH2033,V10539,3,2,0.7,2024-10,False
SH2022,V10539,9,6,3.4,2023-12,False
SH2018,V10540,3,2,1.5,2024-02,False
SH2044,V10540,5,4,1.3,2024-07,True
SH2016,V10540,2,1,0.5,2024-01,False
SH2025,V10540,1,0,0.0,2024-04,False
SH2059,V10540,3,2,1.5,2024-05,False
SH2007,V10540,8,5,2.1,2024-06,False
SH2032,V10540,9,4,1.4,2024-02,True
SH2009,V10540,2,1,0.6,2023-12,False
SH2049,V10540,13,11,5.0,2023-11,True
SH2041,V10540,16,12,6.8,2024-02,True
SH2031,V10540,16,13,7.5,2023-12,False
SH2039,V10540,7,6,2.5,2024-04,False
SH2043,V10540,3,2,1.1,2024-08,False
SH2042,V10540,26,18,11.7,2024-01,True
SH2022,V10541,1,0,0.0,2024-06,False
SH2050,V10541,24,22,18.1,2023-12,False
SH2014,V10541,20,17,7.9,2024-07,False
SH2028,V10541,21,13,7.3,2023-12,True
SH2034,V10541,7,6,2.2,2024-03,True
SH2040,V10541,20,14,7.5,2024-06,False
SH2056,V10541,25,17,9.1,2024-10,False
SH2006,V10541,3,2,1.4,2024-04,False
SH2038,V10541,1,0,0.0,2023-11,False
SH2058,V10541,24,19,11.8,2024-03,False
SH2024,V10541,20,8,2.9,2024-09,False
SH2012,V10541,9,8,6.6,2024-05,True
SH2015,V10542,6,5,1.8,2024-03,False
SH2018,V10542,2,1,0.7,2023-11,False
SH2028,V10542,49,40,19.8,2024-08,True
SH2058,V10542,17,15,5.8,2024-03,True
SH2047,V10542,4,3,2.6,2024-01,False
SH2029,V10542,13,11,7.9,2023-11,False
SH2005,V10542,4,2,1.8,2023-11,False
SH2021,V10542,34,30,22.3,2023-11,False
SH2023,V10542,8,6,5.3,2024-08,False
SH2053,V10543,42,18,5.4,2024-02,True
SH2043,V10543,19,11,6.3,2024-06,False
SH2049,V10543,20,13,8.5,2024-07,False
SH2033,V10543,6,5,2.4,2024-01,True
SH2010,V10543,38,34,13.2,2024-07,True
SH2007,V10543,39,28,20.3,2023-12,True
SH2034,V10543,10,8,4.4,2023-12,True
SH2011,V10543,1,0,0.0,2023-12,False
SH2040,V10543,5,3,1.8,2024-10,False
SH2008,V10543,10,7,5.4,2024-04,False
SH2012,V10543,6,3,1.7,2023-11,False
SH2054,V10543,5,1,0.7,2024-05,False
SH2023,V10543,6,5,4.4,2023-12,True
SH2005,V10544,5,4,2.8,2024-06,False
SH2034,V10544,2,1,0.7,2024-08,False
SH2028,V10544,34,17,10.6,2023-12,True
SH2047,V10544,2,1,0.8,2024-10,False
SH2020,V10544,41,33,22.2,2024-05,False
SH2040,V10544,14,11,9.5,2024-10,True
SH2018,V10544,7,5,1.8,2024-03,True
SH2048,V10544,8,6,2.5,2024-06,False
SH2042,V10544,26,20,8.8,2024-07,True
SH2026,V10544,4,2,1.2,2024-01,False
SH2057,V10544,8,3,1.8,2024-08,False
SH2059,V10544,2,1,0.3,2024-06,False
SH2046,V10544,8,4,3.0,2024-02,True
SH2059,V10545,2,1,0.3,2024-08,False
SH2008,V10545,5,3,2.1,2024-03,True
SH2011,V10545,5,3,1.3,2024-08,False
SH2044,V10545,4,2,1.1,2024-07,False
SH2043,V10545,1,0,0.0,2024-10,False
SH2020,V10545,17,16,11.5,2024-03,True
SH2033,V10545,6,4,2.7,2023-12,False
SH2049,V10545,25,17,13.8,2024-02,True
SH2039,V10545,4,3,1.8,2024-07,True
SH2034,V10546,4,3,1.7,2024-10,False
SH2049,V10546,34,20,7.6,2024-02,False
SH2005,V10546,6,3,2.7,2024-05,False
SH2038,V10546,5,3,1.3,2023-12,False
SH2050,V10547,24,17,11.5,2023-11,False
SH2032,V10547,26,24,12.4,2024-10,False
SH2019,V10547,4,3,2.1,2023-11,True
SH2003,V10547,2,1,0.4,2024-01,False
SH2043,V10548,19,7,3.0,2024-10,True
SH2017,V10548,14,11,4.3,2024-05,True
SH2036,V10548,6,2,0.7,2024-06,False
SH2044,V10548,4,2,1.2,2024-03,False
SH2045,V10548,5,4,1.2,2023-12,False
SH2049,V10548,32,30,18.1,2024-06,False
SH2008,V10548,6,3,2.2,2024-03,False
SH2027,V10548,4,3,2.6,2024-04,True
SH2000,V10548,12,8,2.5,2024-03,True
SH2059,V10548,2,1,0.9,2023-12,False
SH2014,V10548,31,24,12.9,2024-09,False
SH2018,V10548,7,6,2.4,2023-12,True
SH2007,V10549,2,1,0.3,2024-04,False
SH2016,V10549,1,0,0.0,2024-10,False
SH2045,V10549,13,6,3.3,2024-02,False
SH2024,V10549,22,16,12.3,2024-06,False
SH2039,V10549,6,5,3.4,2024-01,False
SH2036,V10549,2,1,0.3,2023-11,False
SH2014,V10549,1,0,0.0,2024-07,False
SH2023,V10549,1,0,0.0,2024-02,False
SH2001,V10549,7,6,3.4,2024-09,False
SH2055,V10549,1,0,0.0,2024-08,False
SH2003,V10549,2,1,0.4,2024-10,False
SH2037,V10550,27,17,7.6,2024-02,False
SH2036,V10550,6,5,3.4,2024-08,False
SH2023,V10550,20,11,5.5,2023-12,True
SH2047,V10550,4,2,1.7,2024-02,False
SH2058,V10550,24,20,15.8,2024-02,False
SH2059,V10550,2,1,0.7,2024-04,False
SH2019,V10550,3,2,1.4,2024-06,False
SH2024,V10550,34,22,12.4,2024-08,False
SH2025,V10550,28,25,10.3,2024-03,False
SH2053,V10550,28,20,14.9,2023-11,False
SH2017,V10550,5,2,0.6,2024-08,False
SH2041,V10550,23,15,5.1,2024-07,True
SH2028,V10550,39,26,17.7,2023-12,True
SH2001,V10550,16,8,3.5,2024-05,False
SH2053,V10551,50,26,13.9,2024-02,True
SH2004,V10551,47,24,16.8,2024-07,True
SH2021,V10551,23,20,17.9,2024-04,False
SH2015,V10551,7,6,4.9,2024-05,False
SH2023,V10552,19,11,9.2,2024-04,True
SH2001,V10552,40,5,3.3,2024-08,False
SH2033,V10552,1,0,0.0,2024-07,False
SH2047,V10552,1,0,0.0,2024-06,False
SH2026,V10552,11,6,3.0,2024-05,False
SH2025,V10552,51,24,9.7,2024-10,False
SH2003,V10552,4,2,0.7,2023-11,False
SH2028,V10553,41,22,16.2,2023-11,False
SH2041,V10553,26,15,9.6,2023-11,True
SH2024,V10553,27,16,9.0,2024-05,True
SH2039,V10553,1,0,0.0,2024-02,False
SH2008,V10553,5,3,2.7,2024-09,False
SH2005,V10553,2,1,0.6,2024-06,False
SH2033,V10553,8,7,3.3,2023-12,False
SH2014,V10553,24,19,5.9,2024-09,False
SH2048,V10553,16,12,5.0,2023-12,False
SH2037,V10554,47,31,24.2,2024-02,False
SH2045,V10554,16,11,7.1,2024-07,False
SH2041,V10554,16,11,3.7,2024-02,True
SH2017,V10554,3,1,0.6,2024-06,False
SH2012,V10554,12,9,3.1,2024-04,False
SH2015,V10555,7,6,3.8,2023-11,False
SH2059,V10555,2,1,0.6,2024-06,False
SH2014,V10555,40,25,15.3,2024-04,True
SH2033,V10555,8,5,2.3,2024-05,False
SH2007,V10555,21,17,10.7,2024-02,False
SH2040,V10555,35,21,8.5,2024-01,True
SH2051,V10555,4,2,1.0,2024-08,False
SH2012,V10555,18,9,6.4,2024-09,False
SH2055,V10555,66,38,27.1,2024-08,False
SH2011,V10555,1,0,0.0,2024-09,False
SH2045,V10555,26,10,8.2,2024-06,False
SH2022,V10555,2,1,0.6,2024-05,False
SH2017,V10555,16,10,5.7,2024-03,True
SH2039,V10555,7,6,3.1,2023-12,True
SH2030,V10556,8,4,3.4,2023-12,False
SH2028,V10556,18,10,5.8,2024-04,False
SH2029,V10556,8,4,3.4,2024-01,False
SH2046,V10556,4,2,1.1,2024-02,False
SH2008,V10556,9,6,4.8,2024-08,False
SH2001,V10556,20,16,14.3,2024-03,True
SH2007,V10556,5,4,3.4,2024-04,True
SH2005,V10556,1,0,0.0,2024-08,False
SH2048,V10556,26,19,16.5,2023-12,True
SH2002,V10556,38,28,24.8,2023-12,False
SH2055,V10556,3,2,0.7,2024-04,False
SH2025,V10556,6,4,2.9,2024-05,True
SH2049,V10556,29,20,13.1,2024-09,False
SH2021,V10556,17,8,4.6,2024-05,False
SH2011,V10556,5,4,3.0,2024-10,False
SH2020,V10557,40,14,9.4,2024-07,True
SH2056,V10557,25,21,9.5,2024-10,False
SH2033,V10557,5,3,1.8,2023-11,False
SH2043,V10557,2,1,0.8,2024-07,False
SH2018,V10557,1,0,0.0,2024-01,False
SH2021,V10557,30,16,13.1,2024-04,False
SH2059,V10557,4,2,1.7,2024-09,False
SH2038,V10557,5,2,1.2,2024-07,False
SH2031,V10557,17,14,10.2,2024-10,False
SH2004,V10557,43,17,9.7,2024-10,True
SH2025,V10557,66,40,24.9,2023-11,False
SH2010,V10557,25,20,6.2,2023-11,True
SH2009,V10557,21,17,12.8,2024-06,False
SH2012,V10557,21,18,6.2,2024-08,False
SH2021,V10558,23,17,12.5,2024-02,True
SH2040,V10558,15,11,5.1,2024-09,False
SH2001,V10558,28,24,21.5,2023-12,True
SH2052,V10558,8,6,3.3,2024-01,True
SH2026,V10558,20,13,6.0,2024-06,False
SH2022,V10558,4,3,1.7,2024-08,False
SH2058,V10558,20,14,11.7,2024-07,True
SH2031,V10558,11,6,1.8,2023-11,False
SH2046,V10558,20,11,4.4,2024-05,False
SH2055,V10558,7,2,1.6,2024-08,False
SH2048,V10558,44,25,20.5,2024-09,True
SH2059,V10558,6,5,1.6,2024-07,True
SH2013,V10558,9,5,3.2,2023-11,False
SH2033,V10559,9,6,1.9,2024-10,False
SH2006,V10559,1,0,0.0,2023-12,False
SH2015,V10559,3,2,0.7,2024-03,False
SH2042,V10559,13,7,6.0,2023-11,False
SH2002,V10559,16,13,5.5,2024-10,False
SH2036,V10559,5,4,1.9,2023-12,True
SH2039,V10559,3,2,0.7,2023-11,False
SH2052,V10559,12,11,5.2,2024-02,True
SH2041,V10560,7,6,2.3,2023-12,True
SH2046,V10560,27,24,16.8,2024-09,True
SH2044,V10560,7,4,2.2,2024-10,True
SH2057,V10560,2,1,0.5,2023-12,False
SH2029,V10560,7,4,3.5,2024-10,False
SH2039,V10560,5,2,1.7,2024-09,False
SH2032,V10560,7,6,5.2,2023-12,False
SH2019,V10560,2,1,0.5,2024-07,False
SH2001,V10560,33,25,16.9,2024-05,False
SH2045,V10560,17,14,11.0,2024-05,False
SH2017,V10560,14,12,7.0,2023-12,True
SH2038,V10560,7,5,4.0,2023-11,True
SH2052,V10560,5,3,2.5,2024-08,True
SH2024,V10561,14,8,3.5,2024-09,False
SH2015,V10561,5,3,1.1,2024-05,True
SH2044,V10561,2,1,0.7,2024-06,False
SH2055,V10562,32,21,10.8,2024-04,False
SH2038,V10562,2,0,0.0,2024-06,False
SH2043,V10562,14,10,8.6,2024-10,True
SH2050,V10562,35,28,18.5,2024-02,False
SH2027,V10562,3,1,0.5,2024-01,False
SH2001,V10562,8,4,2.0,2024-03,False
SH2024,V10562,32,22,7.6,2023-12,True
SH2046,V10563,15,6,4.3,2024-09,False
SH2049,V10563,2,0,0.0,2024-01,False
SH2051,V10563,14,11,4.9,2024-03,False
SH2042,V10563,30,15,7.1,2024-08,True
SH2044,V10563,1,0,0.0,2024-03,False
SH2030,V10564,11,8,6.0,2024-02,True
SH2054,V10564,2,1,0.3,2024-07,False
SH2019,V10564,2,1,0.5,2024-01,False
SH2013,V10564,9,4,1.9,2024-10,False
SH2029,V10564,12,10,4.2,2024-04,True
SH2004,V10565,23,22,15.1,2024-07,True
SH2043,V10565,20,11,4.0,2024-08,False
SH2028,V10565,1,0,0.0,2024-09,False
SH2020,V10565,18,17,12.1,2024-01,False
SH2032,V10565,5,3,1.2,2024-06,False
SH2013,V10565,4,2,1.7,2024-08,False
SH2012,V10565,22,18,7.2,2024-04,False
SH2001,V10565,14,12,5.7,2024-08,True
SH2031,V10565,20,16,13.5,2024-02,False
SH2059,V10566,6,5,3.0,2024-01,True
SH2014,V10566,26,23,11.0,2023-12,True
SH2057,V10566,8,3,2.0,2024-09,True
SH2038,V10566,6,3,1.3,2023-11,False
SH2002,V10566,22,13,11.1,2024-03,False
SH2016,V10566,3,2,1.1,2024-05,False
SH2055,V10566,5,4,1.7,2024-08,True
SH2044,V10566,5,3,1.5,2024-05,False
SH2052,V10566,5,4,1.3,2024-01,False
SH2049,V10566,40,34,15.7,2024-02,False
SH2039,V10566,4,2,1.4,2024-05,False
SH2022,V10566,7,3,2.1,2024-01,False
SH2023,V10566,20,17,11.7,2024-04,False
SH2028,V10566,28,17,10.3,2024-01,True
SH2047,V10566,3,1,0.8,2024-03,False
SH2058,V10567,27,20,11.4,2023-11,True
SH2010,V10567,5,2,0.7,2024-08,False
SH2029,V10567,7,5,3.3,2024-01,False
SH2018,V10567,4,2,0.7,2023-11,False
SH2000,V10567,40,22,12.6,2024-04,False
SH2006,V10567,1,0,0.0,2024-07,False
SH2018,V10568,8,4,1.3,2024-01,False
SH2047,V10568,3,2,1.5,2024-09,False
SH2007,V10568,1,0,0.0,2024-04,False
SH2034,V10568,4,3,1.4,2024-07,True
SH2001,V10568,28,16,8.1,2024-03,False
SH2015,V10568,1,0,0.0,2024-01,False
SH2003,V10568,2,1,0.9,2023-12,False
SH2039,V10568,6,5,2.8,2023-11,False
SH2019,V10568,1,0,0.0,2024-07,False
SH2041,V10568,21,11,3.5,2024-10,False
SH2052,V10568,3,2,1.2,2023-12,False
SH2032,V10569,9,7,2.3,2024-05,True
SH2003,V10569,2,1,0.5,2024-05,False
SH2039,V10569,8,5,4.1,2024-04,False
SH2052,V10569,5,2,0.9,2023-11,False
SH2031,V10569,4,3,1.5,2024-01,False
SH2002,V10569,2,1,0.5,2024-07,False
SH2045,V10569,15,9,7.0,2024-08,False
SH2030,V10569,8,5,4.3,2024-06,True
SH2046,V10569,26,19,11.7,2024-06,True
SH2057,V10569,6,3,0.9,2023-12,False
SH2018,V10569,5,4,2.8,2024-02,False
SH2054,V10570,9,7,3.4,2024-04,False
SH2041,V10570,1,0,0.0,2023-12,False
SH2038,V10570,6,4,2.6,2024-02,False
SH2058,V10570,14,12,6.2,2024-06,True
SH2032,V10570,5,4,3.4,2024-03,True
SH2036,V10570,5,4,1.3,2024-07,False
SH2059,V10570,6,4,2.8,2024-02,True
SH2048,V10570,51,37,25.5,2024-08,False
SH2042,V10570,4,2,0.6,2024-09,False
SH2015,V10571,5,4,2.3,2024-02,True
SH2014,V10571,29,23,8.8,2024-03,True
SH2003,V10571,4,3,1.0,2024-03,True
SH2048,V10572,29,25,12.1,2024-10,False
SH2026,V10572,26,24,9.6,2024-07,False
SH2059,V10572,3,2,1.5,2024-10,False
SH2004,V10572,6,5,4.1,2024-04,False
SH2039,V10572,6,5,2.9,2024-10,True
SH2058,V10572,9,4,3.1,2024-01,False
SH2056,V10572,15,12,10.7,2023-11,True
SH2006,V10572,3,2,1.6,2024-07,False
SH2034,V10572,7,5,3.1,2024-09,True
SH2003,V10572,5,3,2.6,2023-11,False
SH2011,V10572,1,0,0.0,2023-11,False
SH2030,V10572,4,2,0.7,2024-09,False
SH2027,V10572,3,2,0.7,2024-09,False
SH2008,V10573,8,6,4.0,2024-04,True
SH2023,V10573,21,7,2.5,2023-11,True
SH2028,V10573,27,16,7.4,2024-07,False
SH2037,V10573,53,49,30.0,2023-11,False
SH2004,V10573,53,43,38.5,2024-05,False
SH2045,V10573,35,24,20.2,2024-05,False
SH2056,V10574,26,13,8.0,2024-10,True
SH2003,V10574,2,1,0.8,2024-08,False
SH2034,V10574,1,0,0.0,2024-06,False
SH2028,V10574,25,13,9.5,2024-10,True
SH2032,V10574,29,23,7.2,2024-04,False
SH2048,V10574,46,22,6.6,2024-04,True
SH2009,V10574,1,0,0.0,2024-02,False
SH2037,V10574,28,21,12.4,2023-11,False
SH2036,V10574,2,1,0.4,2024-07,False
SH2006,V10574,1,0,0.0,2023-12,False
SH2055,V10574,69,52,39.9,2024-04,True
SH2038,V10574,6,2,1.5,2024-05,False
SH2021,V10574,4,3,1.5,2024-03,False
SH2030,V10574,9,8,6.4,2024-02,True
SH2004,V10575,29,16,5.9,2024-07,False
SH2033,V10575,6,4,2.1,2024-06,False
SH2018,V10575,8,4,2.7,2023-12,False
SH2030,V10575,6,5,2.0,2024-01,True
SH2022,V10575,1,0,0.0,2024-04,False
SH2007,V10575,1,0,0.0,2024-10,False
SH2013,V10575,9,7,3.6,2024-05,False
SH2027,V10575,4,2,0.7,2024-02,False
SH2000,V10575,15,11,4.6,2024-07,False
SH2043,V10575,11,9,4.9,2023-12,False
SH2034,V10576,3,2,1.8,2023-12,False
SH2052,V10576,11,4,1.3,2024-02,False
SH2046,V10576,17,9,7.5,2024-06,False
SH2043,V10576,8,6,4.0,2024-09,False
SH2044,V10576,2,1,0.9,2023-12,False
SH2017,V10576,5,3,2.5,2023-12,True
SH2014,V10576,39,27,18.3,2024-02,False
SH2026,V10576,6,5,2.1,2024-01,False
SH2004,V10576,15,10,6.0,2024-07,False
SH2036,V10576,6,5,2.5,2024-06,True
SH2030,V10576,9,6,2.9,2023-11,True
SH2042,V10576,1,0,0.0,2024-02,False
SH2047,V10576,2,0,0.0,2024-09,False
SH2020,V10576,2,1,0.4,2024-04,False
SH2040,V10576,37,13,4.1,2024-07,True
SH2029,V10577,3,2,0.7,2024-06,False
SH2016,V10577,2,1,0.8,2024-05,False
SH2053,V10577,6,3,2.6,2024-09,True
SH2000,V10577,61,32,16.2,2024-10,True
SH2041,V10577,2,1,0.3,2024-09,False
SH2050,V10577,25,18,10.7,2024-03,False
SH2033,V10577,7,5,3.3,2024-05,False
SH2036,V10578,6,4,1.3,2024-06,False
SH2021,V10578,1,0,0.0,2024-03,False
SH2020,V10578,18,13,11.3,2024-10,False
SH2012,V10578,15,13,11.3,2024-03,False
SH2058,V10578,2,1,0.5,2024-08,False
SH2041,V10578,7,6,3.4,2024-04,False
SH2047,V10578,4,1,0.7,2024-01,False
SH2026,V10578,10,3,1.5,2023-12,False
SH2015,V10578,6,4,1.7,2024-06,False
SH2002,V10578,34,31,10.1,2024-10,False
SH2023,V10578,10,8,5.5,2023-12,True
SH2019,V10578,3,1,0.5,2023-11,False
SH2025,V10578,59,21,7.2,2024-07,True
SH2051,V10579,4,3,1.8,2024-03,False
SH2040,V10579,39,31,16.5,2024-04,False
SH2048,V10579,4,1,0.6,2024-08,False
SH2023,V10579,9,5,2.7,2024-04,False
SH2025,V10579,9,8,5.7,2023-11,False
SH2003,V10579,1,0,0.0,2024-01,False
SH2005,V10579,3,1,0.5,2024-10,False
SH2057,V10580,6,4,3.4,2024-05,True
SH2016,V10580,2,0,0.0,2024-01,False
SH2046,V10580,14,10,7.7,2024-01,False
SH2045,V10581,6,3,1.6,2023-12,False
SH2024,V10581,17,15,9.7,2024-01,True
SH2011,V10581,8,4,2.6,2024-06,False
SH2051,V10581,5,4,3.2,2024-05,True
SH2000,V10581,5,1,0.4,2024-04,False
SH2043,V10581,19,14,11.0,2024-08,False
SH2002,V10581,4,2,1.8,2023-11,False
SH2055,V10581,51,45,14.9,2024-03,False
SH2055,V10582,65,54,35.0,2024-06,False
SH2058,V10582,15,11,9.8,2024-09,True
SH2054,V10582,5,3,1.5,2024-01,True
SH2030,V10582,4,2,1.5,2024-03,False
SH2008,V10582,9,5,3.9,2023-11,False
SH2043,V10582,4,2,1.4,2024-03,False
SH2025,V10582,5,2,1.1,2024-08,False
SH2024,V10582,12,8,4.6,2023-12,True
SH2019,V10582,2,1,0.3,2024-02,False
SH2037,V10582,28,11,4.3,2024-07,True
SH2040,V10582,20,19,14.1,2024-01,False
SH2045,V10583,44,33,12.8,2024-03,False
SH2053,V10583,46,17,10.0,2024-04,True
SH2006,V10583,1,0,0.0,2024-02,False
SH2014,V10583,26,22,19.1,2024-08,False
SH2015,V10583,1,0,0.0,2024-10,False
SH2058,V10583,15,7,6.1,2024-02,True
SH2007,V10583,29,15,5.6,2024-09,False
SH2042,V10583,23,17,15.3,2024-02,False
SH2033,V10583,3,2,1.6,2024-04,False
SH2004,V10583,39,32,13.0,2024-08,True
SH2044,V10583,6,4,3.3,2024-09,False
SH2018,V10583,6,5,3.3,2024-10,False
SH2020,V10583,11,9,3.6,2024-07,False
SH2037,V10583,37,17,15.1,2024-09,False
SH2002,V10584,8,7,4.0,2023-11,True
SH2055,V10584,42,33,20.1,2024-01,False
SH2018,V10584,1,0,0.0,2024-10,False
SH2046,V10584,6,5,3.3,2024-05,True
SH2056,V10584,44,30,24.0,2024-03,False
SH2050,V10584,24,21,18.8,2024-06,True
SH2026,V10585,23,15,7.5,2024-02,True
SH2038,V10585,2,1,0.6,2024-04,False
SH2003,V10585,4,2,0.9,2024-02,False
SH2039,V10585,7,5,2.0,2024-08,False
SH2054,V10585,3,2,1.0,2024-05,False
SH2008,V10585,6,3,2.2,2024-10,False
SH2051,V10585,21,19,12.8,2023-12,True
SH2040,V10586,25,7,2.4,2024-03,False
SH2019,V10586,4,2,1.0,2024-05,False
SH2017,V10586,28,25,11.7,2024-05,False
SH2021,V10586,27,20,13.7,2024-10,False
SH2009,V10587,13,8,4.5,2024-09,False
SH2014,V10587,28,25,15.5,2024-07,True
SH2027,V10587,4,3,1.7,2024-03,False
SH2010,V10587,10,6,4.9,2024-01,False
SH2036,V10587,4,3,1.5,2023-11,True
SH2024,V10587,12,9,5.6,2024-06,True
SH2026,V10587,6,4,3.4,2024-02,True
SH2015,V10587,4,1,0.5,2024-01,False
SH2041,V10587,30,8,2.8,2024-04,False
SH2050,V10587,40,33,29.7,2024-03,True
SH2002,V10588,11,9,4.9,2024-02,False
SH2040,V10588,11,8,3.1,2024-02,False
SH2050,V10588,32,28,15.1,2024-08,False
SH2045,V10588,39,32,23.3,2024-01,True
SH2000,V10588,23,19,14.6,2024-07,True
SH2025,V10589,1,0,0.0,2024-05,False
SH2058,V10589,11,10,5.1,2024-03,False
SH2050,V10589,33,30,15.6,2024-02,False
SH2006,V10589,4,2,1.7,2024-10,False
SH2048,V10589,21,14,11.4,2024-06,True
SH2001,V10589,14,12,7.6,2024-02,False
SH2010,V10589,11,7,3.3,2024-03,True
SH2030,V10589,9,5,3.5,2024-10,False
SH2037,V10589,2,1,0.6,2024-01,False
SH2016,V10589,4,2,0.8,2024-10,False
SH2024,V10590,48,36,14.9,2024-03,True
SH2027,V10590,3,1,0.3,2024-05,False
SH2003,V10590,3,2,0.8,2024-03,False
SH2041,V10590,11,9,7.5,2024-02,True
SH2056,V10590,44,25,12.7,2024-07,False
SH2005,V10590,8,4,3.3,2023-11,False
SH2026,V10591,15,13,5.3,2024-04,True
SH2014,V10591,4,3,1.0,2024-05,False
SH2056,V10591,43,36,19.6,2024-06,False
SH2032,V10591,12,11,8.7,2024-04,False
SH2033,V10591,9,2,1.2,2024-03,False
SH2023,V10592,19,9,3.5,2024-07,False
SH2005,V10592,10,9,3.9,2024-01,False
SH2013,V10592,3,1,0.3,2024-07,False
SH2032,V10592,30,26,16.2,2024-01,True
SH2047,V10592,3,2,0.8,2024-09,False
SH2008,V10593,11,6,4.9,2024-05,False
SH2011,V10593,8,7,5.3,2024-07,False
SH2017,V10593,10,9,4.6,2024-03,False
SH2000,V10593,55,46,14.4,2024-03,True
SH2049,V10593,42,32,18.3,2023-12,True
SH2015,V10593,6,4,3.1,2024-02,False
SH2027,V10593,1,0,0.0,2024-08,False
SH2022,V10593,2,1,0.8,2024-08,False
SH2031,V10593,7,4,2.8,2024-03,True
SH2010,V10594,1,0,0.0,2024-05,False
SH2020,V10594,46,35,31.2,2023-12,False
SH2037,V10594,7,4,2.4,2024-02,False
SH2028,V10594,48,33,10.0,2024-03,True
SH2023,V10594,15,10,8.6,2024-06,False
SH2018,V10594,2,0,0.0,2024-01,False
SH2001,V10594,42,27,13.5,2024-01,True
SH2015,V10594,6,2,1.0,2024-02,False
SH2041,V10594,15,10,6.6,2024-04,True
SH2014,V10594,38,25,9.4,2023-11,False
SH2022,V10594,6,4,1.8,2024-08,True
SH2053,V10594,49,47,28.3,2023-12,False
SH2050,V10594,25,22,7.6,2024-04,False
SH2030,V10595,10,8,3.6,2023-11,False
SH2018,V10595,6,5,4.2,2024-10,True
SH2033,V10595,4,2,1.4,2024-10,False
SH2036,V10595,1,0,0.0,2024-05,False
SH2028,V10595,24,15,9.0,2023-11,True
SH2012,V10595,22,16,12.6,2024-09,True
SH2047,V10595,2,1,0.7,2024-07,False
SH2041,V10595,19,12,10.4,2024-05,False
SH2046,V10595,7,3,1.7,2024-09,True
SH2038,V10595,1,0,0.0,2024-01,False
SH2059,V10595,4,2,1.6,2024-07,False
SH2017,V10595,2,0,0.0,2024-03,False
SH2029,V10596,1,0,0.0,2024-07,False
SH2018,V10596,8,6,4.8,2024-03,False
SH2043,V10596,4,2,1.0,2024-09,False
SH2046,V10596,24,14,10.2,2024-10,False
SH2053,V10596,30,24,9.0,2024-03,True
SH2042,V10596,20,15,9.7,2024-09,True
SH2040,V10596,30,25,10.0,2024-08,True
SH2016,V10596,2,1,0.6,2024-01,False
SH2025,V10596,40,20,9.2,2024-08,False
SH2007,V10597,23,22,18.6,2024-01,True
SH2029,V10597,1,0,0.0,2024-07,False
SH2051,V10597,4,2,1.2,2023-11,False
SH2027,V10597,2,1,0.6,2024-04,False
SH2043,V10597,3,1,0.7,2024-08,False
SH2041,V10597,10,4,1.4,2024-10,True
SH2017,V10597,8,4,3.3,2024-03,False
SH2016,V10597,3,2,1.3,2023-12,False
SH2019,V10597,3,1,0.8,2024-09,False
SH2002,V10597,35,28,12.1,2024-02,False
SH2033,V10597,5,2,1.0,2024-09,False
SH2015,V10597,1,0,0.0,2024-08,False
SH2037,V10597,38,19,8.8,2023-12,False
SH2056,V10597,19,13,8.5,2024-07,False
SH2034,V10597,11,10,3.1,2024-10,False
SH2032,V10598,25,12,8.9,2024-03,False
SH2026,V10598,16,14,10.1,2024-03,False
SH2007,V10598,1,0,0.0,2024-07,False
SH2055,V10598,30,12,5.7,2024-06,False
SH2050,V10598,10,9,6.6,2024-09,True
SH2020,V10598,22,8,2.8,2023-12,False
SH2030,V10598,11,7,3.7,2024-03,False
SH2018,V10598,8,3,1.2,2023-11,True
SH2027,V10598,3,1,0.8,2024-05,False
SH2057,V10598,8,5,4.2,2024-04,False
SH2021,V10598,13,11,8.5,2024-04,False
SH2024,V10598,5,2,1.2,2024-09,False
SH2015,V10598,5,4,2.5,2024-06,True
SH2009,V10598,6,5,3.8,2024-01,False
SH2000,V10599,57,41,28.7,2023-11,True
SH2003,V10599,5,2,1.6,2024-02,False
SH2007,V10599,6,5,2.5,2024-06,False
SH2015,V10599,4,3,2.6,2024-10,True
SH2011,V10599,5,4,3.4,2024-04,False
SH2020,V10599,47,29,21.0,2024-03,True
SH2014,V10599,35,25,20.9,2024-06,True
SH2033,V10599,6,2,1.2,2023-11,False
SH2028,V10599,12,6,2.3,2024-03,False
SH2059,V10599,3,2,1.1,2024-10,False
SH2053,V10601,4,1,0.3,2024-05,False
SH2034,V10601,9,6,4.9,2024-06,False
SH2023,V10601,5,2,1.2,2024-01,False
SH2045,V10601,19,11,8.9,2024-03,True
SH2042,V10601,1,0,0.0,2024-01,False
SH2003,V10601,5,3,1.5,2024-09,True
SH2050,V10601,6,4,1.9,2024-02,False
SH2058,V10601,1,0,0.0,2024-05,False
SH2000,V10601,47,16,6.3,2024-06,True
SH2037,V10601,36,26,9.6,2024-05,False
SH2002,V10602,11,9,5.7,2024-08,True
SH2004,V10602,52,33,19.1,2024-01,True
SH2024,V10602,41,37,21.0,2024-10,False
SH2025,V10602,35,31,26.8,2023-11,True
SH2031,V10602,12,10,6.3,2023-11,True
SH2036,V10602,3,2,1.4,2024-05,False
SH2023,V10602,1,0,0.0,2024-06,False
SH2042,V10602,26,23,7.3,2023-12,True
SH2058,V10602,16,14,12.1,2023-12,False
SH2054,V10602,7,5,3.2,2023-12,True
SH2027,V10603,2,1,0.7,2024-01,False
SH2011,V10603,7,5,3.8,2024-06,False
SH2030,V10603,1,0,0.0,2024-02,False
SH2052,V10604,4,2,1.8,2024-08,False
SH2033,V10604,6,3,1.7,2024-07,False
SH2049,V10604,36,24,10.1,2024-10,True
SH2057,V10604,2,1,0.9,2024-10,False
SH2051,V10604,41,25,18.5,2024-06,False
SH2050,V10604,29,20,15.1,2024-02,True
SH2047,V10604,3,1,0.7,2024-03,False
SH2046,V10604,10,6,5.0,2023-11,False
SH2024,V10604,17,10,8.5,2024-07,True
SH2054,V10604,7,6,3.2,2024-04,False
SH2027,V10604,2,1,0.3,2024-09,False
SH2005,V10605,7,5,3.0,2024-06,True
SH2026,V10605,12,11,7.4,2024-04,True
SH2004,V10605,27,24,12.7,2024-04,True
SH2016,V10605,2,0,0.0,2024-08,False
SH2015,V10605,4,2,0.9,2024-10,False
SH2037,V10605,34,27,20.8,2024-09,True
SH2050,V10605,25,20,10.0,2024-09,False
SH2009,V10605,12,6,3.9,2024-10,False
SH2002,V10605,2,0,0.0,2024-02,False
SH2010,V10606,28,11,7.2,2024-08,True
SH2027,V10606,4,3,1.3,2024-05,True
SH2037,V10606,30,11,4.0,2024-06,True
SH2059,V10606,4,2,1.8,2024-07,False
SH2009,V10606,11,9,6.0,2024-02,False
SH2054,V10606,8,7,4.3,2024-07,True
SH2025,V10606,55,21,12.6,2024-07,False
SH2023,V10606,2,1,0.5,2024-04,False
SH2041,V10606,9,6,2.9,2024-02,False
SH2058,V10607,32,17,11.9,2024-05,False
SH2027,V10607,4,3,2.3,2024-07,False
SH2049,V10607,37,14,5.3,2024-07,True
SH2024,V10607,37,26,20.4,2024-05,False
SH2053,V10607,24,20,7.5,2024-05,True
SH2049,V10608,32,20,15.6,2024-01,False
SH2027,V10608,1,0,0.0,2024-09,False
SH2039,V10608,6,3,1.2,2024-10,True
SH2048,V10608,51,36,25.1,2024-09,False
SH2037,V10608,1,0,0.0,2024-08,False
SH2021,V10608,24,12,3.6,2024-10,True
SH2001,V10608,3,2,0.8,2024-10,False
SH2034,V10609,10,9,4.1,2024-10,False
SH2001,V10609,4,3,1.5,2024-05,False
SH2027,V10609,2,1,0.7,2024-03,False
SH2041,V10609,5,3,2.6,2024-03,False
SH2016,V10609,4,1,0.5,2024-07,False
SH2052,V10609,6,5,1.9,2024-07,False
SH2056,V10609,25,14,7.9,2023-12,False
SH2049,V10610,28,6,2.5,2023-12,False
SH2019,V10610,4,2,1.7,2024-05,False
SH2036,V10610,6,4,1.4,2024-01,False
SH2009,V10610,13,12,7.7,2024-08,True
SH2006,V10610,1,0,0.0,2024-01,False
SH2005,V10610,8,4,1.5,2024-09,True
SH2044,V10610,4,3,1.9,2024-01,True
SH2014,V10610,24,13,5.1,2024-03,True
SH2027,V10610,3,1,0.7,2024-04,False
SH2059,V10610,3,1,0.8,2024-05,False
SH2051,V10610,2,1,0.8,2024-08,False
SH2045,V10610,45,42,18.5,2023-11,False
SH2010,V10611,25,21,10.9,2023-12,False
SH2033,V10611,5,4,2.5,2024-03,False
SH2015,V10611,6,3,1.0,2024-10,False
SH2043,V10611,19,18,15.0,2024-07,False
SH2039,V10611,6,4,1.6,2024-02,True
SH2018,V10611,1,0,0.0,2024-06,False
SH2050,V10612,5,4,2.4,2024-10,False
SH2048,V10612,2,1,0.7,2024-04,False
SH2022,V10612,6,4,2.5,2024-09,False
SH2059,V10612,4,2,1.1,2023-11,False
SH2028,V10612,29,16,8.5,2024-05,False
SH2007,V10612,20,14,4.8,2024-08,True
SH2012,V10612,13,8,4.7,2023-11,True
SH2006,V10612,5,3,1.4,2024-09,True
SH2033,V10612,6,4,3.1,2024-01,True
SH2010,V10612,5,2,1.0,2024-02,False
SH2054,V10612,1,0,0.0,2024-04,False
SH2019,V10612,2,1,0.4,2024-05,False
SH2043,V10612,10,6,2.9,2023-12,True
SH2024,V10612,1,0,0.0,2024-03,False
SH2058,V10612,20,8,5.2,2024-02,False
SH2024,V10613,19,11,3.6,2024-08,False
SH2019,V10613,2,0,0.0,2024-05,False
SH2042,V10613,14,10,6.9,2024-06,False
SH2028,V10613,12,11,8.2,2024-03,False
SH2000,V10613,1,0,0.0,2024-09,False
SH2023,V10613,14,8,2.5,2024-01,True
SH2006,V10613,3,2,0.6,2024-06,False
SH2033,V10613,5,4,2.1,2023-11,True
SH2040,V10613,32,18,15.0,2023-11,False
SH2058,V10613,17,14,11.7,2024-02,False
SH2030,V10613,5,3,1.5,2024-02,True
SH2005,V10613,2,1,0.4,2024-06,False
SH2056,V10613,12,11,9.7,2024-03,False
SH2027,V10613,3,1,0.5,2023-12,False
SH2041,V10613,4,3,2.5,2024-01,False
SH2045,V10614,32,26,20.7,2024-05,True
SH2029,V10614,2,1,0.6,2024-03,False
SH2010,V10614,9,6,3.6,2024-03,False
SH2036,V10614,5,1,0.9,2024-05,False
SH2056,V10614,29,26,11.0,2024-06,False
SH2025,V10614,70,53,45.0,2024-08,False
SH2037,V10614,55,41,32.2,2024-03,False
SH2038,V10614,1,0,0.0,2024-01,False
SH2051,V10614,36,30,23.5,2023-11,False
SH2044,V10614,3,2,0.8,2023-11,False
SH2002,V10614,14,8,3.2,2024-04,True
SH2013,V10615,7,5,4.3,2024-06,False
SH2007,V10615,12,9,7.0,2024-06,False
SH2014,V10615,31,23,10.2,2024-01,False
SH2031,V10615,2,0,0.0,2024-07,False
SH2009,V10615,20,10,8.4,2024-04,True
SH2043,V10615,6,3,1.6,2024-09,True
SH2033,V10615,3,2,0.7,2024-06,False
SH2030,V10615,3,1,0.5,2024-05,False
SH2058,V10615,27,24,10.1,2024-07,True
SH2051,V10615,5,2,1.0,2024-09,False
SH2050,V10615,11,9,7.1,2023-12,False
SH2046,V10615,21,18,12.9,2024-03,True
SH2055,V10615,53,45,30.4,2023-12,True
SH2003,V10615,3,1,0.6,2024-01,False
SH2036,V10615,1,0,0.0,2024-08,False
SH2038,V10616,5,4,2.8,2024-01,False
SH2051,V10616,59,49,22.7,2023-12,False
SH2019,V10616,3,2,1.4,2024-09,False
SH2001,V10616,23,19,11.2,2024-01,True
SH2008,V10616,1,0,0.0,2024-07,False
SH2027,V10616,4,3,1.0,2023-11,False
SH2003,V10617,5,3,1.8,2024-01,False
SH2053,V10617,13,8,2.4,2024-06,True
SH2054,V10617,7,5,4.1,2024-02,False
SH2013,V10617,1,0,0.0,2024-02,False
SH2046,V10618,27,19,6.3,2024-04,False
SH2026,V10618,6,4,3.1,2024-06,True
SH2018,V10618,6,4,3.5,2024-06,True
SH2034,V10618,8,4,2.5,2024-05,False
SH2014,V10618,32,23,12.2,2024-07,False
SH2051,V10618,30,15,11.4,2024-10,False
SH2030,V10619,1,0,0.0,2024-06,False
SH2001,V10619,38,30,17.7,2024-04,False
SH2033,V10619,3,2,0.7,2024-09,False
SH2054,V10619,2,1,0.7,2024-07,False
SH2032,V10619,6,5,3.3,2024-10,False
SH2009,V10619,12,9,7.0,2024-03,True
SH2053,V10619,35,26,16.3,2024-08,True
SH2018,V10619,5,3,2.5,2024-07,True
SH2057,V10619,5,2,0.8,2024-02,False
SH2039,V10619,4,2,1.7,2023-12,False
SH2024,V10620,38,34,22.2,2024-05,False
SH2059,V10620,4,3,1.5,2024-01,False
SH2018,V10620,4,2,0.6,2024-08,False
SH2038,V10620,3,1,0.5,2023-12,False
SH2051,V10620,4,2,1.7,2024-09,False
SH2047,V10620,2,1,0.4,2024-08,False
SH2036,V10620,2,1,0.6,2023-11,False
SH2001,V10620,15,7,2.5,2024-08,True
SH2006,V10620,2,1,0.5,2024-06,False
SH2057,V10620,2,1,0.4,2024-06,False
SH2007,V10620,31,15,5.1,2024-08,True
SH2056,V10621,3,2,1.2,2024-03,False
SH2033,V10621,3,2,1.1,2024-10,False
SH2049,V10621,19,15,10.0,2023-11,False
SH2024,V10621,1,0,0.0,2024-07,False
SH2038,V10621,6,4,1.5,2023-11,True
SH2034,V10621,9,5,2.5,2024-10,True
SH2050,V10621,5,3,2.0,2024-06,False
SH2006,V10621,5,3,1.1,2024-06,False
SH2018,V10621,2,1,0.4,2024-08,False
SH2005,V10621,2,1,0.3,2024-06,False
SH2008,V10621,7,4,1.6,2024-03,False
SH2046,V10621,23,13,9.8,2024-09,True
SH2025,V10621,26,15,6.7,2024-10,True
SH2031,V10621,16,12,3.9,2023-11,True
SH2039,V10621,8,4,1.2,2024-07,True
SH2015,V10622,1,0,0.0,2024-08,False
SH2032,V10622,36,9,3.2,2024-04,True
SH2003,V10622,4,3,2.3,2024-10,False
SH2025,V10622,54,44,28.6,2024-03,True
SH2059,V10622,1,0,0.0,2024-04,False
SH2024,V10622,22,10,6.1,2024-09,False
SH2051,V10622,29,23,12.3,2024-09,True
SH2008,V10622,6,2,1.2,2024-02,False
SH2029,V10622,9,4,2.4,2024-07,True
SH2052,V10622,13,7,2.7,2024-09,True
SH2046,V10622,13,3,2.4,2024-03,True
SH2020,V10622,34,25,15.4,2023-11,False
SH2010,V10622,1,0,0.0,2024-07,False
SH2023,V10622,14,7,6.2,2024-07,True
SH2056,V10623,41,36,11.9,2024-06,False
SH2045,V10623,16,8,3.0,2024-06,True
SH2031,V10623,10,8,2.9,2023-11,False
SH2002,V10623,22,16,10.2,2024-04,False
SH2033,V10623,5,4,1.6,2024-01,False
SH2042,V10623,14,10,7.9,2024-07,False
SH2009,V10623,16,8,3.3,2024-01,False
SH2058,V10623,17,15,8.0,2024-03,True
SH2036,V10623,4,3,1.2,2024-07,True
SH2054,V10623,5,2,1.8,2024-07,False
SH2030,V10623,10,8,3.8,2023-11,True
SH2050,V10623,32,17,7.7,2024-05,False
SH2055,V10623,62,57,34.2,2024-05,False
SH2046,V10623,23,19,12.9,2024-07,True
SH2027,V10623,3,2,1.3,2024-06,False
SH2049,V10624,25,20,14.5,2024-10,False
SH2021,V10624,34,26,11.9,2024-10,False
SH2058,V10624,9,7,2.2,2024-08,True
SH2018,V10624,4,2,0.9,2024-04,False
SH2046,V10624,19,14,10.7,2024-01,False
SH2020,V10624,46,39,13.7,2023-12,False
SH2044,V10624,1,0,0.0,2024-03,False
SH2041,V10624,19,9,7.4,2024-03,False
SH2009,V10624,20,13,9.2,2023-11,True
SH2016,V10624,2,1,0.8,2024-03,False
SH2058,V10625,15,11,8.4,2024-07,False
SH2032,V10625,19,16,9.2,2024-03,True
SH2053,V10625,35,25,15.2,2024-06,True
SH2056,V10625,39,31,10.8,2024-01,False
SH2023,V10625,18,15,7.8,2024-09,False
SH2022,V10626,1,0,0.0,2024-05,False
SH2000,V10626,50,32,16.4,2024-07,True
SH2053,V10626,43,39,34.3,2024-02,True
SH2042,V10626,27,16,11.0,2023-11,False
SH2033,V10626,2,1,0.8,2024-02,False
SH2043,V10626,19,14,11.1,2024-04,False
SH2032,V10626,28,19,10.7,2024-03,False
SH2013,V10626,2,1,0.9,2024-02,False
SH2016,V10626,1,0,0.0,2024-04,False
SH2008,V10627,5,2,0.7,2024-07,False
SH2015,V10627,5,3,1.1,2024-09,True
SH2050,V10627,28,16,4.8,2024-01,False
SH2006,V10627,6,4,3.2,2023-11,True
SH2013,V10627,3,1,0.3,2024-10,False
SH2017,V10627,25,13,6.1,2024-05,True
SH2003,V10627,2,1,0.7,2024-03,False
SH2029,V10628,13,7,5.3,2024-03,False
SH2034,V10628,6,5,2.1,2023-12,False
SH2012,V10628,22,19,6.8,2024-02,True
SH2022,V10628,9,7,2.4,2024-04,False
SH2033,V10628,2,1,0.6,2024-08,False
SH2059,V10628,1,0,0.0,2024-08,False
SH2008,V10628,4,3,0.9,2023-12,True
SH2027,V10628,4,3,1.8,2024-04,False
SH2042,V10628,18,11,4.7,2024-05,False
SH2055,V10628,55,53,18.8,2024-05,False
SH2048,V10628,26,19,11.4,2024-02,False
SH2040,V10629,28,15,6.0,2024-03,True
SH2033,V10629,7,4,3.2,2024-02,True
SH2052,V10629,14,12,7.5,2024-04,False
SH2042,V10629,25,18,9.1,2024-03,True
SH2047,V10629,2,1,0.4,2024-08,False
SH2006,V10629,1,0,0.0,2023-11,False
SH2056,V10629,15,12,10.0,2024-07,False
SH2023,V10629,2,1,0.4,2024-04,False
SH2058,V10629,22,19,13.4,2023-12,True
SH2046,V10629,21,16,11.5,2024-07,False
SH2025,V10629,58,37,25.2,2024-07,True
SH2008,V10630,6,4,3.0,2024-09,False
SH2056,V10630,35,19,16.8,2024-05,False
SH2030,V10630,6,2,1.4,2024-08,False
SH2024,V10630,15,7,2.9,2023-12,True
SH2033,V10630,9,6,4.6,2023-12,True
SH2014,V10630,8,7,2.6,2023-12,True
SH2010,V10630,38,33,18.0,2023-11,False
SH2040,V10630,37,33,14.1,2024-09,False
SH2046,V10631,24,18,8.9,2023-12,True
SH2026,V10631,8,5,2.6,2024-01,False
SH2011,V10631,3,2,0.6,2024-04,False
SH2006,V10631,6,5,1.9,2023-11,False
SH2053,V10631,24,16,8.4,2024-09,True
SH2024,V10631,27,19,9.4,2024-03,True
SH2036,V10631,4,2,1.2,2024-09,False
SH2013,V10631,4,2,0.7,2024-10,False
SH2042,V10631,12,9,4.2,2023-11,True
SH2009,V10631,21,15,12.9,2024-03,False
SH2038,V10631,2,1,0.4,2024-10,False
SH2015,V10631,7,5,4.1,2024-01,True
SH2040,V10631,33,23,10.3,2024-09,False
SH2034,V10631,3,2,1.2,2024-06,False
SH2059,V10632,4,3,0.9,2024-05,True
SH2026,V10632,6,3,2.0,2024-10,False
SH2031,V10632,17,11,5.9,2024-03,True
SH2002,V10632,4,2,1.7,2024-01,False
SH2025,V10632,67,58,17.8,2023-12,True
SH2030,V10632,8,7,3.5,2024-01,True
SH2023,V10632,15,7,2.9,2024-01,True
SH2047,V10632,3,1,0.4,2024-03,False
SH2034,V10632,10,7,4.0,2024-07,False
SH2054,V10632,1,0,0.0,2024-10,False
SH2049,V10632,23,21,12.6,2024-06,False
SH2021,V10632,35,27,9.5,2024-04,True
SH2011,V10632,4,3,1.0,2024-05,False
SH2001,V10632,29,23,9.3,2024-04,True
SH2027,V10633,4,3,1.5,2024-10,True
SH2007,V10633,46,30,10.1,2023-11,False
SH2012,V10633,21,18,13.2,2024-05,True
SH2037,V10633,10,6,4.0,2024-03,True
SH2028,V10633,7,3,2.3,2024-06,True
SH2024,V10633,15,9,6.6,2024-05,True
SH2022,V10633,3,1,0.7,2024-04,False
SH2017,V10633,16,13,6.9,2023-11,False
SH2044,V10633,7,4,3.3,2024-05,True
SH2042,V10633,5,3,1.7,2024-07,False
SH2003,V10633,5,4,3.2,2024-03,True
SH2038,V10633,4,2,1.4,2024-07,False
SH2018,V10633,1,0,0.0,2024-05,False
SH2008,V10633,4,2,1.3,2024-07,False
SH2050,V10634,32,22,11.8,2024-01,False
SH2022,V10634,6,5,3.4,2024-07,True
SH2019,V10634,2,0,0.0,2024-09,False
SH2052,V10634,6,2,1.8,2024-01,False
SH2056,V10634,43,40,30.2,2024-01,False
SH2010,V10634,4,2,1.6,2024-07,False
SH2001,V10634,8,6,3.6,2023-11,False
SH2020,V10635,33,23,7.7,2024-07,True
SH2047,V10635,2,1,0.9,2024-07,False
SH2044,V10635,2,1,0.4,2024-07,False
SH2036,V10635,3,2,1.4,2024-04,False
SH2026,V10635,10,6,3.8,2024-09,False
SH2032,V10635,4,3,2.6,2024-06,False
SH2051,V10635,40,24,10.5,2024-05,False
SH2010,V10635,9,6,2.1,2024-08,False
SH2043,V10635,5,3,2.1,2024-08,False
SH2015,V10635,7,6,4.5,2024-03,False
SH2022,V10635,3,1,0.8,2024-05,False
SH2053,V10636,38,33,28.9,2024-05,True
SH2003,V10636,2,1,0.3,2024-10,False
SH2001,V10636,40,27,22.3,2024-06,True
SH2016,V10636,1,0,0.0,2024-07,False
SH2011,V10636,9,7,2.2,2024-06,False
SH2031,V10636,11,9,3.5,2023-12,False
SH2050,V10636,33,18,14.9,2024-01,True
SH2047,V10636,4,2,1.2,2024-01,False
SH2014,V10636,38,32,17.2,2023-12,False
SH2040,V10637,4,3,2.4,2023-11,False
SH2039,V10637,4,3,1.5,2024-02,False
SH2009,V10637,16,13,5.6,2024-07,False
SH2058,V10637,3,2,1.1,2024-02,False
SH2025,V10637,53,26,19.2,2024-07,True
SH2018,V10637,8,6,3.0,2024-02,True
SH2033,V10637,1,0,0.0,2023-12,False
SH2012,V10637,11,7,3.7,2024-08,False
SH2044,V10637,3,2,1.4,2024-03,False
SH2023,V10637,2,1,0.4,2023-12,False
SH2019,V10637,4,1,0.5,2023-12,False
SH2037,V10638,19,16,10.9,2024-03,True
SH2014,V10638,29,23,12.4,2024-06,False
SH2057,V10638,2,1,0.4,2023-11,False
SH2046,V10639,25,21,16.1,2024-08,True
SH2028,V10639,33,30,26.6,2024-02,True
SH2010,V10639,8,4,1.6,2024-04,True
SH2044,V10639,2,1,0.7,2024-06,False
SH2054,V10640,4,3,1.1,2024-03,False
SH2045,V10640,38,34,27.5,2024-05,False
SH2024,V10640,17,13,11.4,2024-05,False
SH2000,V10640,36,26,19.9,2024-04,False
SH2042,V10640,16,12,7.9,2024-05,False
SH2037,V10640,40,31,24.5,2024-07,False
SH2044,V10640,5,4,2.7,2024-04,False
SH2039,V10640,6,5,4.3,2024-05,False
SH2049,V10640,7,4,2.3,2023-11,False
SH2023,V10640,20,14,4.4,2024-04,True
SH2046,V10640,30,15,12.5,2024-10,False
SH2015,V10640,3,0,0.0,2024-01,False
SH2007,V10640,24,16,13.1,2024-04,False
SH2052,V10640,15,11,3.4,2024-07,False
SH2046,V10641,8,3,2.7,2024-10,True
SH2028,V10641,21,19,11.2,2024-08,False
SH2049,V10641,31,19,15.7,2024-05,False
SH2013,V10641,2,1,0.8,2024-09,False
SH2004,V10641,42,37,17.8,2023-12,False
SH2014,V10641,33,19,15.5,2024-06,False
SH2010,V10641,33,23,11.0,2024-02,False
SH2057,V10641,5,4,3.0,2024-07,False
SH2038,V10641,2,1,0.5,2024-07,False
SH2029,V10641,1,0,0.0,2024-02,False
SH2051,V10641,48,25,17.6,2024-02,False
SH2045,V10641,35,33,11.9,2023-12,False
SH2020,V10642,40,22,19.2,2024-01,True
SH2001,V10642,17,12,8.6,2024-03,True
SH2059,V10642,6,3,2.6,2024-04,False
SH2029,V10642,14,11,7.9,2024-08,False
SH2005,V10642,8,7,3.6,2024-07,True
SH2044,V10643,1,0,0.0,2024-10,False
SH2023,V10643,2,0,0.0,2024-08,False
SH2022,V10643,9,8,2.9,2024-05,False
SH2014,V10643,8,5,1.8,2024-07,True
SH2047,V10643,4,3,1.4,2024-02,True
SH2034,V10643,3,2,0.8,2024-05,False
SH2033,V10644,6,3,2.0,2024-02,False
SH2020,V10644,3,2,1.6,2023-11,False
SH2040,V10644,4,3,1.1,2023-12,False
SH2046,V10644,30,18,7.1,2024-09,False
SH2024,V10644,14,6,5.2,2024-09,False
SH2014,V10644,35,29,13.4,2024-04,True
SH2044,V10644,3,1,0.8,2024-04,False
SH2026,V10644,19,10,7.2,2024-04,False
SH2000,V10644,67,55,21.0,2024-07,True
SH2043,V10644,13,10,8.9,2023-12,False
SH2056,V10644,39,32,16.8,2024-03,True
SH2034,V10644,4,2,1.2,2024-07,False
SH2039,V10645,8,6,4.9,2024-07,True
SH2053,V10645,12,4,1.8,2024-02,False
SH2044,V10645,4,3,2.6,2024-10,True
SH2056,V10646,8,4,1.3,2024-03,True
SH2059,V10646,4,1,0.8,2024-05,False
SH2033,V10646,6,3,1.8,2023-11,False
SH2045,V10646,23,20,9.8,2024-10,True
SH2004,V10646,49,34,28.9,2024-07,False
SH2043,V10646,2,1,0.7,2024-06,False
SH2007,V10646,3,1,0.8,2024-05,False
SH2032,V10646,18,12,10.0,2024-02,False
SH2036,V10646,2,1,0.5,2024-03,False
SH2015,V10646,7,4,1.9,2024-05,True
SH2040,V10646,21,15,10.7,2024-07,False
SH2016,V10646,1,0,0.0,2024-07,False
SH2018,V10646,5,4,1.7,2024-10,False
SH2014,V10647,3,1,0.3,2024-03,False
SH2047,V10647,3,1,0.8,2024-09,False
SH2032,V10647,33,17,7.1,2024-03,False
SH2042,V10647,21,16,7.3,2023-11,False
SH2057,V10647,12,9,7.6,2024-03,False
SH2023,V10647,10,7,3.7,2024-07,False
SH2001,V10647,21,18,11.5,2024-03,False
SH2025,V10647,10,8,7.0,2024-06,False
SH2016,V10647,3,1,0.7,2024-01,False
SH2024,V10647,47,34,21.4,2024-03,True
SH2043,V10647,4,2,1.1,2024-01,False
SH2022,V10647,1,0,0.0,2024-03,False
SH2017,V10647,7,5,2.7,2024-06,False
SH2006,V10648,3,2,1.5,2024-09,False
SH2036,V10648,4,2,0.7,2024-10,False
SH2047,V10648,2,1,0.4,2024-02,False
SH2004,V10648,14,13,7.2,2024-09,False
SH2007,V10648,24,20,8.1,2024-02,True
SH2046,V10648,27,25,19.1,2024-08,False
SH2025,V10648,22,13,7.7,2024-02,False
SH2058,V10648,15,12,6.0,2023-11,False
SH2041,V10648,13,10,4.0,2024-04,False
SH2022,V10649,4,1,0.7,2024-09,False
SH2044,V10649,3,2,1.1,2024-07,False
SH2032,V10649,35,15,11.4,2023-11,True
SH2055,V10649,7,5,2.0,2024-01,False
SH2059,V10649,5,3,1.9,2024-04,True
SH2010,V10649,28,19,9.2,2023-12,True
SH2047,V10649,1,0,0.0,2023-11,False
SH2036,V10649,2,1,0.4,2024-10,False
SH2024,V10649,2,1,0.7,2024-06,False
SH2002,V10649,3,1,0.6,2024-09,False
SH2034,V10650,1,0,0.0,2024-02,False
SH2024,V10650,17,12,10.8,2024-02,True
SH2055,V10650,67,30,17.0,2024-01,False
SH2046,V10650,29,15,12.0,2024-08,False
SH2045,V10650,7,3,1.8,2024-01,False
SH2050,V10650,22,16,12.1,2024-08,False
SH2009,V10650,17,14,5.1,2024-10,True
SH2045,V10651,39,38,24.1,2023-11,False
SH2029,V10651,8,5,1.8,2024-03,False
SH2058,V10651,21,18,10.0,2023-11,False
SH2007,V10651,1,0,0.0,2024-08,False
SH2019,V10651,4,2,1.4,2024-02,False
SH2006,V10651,1,0,0.0,2024-10,False
SH2025,V10651,51,20,7.2,2024-08,False
SH2015,V10651,3,1,0.8,2024-10,False
SH2053,V10651,42,37,18.7,2023-11,True
SH2037,V10651,16,14,9.3,2023-12,False
SH2054,V10651,1,0,0.0,2024-02,False
SH2005,V10651,9,5,3.3,2024-07,False
SH2003,V10651,4,3,1.2,2023-12,True
SH2052,V10652,9,7,6.2,2024-07,True
SH2019,V10652,2,1,0.8,2024-06,False
SH2043,V10652,10,6,4.2,2024-07,False
SH2018,V10652,6,1,0.9,2023-12,False
SH2014,V10652,30,24,18.8,2024-08,False
SH2047,V10652,4,3,1.4,2024-06,False
SH2036,V10652,3,2,1.3,2024-01,False
SH2042,V10652,19,14,10.4,2023-11,False
SH2038,V10652,4,2,1.5,2024-03,False
SH2017,V10652,10,6,4.1,2024-05,False
SH2005,V10652,8,6,3.9,2024-04,False
SH2008,V10652,1,0,0.0,2024-04,False
SH2000,V10652,11,10,4.1,2024-02,True
SH2051,V10652,21,19,16.5,2023-12,False
SH2053,V10652,43,33,13.3,2024-08,False
SH2049,V10653,41,27,14.9,2024-05,True
SH2008,V10653,6,2,1.1,2023-11,False
SH2025,V10653,46,28,15.6,2024-09,False
SH2002,V10654,31,23,15.8,2024-02,False
SH2028,V10654,52,36,20.6,2024-01,True
SH2036,V10654,1,0,0.0,2024-04,False
SH2024,V10654,4,3,1.2,2024-09,False
SH2047,V10654,3,1,0.5,2024-06,False
SH2026,V10654,6,2,1.6,2024-04,False
SH2051,V10654,36,27,15.8,2024-10,False
SH2019,V10654,4,3,1.9,2024-07,False
SH2030,V10654,3,2,1.5,2024-03,False
SH2053,V10654,43,29,19.1,2024-09,False
SH2047,V10655,3,2,1.2,2023-11,False
SH2010,V10655,27,11,4.6,2023-12,False
SH2007,V10655,26,18,13.9,2024-09,False
SH2040,V10655,1,0,0.0,2023-12,False
SH2037,V10655,19,15,4.5,2024-07,True
SH2027,V10655,2,1,0.6,2023-12,False
SH2026,V10655,2,1,0.5,2024-08,False
SH2015,V10655,3,2,0.8,2024-06,False
SH2017,V10655,15,10,8.3,2024-10,False
SH2054,V10655,9,4,1.7,2024-08,False
SH2000,V10655,39,26,16.4,2024-08,False
SH2021,V10655,16,14,9.2,2023-11,True
SH2012,V10656,11,8,4.4,2023-11,False
SH2056,V10656,7,3,1.8,2024-03,False
SH2000,V10656,8,6,2.2,2024-02,False
SH2007,V10656,15,8,4.8,2024-10,False
SH2006,V10657,1,0,0.0,2024-04,False
SH2016,V10657,2,1,0.8,2023-12,False
SH2033,V10657,1,0,0.0,2023-12,False
SH2008,V10657,11,7,5.2,2024-07,False
SH2051,V10657,34,31,26.2,2024-02,False
SH2020,V10657,18,15,11.5,2023-11,False
SH2059,V10657,3,1,0.7,2024-10,False
SH2056,V10657,28,14,10.6,2024-09,True
SH2011,V10657,6,4,3.1,2024-07,False
SH2052,V10657,9,3,1.8,2024-04,True
SH2032,V10658,7,5,2.5,2024-02,False
SH2049,V10658,19,17,6.9,2023-12,True
SH2057,V10658,9,7,3.6,2024-10,False
SH2008,V10658,4,2,1.3,2024-02,False
SH2048,V10658,21,16,5.3,2023-11,False
SH2059,V10658,2,1,0.5,2023-12,False
SH2000,V10658,36,28,24.8,2024-06,True
SH2004,V10658,8,6,2.5,2024-05,False
SH2054,V10658,3,2,0.7,2024-07,False
SH2041,V10658,18,12,4.8,2024-07,False
SH2038,V10658,3,2,1.6,2024-06,False
SH2006,V10658,4,2,1.7,2024-09,False
SH2008,V10659,5,4,3.1,2023-12,False
SH2005,V10659,1,0,0.0,2024-03,False
SH2033,V10659,3,2,1.8,2024-01,False
SH2045,V10659,18,12,6.0,2024-08,True
SH2037,V10659,19,12,7.3,2024-10,True
SH2022,V10659,4,3,1.7,2024-03,False
SH2024,V10659,32,6,3.2,2023-11,True
SH2030,V10659,2,1,0.5,2024-04,False
SH2021,V10659,11,8,2.7,2024-09,False
SH2040,V10659,5,3,2.4,2024-02,True
SH2007,V10659,9,5,2.1,2024-08,True
SH2044,V10659,2,1,0.9,2024-01,False
SH2050,V10659,10,5,1.7,2023-11,True
SH2047,V10659,2,1,0.9,2024-01,False
SH2053,V10660,39,34,12.7,2024-09,True
SH2014,V10660,26,22,18.8,2024-10,False
SH2052,V10660,12,10,8.2,2024-06,False
SH2027,V10660,1,0,0.0,2023-11,False
SH2040,V10661,38,33,11.8,2024-08,True
SH2030,V10661,10,9,6.7,2024-03,True
SH2009,V10661,21,17,10.3,2024-07,True
SH2021,V10661,36,10,6.0,2024-06,False
SH2012,V10661,11,2,1.1,2024-05,False
SH2003,V10661,2,0,0.0,2023-11,False
SH2045,V10661,16,10,4.3,2024-08,True
SH2053,V10661,43,21,7.3,2024-07,True
SH2015,V10662,3,2,0.9,2024-03,False
SH2007,V10662,10,5,4.1,2024-10,True
SH2058,V10662,22,18,13.8,2024-01,True
SH2040,V10662,16,11,6.0,2024-03,False
SH2025,V10662,64,41,17.9,2024-07,True
SH2010,V10662,37,21,10.9,2024-06,True
SH2037,V10662,20,16,9.7,2023-11,False
SH2018,V10662,4,2,1.2,2024-05,False
SH2030,V10662,2,1,0.7,2024-07,False
SH2053,V10662,33,27,12.1,2024-09,False
SH2024,V10662,43,34,19.8,2024-04,False
SH2001,V10662,26,23,13.8,2024-06,True
SH2000,V10662,21,17,14.0,2024-05,False
SH2014,V10663,10,5,2.0,2024-04,False
SH2046,V10663,4,3,1.0,2024-08,False
SH2002,V10663,1,0,0.0,2024-02,False
SH2034,V10663,1,0,0.0,2024-01,False
SH2055,V10663,21,16,5.4,2023-11,False
SH2024,V10663,27,20,8.0,2024-10,False
SH2007,V10663,5,2,1.0,2024-05,False
SH2051,V10663,37,26,18.4,2024-01,False
SH2030,V10663,5,2,1.5,2024-01,False
SH2001,V10663,39,29,16.8,2024-10,True
SH2039,V10664,2,0,0.0,2024-04,False
SH2031,V10664,22,15,9.5,2024-02,False
SH2009,V10664,2,1,0.7,2024-07,False
SH2048,V10664,29,21,14.3,2024-04,True
SH2038,V10664,4,2,1.4,2024-03,False
SH2027,V10664,4,3,1.8,2023-11,False
SH2005,V10664,1,0,0.0,2024-08,False
SH2052,V10664,6,5,4.1,2023-11,False
SH2025,V10665,48,28,18.6,2024-04,False
SH2024,V10665,31,17,6.8,2024-04,True
SH2019,V10665,1,0,0.0,2024-06,False
SH2027,V10666,2,1,0.6,2024-01,False
SH2043,V10666,5,4,2.3,2024-09,False
SH2021,V10666,9,8,7.1,2023-12,True
SH2014,V10666,37,29,12.4,2023-11,False
SH2054,V10666,2,1,0.9,2024-03,False
SH2046,V10666,18,13,5.7,2024-10,True
SH2032,V10666,31,26,17.5,2023-11,False
SH2058,V10666,27,18,7.1,2024-08,True
SH2023,V10666,11,8,6.0,2024-08,False
SH2029,V10666,5,2,1.5,2023-12,False
SH2025,V10666,13,11,7.4,2024-03,False
SH2055,V10666,17,14,7.3,2024-02,True
SH2001,V10667,35,23,17.8,2023-12,False
SH2008,V10667,10,8,5.0,2024-08,True
SH2056,V10667,42,36,28.8,2024-04,False
SH2024,V10667,20,9,6.1,2024-07,True
SH2055,V10667,73,51,23.7,2023-12,False
SH2019,V10667,2,1,0.9,2024-04,False
SH2003,V10667,5,4,3.1,2023-12,False
SH2033,V10667,1,0,0.0,2024-06,False
SH2030,V10667,10,7,5.7,2024-08,True
SH2057,V10667,7,4,3.0,2024-08,True
SH2029,V10667,12,10,5.7,2024-03,True
SH2020,V10667,22,13,9.1,2024-09,False
SH2031,V10667,12,7,2.3,2023-11,True
SH2038,V10667,5,2,0.9,2024-09,False
SH2014,V10667,29,23,13.1,2024-05,True
SH2034,V10668,12,8,4.0,2024-10,True
SH2052,V10668,7,5,2.9,2024-01,True
SH2024,V10668,11,5,2.0,2023-11,False
SH2003,V10668,3,2,1.1,2024-08,False
SH2057,V10668,6,4,1.6,2024-01,True
SH2009,V10668,7,4,1.4,2024-03,False
SH2001,V10668,32,16,13.1,2024-05,False
SH2050,V10668,33,24,12.6,2024-09,False
SH2026,V10668,8,7,3.4,2024-09,False
SH2042,V10668,2,1,0.9,2024-09,False
SH2032,V10668,34,25,19.3,2024-01,False
SH2033,V10668,8,5,4.2,2024-09,False
SH2005,V10668,2,1,0.9,2024-09,False
SH2011,V10669,2,0,0.0,2024-04,False
SH2017,V10669,4,1,0.7,2023-11,False
SH2048,V10669,6,2,0.7,2023-11,False
SH2054,V10669,6,3,2.2,2024-06,True
SH2036,V10669,6,4,3.3,2024-08,False
SH2034,V10669,4,3,1.5,2024-04,False
SH2040,V10669,15,12,3.8,2023-11,True
SH2006,V10669,6,4,1.4,2023-12,True
SH2024,V10669,34,24,14.7,2024-04,False
SH2031,V10669,16,10,7.3,2023-11,False
SH2023,V10669,2,1,0.3,2024-08,False
SH2046,V10669,11,6,4.6,2023-12,True
SH2015,V10669,4,3,2.4,2024-06,False
SH2003,V10669,2,1,0.7,2024-04,False
SH2014,V10670,1,0,0.0,2024-05,False
SH2005,V10670,2,1,0.3,2024-06,False
SH2013,V10670,1,0,0.0,2024-02,False
SH2031,V10670,10,6,3.1,2024-03,False
SH2042,V10670,8,4,2.9,2024-09,False
SH2019,V10670,3,1,0.8,2024-08,False
SH2040,V10670,37,31,21.5,2024-10,True
SH2002,V10670,10,9,7.9,2024-09,True
SH2046,V10670,15,11,3.5,2024-06,False
SH2039,V10670,7,5,3.2,2024-01,True
SH2032,V10670,19,15,9.6,2024-10,False
SH2036,V10670,4,3,2.4,2023-11,False
SH2056,V10671,16,12,5.8,2023-11,False
SH2039,V10671,1,0,0.0,2023-11,False
SH2009,V10671,7,5,4.2,2024-01,False
SH2014,V10671,19,11,8.0,2024-06,False
SH2016,V10671,3,1,0.6,2023-12,False
SH2003,V10671,1,0,0.0,2024-06,False
SH2025,V10671,27,16,8.1,2024-01,False
SH2047,V10671,3,2,0.9,2024-06,False
SH2002,V10671,26,11,8.1,2024-10,True
SH2002,V10672,24,16,7.5,2024-08,True
SH2034,V10672,7,2,1.0,2024-01,False
SH2048,V10672,18,14,8.4,2024-03,False
SH2021,V10672,6,2,1.1,2024-05,False
SH2059,V10672,4,2,1.4,2024-01,False
SH2027,V10672,2,1,0.8,2024-09,False
SH2004,V10673,38,28,15.3,2024-07,True
SH2019,V10673,3,2,0.6,2024-08,False
SH2025,V10673,7,3,2.0,2024-03,True
SH2039,V10673,7,5,2.8,2024-10,True
SH2042,V10673,22,8,3.8,2024-06,False
SH2040,V10673,6,4,2.9,2024-10,False
SH2018,V10673,7,6,2.6,2024-02,False
SH2010,V10673,33,24,19.9,2023-12,False
SH2059,V10673,3,1,0.4,2024-07,False
SH2036,V10673,6,3,2.2,2024-09,True
SH2058,V10674,2,1,0.6,2024-04,False
SH2032,V10674,25,16,9.1,2024-06,True
SH2045,V10674,7,4,3.5,2024-03,False
SH2042,V10674,22,13,9.6,2024-03,True
SH2047,V10675,3,2,1.5,2023-12,False
SH2037,V10675,42,37,33.2,2023-11,False
SH2054,V10675,4,2,1.3,2024-07,False
SH2003,V10675,4,3,1.9,2024-07,False
SH2023,V10675,16,13,10.4,2024-02,False
SH2002,V10675,17,13,8.3,2024-01,False
SH2000,V10675,25,19,8.0,2024-03,True
SH2018,V10675,4,2,0.9,2024-04,False
SH2043,V10675,1,0,0.0,2024-09,False
SH2058,V10675,15,9,5.1,2024-03,False
SH2015,V10675,4,3,0.9,2024-01,False
SH2016,V10675,3,2,0.9,2024-07,False
SH2057,V10675,4,3,1.8,2024-04,False
SH2008,V10675,2,1,0.6,2023-11,False
SH2040,V10675,38,28,25.0,2024-10,False
SH2004,V10676,24,21,14.2,2024-04,True
SH2020,V10676,26,16,5.7,2024-04,False
SH2031,V10676,9,8,6.6,2024-10,False
SH2042,V10676,7,3,1.3,2024-06,False
SH2015,V10676,6,4,1.6,2024-10,False
SH2039,V10676,3,2,1.5,2024-08,False
SH2013,V10676,4,1,0.5,2024-10,False
SH2052,V10676,1,0,0.0,2024-09,False
SH2036,V10676,5,0,0.0,2024-08,False
SH2016,V10676,1,0,0.0,2024-09,False
SH2042,V10677,23,12,7.6,2023-11,False
SH2049,V10677,25,22,15.7,2024-03,False
SH2058,V10677,2,1,0.7,2024-05,False
SH2028,V10677,20,14,11.0,2024-04,True
SH2019,V10677,1,0,0.0,2024-09,False
SH2001,V10677,30,17,13.9,2023-11,False
SH2005,V10677,2,1,0.3,2023-12,False
SH2003,V10677,3,2,0.8,2024-06,False
SH2037,V10677,4,3,1.7,2024-10,False
SH2033,V10677,8,7,3.9,2024-01,True
SH2039,V10677,2,1,0.4,2024-09,False
SH2022,V10677,7,4,2.5,2024-03,True
SH2010,V10677,37,33,21.0,2024-06,True
SH2059,V10677,3,2,1.2,2024-07,False
SH2004,V10677,25,19,11.6,2024-08,True
SH2001,V10678,24,21,9.8,2024-01,True
SH2043,V10678,11,7,2.8,2024-03,True
SH2000,V10678,38,28,12.5,2024-09,False
SH2024,V10678,10,7,5.6,2024-03,True
SH2034,V10678,7,5,4.4,2024-05,False
SH2047,V10678,2,1,0.8,2024-02,False
SH2016,V10678,1,0,0.0,2024-08,False
SH2011,V10678,9,7,3.9,2024-02,False
SH2056,V10678,20,9,2.8,2024-01,False
SH2033,V10678,8,5,3.5,2024-07,True
SH2056,V10679,35,13,9.0,2024-02,True
SH2029,V10679,4,3,1.3,2024-03,True
SH2043,V10679,4,3,1.8,2024-05,False
SH2010,V10679,24,21,15.2,2024-10,False
SH2026,V10680,19,8,6.6,2024-03,True
SH2052,V10680,5,4,3.3,2023-11,False
SH2059,V10680,5,3,1.8,2024-03,False
SH2012,V10680,4,2,1.5,2024-06,False
SH2040,V10680,26,22,12.9,2024-10,False
SH2030,V10680,7,5,2.9,2024-08,True
SH2005,V10680,4,3,1.1,2024-10,False
SH2034,V10680,8,4,2.5,2024-06,True
SH2043,V10680,6,4,3.1,2024-07,True
SH2057,V10680,6,2,1.6,2024-04,False
SH2017,V10680,3,2,1.4,2023-11,False
SH2028,V10680,10,8,2.6,2024-05,False
SH2008,V10680,5,2,1.4,2024-08,False
SH2031,V10680,23,12,9.2,2023-11,True
SH2039,V10680,4,3,2.1,2024-04,False
SH2000,V10681,4,2,1.7,2024-02,False
SH2033,V10681,5,2,1.1,2024-03,False
SH2014,V10681,4,1,0.3,2024-10,False
SH2028,V10681,25,19,6.2,2023-12,True
SH2029,V10681,14,7,3.5,2024-02,True
SH2017,V10681,13,10,4.9,2023-12,True
SH2011,V10681,7,5,1.8,2024-09,False
SH2023,V10681,19,11,6.7,2024-06,False
SH2034,V10681,4,2,1.1,2024-07,False
SH2046,V10681,26,20,7.5,2024-10,False
SH2040,V10681,2,1,0.4,2024-06,False
SH2001,V10681,24,21,11.0,2024-06,False
SH2043,V10681,6,4,1.9,2024-03,False
SH2058,V10681,7,5,1.8,2024-03,True
SH2039,V10681,7,5,3.9,2024-10,False
SH2051,V10682,42,30,13.4,2024-04,False
SH2046,V10682,5,3,1.5,2024-07,False
SH2034,V10682,4,3,0.9,2024-05,True
SH2003,V10682,3,2,0.8,2023-11,False
SH2012,V10682,11,6,4.7,2024-10,False
SH2002,V10683,4,2,1.8,2023-12,False
SH2028,V10683,4,3,1.9,2024-03,False
SH2025,V10683,58,36,18.9,2024-03,False
SH2020,V10683,38,35,29.3,2024-04,True
SH2021,V10683,21,19,13.9,2024-01,False
SH2042,V10684,15,13,4.3,2024-06,False
SH2057,V10684,10,7,2.2,2024-03,False
SH2045,V10684,2,0,0.0,2024-04,False
SH2030,V10684,2,1,0.6,2024-07,False
SH2021,V10684,29,25,18.9,2023-11,False
SH2027,V10684,1,0,0.0,2024-09,False
SH2020,V10685,29,11,7.2,2024-07,True
SH2009,V10685,11,6,3.5,2024-04,False
SH2021,V10685,7,5,3.0,2024-09,False
SH2030,V10685,11,9,5.0,2024-10,False
SH2038,V10685,2,1,0.5,2024-07,False
SH2053,V10685,27,21,18.0,2024-10,False
SH2012,V10685,23,16,13.3,2024-10,True
SH2034,V10685,1,0,0.0,2024-07,False
SH2054,V10685,6,4,2.8,2024-04,True
SH2039,V10685,4,2,1.2,2024-10,False
SH2055,V10685,24,22,17.0,2023-11,True
SH2052,V10686,13,6,4.5,2024-05,True
SH2021,V10686,9,4,2.1,2023-11,False
SH2012,V10686,22,17,6.7,2024-05,True
SH2010,V10686,14,9,3.8,2024-06,True
SH2006,V10687,6,3,2.6,2024-06,False
SH2019,V10687,3,2,0.9,2024-10,False
SH2024,V10687,21,11,6.3,2024-05,False
SH2014,V10687,27,12,10.6,2024-03,True
SH2046,V10687,28,27,13.6,2024-03,True
SH2028,V10687,11,8,5.7,2024-07,False
SH2013,V10687,6,4,2.6,2024-07,False
SH2000,V10687,19,16,5.0,2024-07,False
SH2002,V10687,34,25,9.5,2024-02,False
SH2051,V10687,33,18,8.2,2023-12,True
SH2036,V10687,3,2,1.2,2024-05,False
SH2056,V10688,28,20,12.7,2024-05,False
SH2031,V10688,24,19,6.6,2024-05,True
SH2002,V10688,29,20,11.3,2024-10,True
SH2007,V10688,18,14,10.8,2024-01,True
SH2055,V10688,15,13,4.1,2024-06,False
SH2047,V10689,2,1,0.9,2024-02,False
SH2002,V10689,9,5,4.4,2024-03,False
SH2051,V10689,36,33,14.9,2024-10,False
SH2050,V10689,15,12,7.6,2023-11,False
SH2005,V10689,10,7,4.5,2023-12,False
SH2019,V10689,2,1,0.5,2024-06,False
SH2018,V10689,8,6,4.7,2023-11,False
SH2039,V10689,7,4,2.9,2024-02,True
SH2028,V10689,41,30,15.9,2023-11,True
SH2021,V10689,23,17,11.0,2024-02,True
SH2004,V10689,29,17,15.1,2024-10,True
SH2003,V10689,1,0,0.0,2024-01,False
SH2057,V10690,2,0,0.0,2024-04,False
SH2050,V10690,12,10,3.6,2023-11,True
SH2048,V10690,27,12,9.6,2024-07,False
SH2016,V10690,4,2,0.9,2024-03,False
SH2000,V10690,5,4,3.2,2024-02,False
SH2006,V10690,4,3,1.5,2024-02,True
SH2028,V10690,20,11,5.4,2024-01,False
SH2005,V10690,3,2,1.3,2024-10,False
SH2040,V10690,10,8,5.5,2024-02,False
SH2043,V10690,14,13,9.5,2024-01,True
SH2029,V10690,1,0,0.0,2024-04,False
SH2057,V10691,5,2,0.8,2024-06,False
SH2007,V10691,24,17,13.0,2024-06,True
SH2039,V10691,2,1,0.5,2024-09,False
SH2019,V10691,1,0,0.0,2024-05,False
SH2003,V10691,1,0,0.0,2024-04,False
SH2050,V10691,16,13,4.5,2024-05,False
SH2045,V10691,38,35,18.9,2023-12,False
SH2044,V10691,1,0,0.0,2024-09,False
SH2038,V10691,7,5,3.8,2024-04,True
SH2046,V10691,10,8,3.1,2024-09,False
SH2008,V10691,10,8,4.0,2024-02,False
SH2047,V10692,2,1,0.4,2024-05,False
SH2038,V10692,2,1,0.8,2024-04,False
SH2041,V10692,9,7,6.2,2024-05,True
SH2046,V10692,17,12,9.3,2024-07,False
SH2005,V10692,3,2,1.2,2023-11,False
SH2012,V10692,17,10,7.3,2023-11,False
SH2036,V10692,1,0,0.0,2024-01,False
SH2003,V10692,2,1,0.9,2024-02,False
SH2017,V10692,8,5,2.0,2024-04,True
SH2009,V10692,16,10,6.2,2023-11,False
SH2009,V10693,16,14,11.3,2024-05,False
SH2024,V10693,44,24,16.7,2024-03,False
SH2019,V10693,3,2,1.5,2024-03,False
SH2031,V10694,21,4,1.9,2024-10,False
SH2057,V10694,12,6,4.1,2023-11,True
SH2049,V10694,42,29,12.3,2024-03,False
SH2017,V10694,19,14,4.6,2024-08,False
SH2029,V10694,4,1,0.4,2024-05,False
SH2009,V10694,13,10,7.0,2024-09,True
SH2000,V10694,21,8,3.5,2024-07,False
SH2020,V10694,45,33,17.4,2024-05,False
SH2045,V10694,46,43,26.0,2024-08,True
SH2010,V10694,3,2,1.3,2024-10,False
SH2055,V10694,32,21,16.4,2023-12,False
SH2001,V10694,25,22,14.6,2024-10,False
SH2047,V10695,3,2,0.7,2024-06,False
SH2046,V10695,17,14,6.0,2023-12,False
SH2040,V10695,21,16,5.9,2024-01,False
SH2008,V10695,7,4,1.9,2024-09,True
SH2043,V10695,19,8,3.4,2023-11,False
SH2053,V10695,34,22,10.3,2024-10,False
SH2005,V10695,6,5,3.7,2023-11,True
SH2037,V10695,12,11,3.8,2024-03,True
SH2054,V10695,1,0,0.0,2024-04,False
SH2003,V10695,5,4,2.2,2023-12,True
SH2016,V10696,3,2,1.1,2024-06,False
SH2010,V10696,20,13,10.7,2024-07,False
SH2014,V10696,44,32,11.1,2024-03,True
SH2030,V10697,1,0,0.0,2024-01,False
SH2017,V10697,13,10,4.9,2023-12,True
SH2037,V10697,11,3,2.1,2024-09,True
SH2000,V10697,5,1,0.6,2024-10,False
SH2021,V10697,24,21,15.1,2024-08,False
SH2058,V10697,29,26,13.3,2024-08,False
SH2013,V10697,3,1,0.7,2024-04,False
SH2034,V10697,5,3,2.5,2024-08,False
SH2040,V10697,15,11,4.7,2023-12,True
SH2018,V10697,5,3,2.5,2024-08,False
SH2027,V10697,3,1,0.7,2024-10,False
SH2017,V10698,27,19,6.4,2024-01,False
SH2046,V10698,17,16,7.8,2024-06,True
SH2054,V10698,3,2,0.8,2024-10,False
SH2012,V10698,19,15,9.2,2023-12,False
SH2007,V10698,11,7,5.9,2024-07,True
SH2056,V10698,25,16,14.4,2024-05,True
SH2027,V10698,2,1,0.4,2024-09,False
SH2020,V10698,23,18,11.3,2024-01,True
SH2018,V10698,3,2,1.4,2024-05,False
SH2039,V10698,1,0,0.0,2024-02,False
SH2008,V10698,6,3,1.0,2024-02,False
SH2056,V10699,41,32,10.2,2024-05,True
SH2030,V10699,7,5,3.4,2024-04,False
SH2018,V10699,2,1,0.8,2024-09,False
SH2027,V10699,4,3,1.5,2024-05,True
SH2019,V10699,1,0,0.0,2024-03,False
SH2048,V10699,46,25,18.7,2023-12,False
SH2020,V10699,12,9,6.3,2024-10,False
SH2045,V10699,30,26,7.8,2024-10,True
SH2005,V10699,5,4,2.1,2024-03,True
SH2008,V10699,8,6,5.3,2024-06,True
SH2013,V10699,1,0,0.0,2024-09,False
SH2054,V10699,6,4,2.6,2024-06,False
SH2046,V10699,4,2,1.2,2024-02,False
SH2042,V10699,2,1,0.6,2024-09,False
SH2007,V10700,3,2,0.7,2023-11,False
SH2052,V10700,11,9,8.0,2024-08,False
SH2018,V10700,5,2,1.6,2024-01,False
SH2011,V10700,4,2,1.0,2024-08,False
SH2004,V10700,6,2,1.3,2024-04,False
SH2045,V10701,13,12,10.0,2024-04,True
SH2044,V10701,4,3,2.1,2024-05,False
SH2031,V10701,22,20,15.2,2024-02,False
SH2047,V10701,3,1,0.6,2024-03,False
SH2050,V10701,24,20,7.4,2024-02,False
SH2026,V10701,27,22,17.1,2024-04,False
SH2015,V10702,4,3,1.4,2024-02,True
SH2027,V10702,2,1,0.6,2024-07,False
SH2019,V10702,3,2,1.4,2023-11,False
SH2046,V10702,18,12,10.2,2024-04,False
SH2052,V10702,1,0,0.0,2024-07,False
SH2057,V10702,9,5,3.8,2024-03,False
SH2004,V10702,7,4,2.4,2024-08,True
SH2008,V10702,4,2,1.4,2023-11,False
SH2010,V10702,13,7,3.0,2024-07,False
SH2009,V10702,11,10,6.7,2024-10,True
SH2042,V10702,6,4,2.7,2024-06,False
SH2036,V10702,2,1,0.4,2024-06,False
SH2007,V10702,5,4,3.0,2024-04,True
SH2059,V10703,4,2,0.6,2023-11,False
SH2051,V10703,25,15,10.0,2024-09,False
SH2040,V10703,17,12,8.6,2023-12,True
SH2026,V10703,21,15,5.6,2023-12,False
SH2007,V10703,42,39,19.2,2024-03,False
SH2010,V10703,19,13,6.9,2024-03,False
SH2022,V10704,2,1,0.4,2024-09,False
SH2010,V10704,2,1,0.5,2024-05,False
SH2045,V10704,21,15,9.3,2024-09,True
SH2017,V10704,19,17,10.8,2024-05,False
SH2058,V10704,3,2,1.2,2024-10,False
SH2003,V10704,5,3,1.5,2024-01,True
SH2021,V10704,5,3,2.6,2024-05,False
SH2033,V10704,4,3,2.5,2024-08,False
SH2014,V10704,30,23,19.0,2024-10,True
SH2055,V10704,20,16,7.8,2023-12,False
SH2026,V10705,5,3,2.0,2024-03,True
SH2028,V10705,5,2,1.2,2024-08,False
SH2031,V10705,5,2,0.7,2023-12,False
SH2045,V10705,16,15,6.1,2024-05,False
SH2053,V10705,5,4,3.4,2023-12,True
SH2009,V10705,8,5,2.0,2024-09,True
SH2038,V10705,5,3,1.2,2024-04,False
SH2033,V10705,1,0,0.0,2024-09,False
SH2032,V10705,31,24,21.2,2023-11,False
SH2059,V10705,1,0,0.0,2024-03,False
SH2020,V10705,15,12,8.5,2024-05,True
SH2015,V10705,7,2,1.8,2024-01,False
SH2008,V10705,1,0,0.0,2024-07,False
SH2019,V10705,1,0,0.0,2023-12,False
SH2017,V10706,20,16,9.5,2024-02,False
SH2026,V10706,2,1,0.6,2024-09,False
SH2004,V10706,55,46,22.6,2024-03,True
SH2038,V10706,1,0,0.0,2024-01,False
SH2042,V10706,4,3,1.0,2024-03,False
SH2019,V10706,2,1,0.5,2024-03,False
SH2043,V10706,16,8,4.0,2024-08,False
SH2013,V10706,7,3,1.3,2024-10,False
SH2010,V10706,29,16,10.0,2023-12,True
SH2052,V10707,12,8,6.2,2023-11,True
SH2021,V10707,8,4,1.4,2024-07,False
SH2044,V10707,5,3,1.5,2024-09,True
SH2033,V10707,3,2,1.0,2024-09,False
SH2017,V10707,6,1,0.6,2024-02,False
SH2025,V10707,8,6,5.3,2024-07,False
SH2002,V10708,4,3,1.5,2024-06,True
SH2055,V10708,21,10,7.7,2024-05,False
SH2015,V10708,6,3,1.2,2024-10,True
SH2053,V10709,9,6,2.2,2024-09,True
SH2005,V10709,3,2,1.5,2023-12,False
SH2034,V10709,10,6,5.4,2024-04,True
SH2052,V10709,12,9,3.4,2024-08,True
SH2008,V10709,4,3,1.1,2024-01,False
SH2022,V10709,8,6,2.9,2024-04,False
SH2048,V10709,39,32,21.9,2024-10,False
SH2036,V10709,4,2,1.4,2024-07,False
SH2038,V10709,6,4,3.3,2024-05,False
SH2017,V10710,24,14,9.4,2024-08,True
SH2059,V10710,3,2,1.2,2023-11,False
SH2055,V10710,33,14,7.5,2024-01,False
SH2003,V10710,1,0,0.0,2024-05,False
SH2041,V10710,27,9,7.4,2024-05,False
SH2015,V10710,4,2,0.6,2023-11,False
SH2018,V10710,3,1,0.6,2024-02,False
SH2039,V10710,8,2,1.2,2024-10,False
SH2042,V10711,28,20,7.2,2024-02,True
SH2032,V10711,25,18,5.9,2023-11,True
SH2027,V10711,4,2,1.8,2024-08,False
SH2059,V10711,1,0,0.0,2024-01,False
SH2030,V10711,9,5,1.9,2024-09,False
SH2010,V10711,17,9,4.9,2024-05,True
SH2037,V10711,46,40,21.0,2024-01,True
SH2034,V10711,7,4,2.3,2023-11,True
SH2026,V10711,4,3,1.3,2024-09,False
SH2008,V10711,1,0,0.0,2024-05,False
SH2046,V10711,24,20,13.9,2024-03,True
SH2026,V10712,17,15,11.7,2024-02,False
SH2057,V10712,6,5,2.5,2024-09,True
SH2014,V10712,38,34,28.6,2024-02,True
SH2029,V10712,14,9,5.3,2024-03,False
SH2001,V10712,16,8,2.9,2024-01,False
SH2040,V10712,28,20,8.6,2023-12,False
SH2024,V10713,29,15,11.0,2024-01,False
SH2052,V10713,12,11,9.1,2024-08,False
SH2030,V10713,8,5,2.2,2024-04,True
SH2058,V10713,8,6,5.2,2023-11,False
SH2021,V10713,22,10,7.7,2024-08,False
SH2043,V10713,3,2,1.6,2023-12,False
SH2023,V10713,7,1,0.6,2024-03,False
SH2018,V10713,7,4,1.4,2024-04,False
SH2006,V10713,6,3,1.6,2024-07,False
SH2009,V10713,1,0,0.0,2024-02,False
SH2027,V10713,3,1,0.6,2024-05,False
SH2041,V10713,17,13,11.1,2024-02,False
SH2020,V10713,14,10,6.8,2024-10,True
SH2036,V10713,3,2,1.1,2023-11,False
SH2055,V10714,20,17,10.1,2024-04,False
SH2045,V10714,41,32,25.3,2024-05,True
SH2049,V10714,1,0,0.0,2023-12,False
SH2000,V10714,23,15,5.1,2024-04,True
SH2028,V10714,6,5,4.4,2024-07,False
SH2020,V10714,13,7,4.1,2023-12,False
SH2042,V10714,2,0,0.0,2024-05,False
SH2041,V10714,25,19,13.8,2024-04,False
SH2047,V10715,3,2,1.6,2024-09,False
SH2025,V10715,44,42,18.5,2024-04,False
SH2019,V10715,2,1,0.9,2024-03,False
SH2042,V10715,12,9,5.5,2024-08,False
SH2038,V10715,4,3,1.0,2024-05,False
SH2053,V10715,23,8,5.6,2024-10,False
SH2032,V10715,21,17,5.4,2024-08,False
SH2048,V10715,34,19,12.1,2024-09,True
SH2059,V10715,1,0,0.0,2024-08,False
SH2051,V10715,16,12,4.1,2024-07,True
SH2028,V10716,16,8,6.0,2024-05,True
SH2030,V10716,11,9,3.6,2023-12,False
SH2042,V10716,24,10,5.6,2024-01,True
SH2048,V10716,1,0,0.0,2024-07,False
SH2005,V10716,8,5,1.8,2024-10,False
SH2011,V10716,8,4,2.0,2024-04,False
SH2052,V10716,7,6,4.8,2023-11,True
SH2057,V10716,7,6,2.8,2024-09,False
SH2001,V10717,3,2,1.3,2024-09,False
SH2007,V10717,44,38,27.4,2023-11,True
SH2004,V10717,16,10,5.2,2024-09,False
SH2027,V10717,3,2,1.1,2024-05,False
SH2053,V10717,27,13,6.2,2024-09,False
SH2043,V10717,2,1,0.6,2024-03,False
SH2054,V10717,5,3,1.1,2024-07,True
SH2006,V10717,1,0,0.0,2024-04,False
SH2016,V10717,3,2,1.8,2024-05,False
SH2050,V10717,1,0,0.0,2024-10,False
SH2017,V10717,4,3,2.2,2024-02,False
SH2059,V10717,4,3,2.5,2023-12,False
SH2046,V10717,11,7,4.7,2024-06,True
SH2009,V10718,3,1,0.4,2024-10,False
SH2054,V10718,9,5,2.3,2024-02,False
SH2025,V10718,57,36,11.0,2024-10,False
SH2013,V10719,7,5,2.4,2024-08,False
SH2026,V10719,29,16,7.1,2023-12,True
SH2033,V10719,8,4,2.8,2024-05,False
SH2016,V10719,3,2,1.6,2024-01,False
SH2008,V10719,11,5,2.0,2024-06,False
SH2015,V10719,1,0,0.0,2024-04,False
SH2027,V10719,2,1,0.5,2024-08,False
SH2001,V10719,36,19,11.4,2024-08,False
SH2022,V10719,3,2,0.8,2024-07,False
SH2039,V10719,3,2,0.9,2024-06,False
SH2000,V10719,40,18,15.3,2024-02,True
SH2017,V10719,18,7,3.7,2024-08,False
SH2018,V10719,3,1,0.3,2024-03,False
SH2057,V10719,2,1,0.6,2024-10,False
SH2052,V10719,2,1,0.7,2024-05,False
SH2010,V10720,4,2,1.8,2024-02,False
SH2018,V10720,7,5,4.1,2024-01,True
SH2040,V10720,44,19,8.7,2024-07,True
SH2033,V10720,4,2,1.5,2024-02,False
SH2009,V10720,5,4,3.3,2024-09,True
SH2019,V10720,1,0,0.0,2024-09,False
SH2044,V10720,3,1,0.4,2024-10,False
SH2000,V10720,33,31,15.9,2024-06,True
SH2023,V10720,12,8,4.5,2023-11,True
SH2026,V10720,17,13,4.8,2023-11,False
SH2036,V10720,5,2,0.7,2024-06,False
SH2027,V10720,1,0,0.0,2023-11,False
SH2017,V10721,14,11,9.6,2024-03,True
SH2040,V10721,24,21,12.9,2024-01,True
SH2024,V10721,21,18,12.2,2024-06,False
SH2033,V10722,4,3,1.1,2024-04,False
SH2003,V10722,4,2,1.8,2024-05,False
SH2024,V10722,13,10,8.2,2024-03,True
SH2019,V10722,3,2,1.5,2024-04,False
SH2018,V10723,6,4,3.4,2024-05,False
SH2044,V10723,7,5,1.7,2024-01,False
SH2030,V10723,1,0,0.0,2024-08,False
SH2033,V10723,7,4,2.7,2023-12,True
SH2029,V10723,11,7,4.2,2024-05,False
SH2052,V10723,6,4,2.4,2024-03,True
SH2051,V10723,57,39,26.0,2024-03,True
SH2024,V10723,20,11,6.0,2024-06,True
SH2027,V10723,4,3,2.2,2024-10,False
SH2057,V10723,5,2,0.9,2024-04,False
SH2023,V10723,16,13,6.4,2024-04,True
SH2047,V10723,4,2,1.1,2024-05,False
SH2054,V10723,5,2,1.6,2024-02,False
SH2020,V10723,3,2,1.3,2024-08,False
SH2019,V10724,2,0,0.0,2024-04,False
SH2000,V10724,27,20,16.8,2024-06,True
SH2001,V10724,32,27,15.0,2024-07,False
SH2007,V10724,26,22,10.0,2024-10,True
SH2029,V10724,12,4,1.8,2024-06,False
SH2036,V10724,6,4,2.9,2024-07,True
SH2059,V10724,2,1,0.7,2023-12,False
SH2003,V10725,3,2,0.9,2023-11,False
SH2048,V10725,14,10,6.1,2024-08,False
SH2057,V10725,10,8,6.0,2024-07,False
SH2051,V10725,1,0,0.0,2024-09,False
SH2022,V10725,8,5,2.7,2024-10,True
SH2005,V10725,3,2,1.7,2024-06,False
SH2054,V10725,8,4,1.9,2024-10,True
SH2059,V10726,2,1,0.4,2024-02,False
SH2016,V10726,1,0,0.0,2024-08,False
SH2036,V10726,1,0,0.0,2024-06,False
SH2054,V10726,5,3,1.3,2024-09,False
SH2006,V10726,3,2,1.0,2024-09,False
SH2046,V10727,4,3,2.4,2024-10,False
SH2041,V10727,3,2,1.2,2024-04,False
SH2032,V10727,35,26,13.5,2024-08,True
SH2026,V10727,3,2,1.3,2024-07,False
SH2014,V10727,34,25,18.2,2024-01,False
SH2059,V10727,4,2,0.8,2024-07,False
SH2028,V10727,23,19,15.6,2024-06,False
SH2003,V10728,4,3,1.6,2023-12,False
SH2018,V10728,1,0,0.0,2023-12,False
SH2056,V10728,11,3,2.5,2024-08,False
SH2030,V10728,9,7,3.5,2024-06,False
SH2055,V10728,24,17,6.2,2024-07,True
SH2052,V10728,9,5,4.2,2024-01,True
SH2050,V10728,26,13,5.3,2024-08,True
SH2002,V10728,5,4,1.3,2024-06,False
SH2004,V10728,11,8,7.1,2024-04,False
SH2012,V10728,5,4,2.9,2024-07,False
SH2047,V10728,2,0,0.0,2024-02,False
SH2049,V10728,19,13,5.3,2024-07,False
SH2009,V10728,21,18,13.2,2024-04,True
SH2022,V10728,4,2,1.6,2024-01,False
SH2046,V10729,30,21,16.5,2024-01,False
SH2001,V10729,12,6,3.0,2023-11,True
SH2027,V10729,4,2,1.1,2024-01,False
SH2010,V10729,26,23,7.8,2024-10,False
SH2012,V10729,1,0,0.0,2024-05,False
SH2008,V10729,3,1,0.8,2024-05,False
SH2058,V10729,19,13,9.8,2024-04,False
SH2051,V10729,4,3,2.4,2024-02,True
SH2042,V10729,25,16,8.2,2024-02,False
SH2014,V10729,1,0,0.0,2024-09,False
SH2030,V10729,1,0,0.0,2024-05,False
SH2037,V10730,47,38,15.4,2024-10,False
SH2014,V10730,3,1,0.7,2023-11,False
SH2036,V10730,1,0,0.0,2023-12,False
SH2047,V10730,2,1,0.6,2023-12,False
SH2033,V10730,1,0,0.0,2024-01,False
SH2020,V10730,39,19,12.2,2024-10,False
SH2007,V10731,22,20,15.3,2024-03,False
SH2000,V10731,43,18,7.3,2024-07,False
SH2050,V10731,16,12,3.8,2024-07,False
SH2052,V10731,11,10,4.3,2024-03,True
SH2014,V10731,23,18,7.2,2024-07,True
SH2038,V10731,5,3,2.4,2024-05,True
SH2057,V10731,12,6,4.2,2024-02,False
SH2040,V10731,24,11,9.4,2024-01,False
SH2027,V10731,4,2,1.0,2024-03,False
SH2038,V10732,4,2,1.1,2024-01,False
SH2024,V10732,15,10,7.2,2024-10,False
SH2028,V10732,25,18,9.5,2024-02,False
SH2013,V10732,1,0,0.0,2024-08,False
SH2025,V10732,52,36,13.0,2024-03,True
SH2052,V10732,6,4,1.4,2023-12,True
SH2032,V10732,6,3,1.1,2024-10,False
SH2046,V10732,3,2,0.8,2024-04,False
SH2030,V10732,4,2,1.7,2023-11,False
SH2008,V10732,10,7,3.6,2024-07,False
SH2001,V10732,18,11,9.0,2024-07,True
SH2053,V10732,1,0,0.0,2024-09,False
SH2034,V10732,8,3,1.0,2024-08,False
SH2019,V10733,2,1,0.9,2024-10,False
SH2044,V10733,6,5,2.9,2024-05,False
SH2043,V10733,14,11,6.2,2024-01,True
SH2028,V10733,40,26,20.2,2024-09,False
SH2045,V10733,35,22,11.6,2024-05,False
SH2050,V10733,33,31,25.5,2024-06,False
SH2001,V10733,24,17,13.9,2024-10,False
SH2003,V10733,5,2,0.7,2024-04,False
SH2000,V10733,48,39,23.4,2024-10,False
SH2052,V10733,6,4,1.7,2024-07,False
SH2032,V10734,13,10,3.7,2023-11,True
SH2006,V10734,2,0,0.0,2024-07,False
SH2039,V10734,4,3,1.2,2024-05,False
SH2018,V10734,5,3,2.6,2024-09,True
SH2051,V10734,33,24,14.2,2024-07,False
SH2037,V10734,9,4,1.3,2024-09,True
SH2043,V10734,5,4,1.2,2024-05,False
SH2017,V10734,28,19,8.1,2024-10,False
SH2056,V10734,21,15,10.8,2024-02,False
SH2020,V10734,49,43,24.0,2024-01,True
SH2029,V10734,8,7,3.4,2024-06,False
SH2022,V10734,5,4,1.7,2024-03,False
SH2031,V10734,23,20,7.3,2023-12,False
SH2023,V10734,12,7,4.9,2023-12,False
SH2000,V10735,67,62,40.8,2024-09,False
SH2050,V10735,14,11,3.3,2024-01,False
SH2045,V10735,19,10,5.2,2024-06,False
SH2059,V10735,5,4,1.7,2023-12,True
SH2018,V10735,2,1,0.4,2024-04,False
SH2020,V10735,36,18,6.0,2024-09,False
SH2036,V10736,1,0,0.0,2024-04,False
SH2004,V10736,53,35,13.1,2024-06,False
SH2048,V10736,3,2,0.9,2024-01,False
SH2055,V10736,28,23,16.6,2024-02,True
SH2002,V10736,15,12,8.1,2024-06,True
SH2010,V10736,29,18,11.5,2024-07,False
SH2015,V10736,4,1,0.6,2023-11,False
SH2043,V10736,6,3,2.4,2024-08,False
SH2013,V10736,3,1,0.8,2024-04,False
SH2005,V10736,9,7,4.1,2023-12,False
SH2000,V10736,56,48,30.2,2024-09,True
SH2049,V10736,3,1,0.4,2024-06,False
SH2008,V10736,11,10,3.2,2024-02,False
SH2028,V10736,46,31,19.6,2024-07,False
SH2037,V10737,14,12,6.9,2024-09,True
SH2012,V10737,4,2,0.9,2024-07,False
SH2045,V10737,41,32,19.8,2024-01,False
SH2027,V10737,1,0,0.0,2023-11,False
SH2024,V10737,33,24,12.1,2024-05,True
SH2005,V10737,1,0,0.0,2024-06,False
SH2016,V10737,1,0,0.0,2024-01,False
SH2021,V10737,20,16,7.0,2024-05,False
SH2044,V10737,6,3,1.8,2024-03,False
SH2041,V10737,29,14,6.9,2024-03,False
SH2051,V10737,43,37,16.6,2024-10,True
SH2022,V10737,1,0,0.0,2024-03,False
SH2036,V10737,6,5,2.2,2023-11,True
SH2052,V10737,4,2,1.1,2024-07,False
SH2032,V10738,38,31,20.9,2024-04,False
SH2031,V10738,9,7,2.1,2024-01,False
SH2000,V10738,67,52,16.3,2024-04,False
SH2025,V10738,15,7,5.0,2024-05,False
SH2056,V10738,10,4,2.6,2024-04,True
SH2058,V10738,11,7,2.1,2024-02,False
SH2059,V10738,2,1,0.4,2024-01,False
SH2023,V10738,14,9,7.1,2024-01,False
SH2028,V10738,17,10,4.2,2024-10,True
SH2009,V10738,8,6,4.3,2024-01,False
SH2018,V10738,3,2,1.7,2023-11,False
SH2059,V10739,5,4,1.3,2024-10,False
SH2058,V10739,16,11,3.8,2024-10,True
SH2017,V10739,15,10,8.4,2024-05,False
SH2053,V10739,17,9,2.7,2024-09,True
SH2009,V10739,1,0,0.0,2024-01,False
SH2038,V10739,2,1,0.9,2024-10,False
SH2029,V10739,14,11,7.1,2023-11,True
SH2012,V10739,18,12,6.4,2024-03,False
SH2055,V10739,41,33,10.2,2024-02,False
SH2044,V10740,4,3,1.8,2024-06,True
SH2048,V10740,39,25,18.8,2024-04,True
SH2023,V10740,22,16,5.4,2023-11,True
SH2037,V10740,44,39,31.8,2024-06,True
SH2010,V10740,27,22,12.0,2024-04,False
SH2040,V10740,5,3,1.9,2023-11,False
SH2001,V10740,24,18,7.8,2024-08,False
SH2015,V10740,1,0,0.0,2024-07,False
SH2026,V10740,25,15,8.1,2024-06,True
SH2032,V10740,22,6,4.2,2024-09,False
SH2000,V10740,36,30,15.7,2024-09,False
SH2008,V10740,9,6,2.3,2024-06,False
SH2054,V10740,7,6,2.2,2023-12,False
SH2039,V10740,7,6,3.5,2024-05,False
SH2049,V10740,2,1,0.6,2024-01,False
SH2024,V10741,29,27,14.6,2024-02,True
SH2047,V10741,2,1,0.5,2024-04,False
SH2059,V10741,3,1,0.7,2024-09,False
SH2042,V10741,13,5,3.5,2024-05,False
SH2048,V10741,30,27,19.7,2024-09,False
SH2050,V10742,3,1,0.7,2024-04,False
SH2045,V10742,31,13,5.2,2024-04,True
SH2041,V10742,1,0,0.0,2024-06,False
SH2018,V10742,8,6,4.6,2024-04,True
SH2025,V10742,35,33,24.6,2024-09,False
SH2057,V10742,5,3,1.3,2024-03,True
SH2020,V10742,48,42,20.1,2024-05,True
SH2002,V10742,39,37,26.6,2024-06,False
SH2017,V10742,5,2,1.0,2024-09,False
SH2059,V10743,1,0,0.0,2023-12,False
SH2055,V10743,68,45,23.5,2024-05,False
SH2001,V10743,36,25,22.2,2024-07,True
SH2049,V10743,34,30,20.7,2024-10,False
SH2007,V10743,6,5,4.1,2024-07,True
SH2038,V10743,8,7,4.0,2024-02,True
SH2039,V10743,7,4,1.5,2024-08,False
SH2017,V10743,30,19,11.3,2024-03,True
SH2002,V10743,4,3,2.6,2024-09,False
SH2036,V10743,5,4,2.4,2024-10,True
SH2030,V10743,5,2,0.7,2024-02,False
SH2040,V10743,3,1,0.7,2024-01,False
SH2052,V10743,9,5,1.6,2024-05,False
SH2048,V10743,42,29,18.3,2024-07,False
SH2029,V10743,4,3,1.4,2024-10,False
SH2011,V10744,3,1,0.7,2023-12,False
SH2042,V10744,2,1,0.5,2024-02,False
SH2019,V10744,2,1,0.5,2024-04,False
SH2021,V10744,36,29,16.4,2024-04,False
SH2053,V10744,1,0,0.0,2024-08,False
SH2053,V10745,30,27,13.3,2024-10,True
SH2019,V10745,2,1,0.5,2024-08,False
SH2045,V10745,19,17,10.6,2024-03,True
SH2022,V10745,5,4,2.7,2023-11,True
SH2048,V10745,21,12,10.6,2024-06,True
SH2027,V10745,3,2,1.4,2024-02,False
SH2020,V10745,18,11,9.4,2024-04,False
SH2055,V10745,46,29,20.5,2024-08,False
SH2044,V10745,3,2,1.3,2024-08,False
SH2031,V10745,13,11,8.9,2024-08,True
SH2008,V10745,3,2,1.7,2024-09,False
SH2034,V10745,5,3,2.6,2024-10,False
SH2017,V10745,3,2,1.5,2024-08,False
SH2038,V10745,2,1,0.7,2024-09,False
SH2010,V10746,14,6,4.0,2024-08,False
SH2029,V10746,9,6,4.2,2024-08,True
SH2007,V10746,14,9,6.4,2024-02,False
SH2043,V10747,7,6,2.8,2024-04,False
SH2001,V10747,25,21,9.6,2023-12,False
SH2048,V10747,37,36,12.1,2024-10,False
SH2039,V10748,5,4,3.4,2024-02,False
SH2055,V10748,53,38,21.9,2024-05,False
SH2012,V10748,23,16,6.9,2024-10,True
SH2057,V10748,9,5,2.9,2024-03,True
SH2044,V10748,1,0,0.0,2024-02,False
SH2014,V10748,5,4,1.8,2024-10,False
SH2026,V10748,15,8,6.7,2024-04,False
SH2030,V10748,5,3,2.2,2024-04,False
SH2048,V10748,8,5,3.4,2024-02,False
SH2027,V10748,2,0,0.0,2024-03,False
SH2038,V10748,4,3,2.6,2024-08,False
SH2009,V10748,16,12,9.2,2024-02,False
SH2007,V10748,42,26,21.6,2024-10,False
SH2034,V10748,4,2,1.8,2023-11,False
SH2023,V10749,19,12,7.4,2024-01,False
SH2037,V10749,46,25,19.6,2024-02,False
SH2003,V10749,1,0,0.0,2024-07,False
SH2017,V10749,5,4,1.4,2024-06,True
SH2034,V10749,5,3,2.2,2024-03,True
SH2048,V10749,23,10,8.7,2024-02,True
SH2026,V10749,24,12,3.9,2024-10,True
SH2006,V10100,4,2,1.4,2024-07,False
SH2042,V10100,29,22,11.5,2023-11,True
SH2030,V10100,2,1,0.8,2024-03,False
SH2014,V10100,2,0,0.0,2024-04,False
SH2005,V10100,6,4,3.3,2024-02,True
SH2044,V10100,2,1,0.5,2024-03,False
SH2022,V10100,2,0,0.0,2024-07,False
SH2028,V10100,24,18,5.5,2024-05,False
SH2049,V10100,23,18,14.4,2023-12,True
SH2004,V10100,31,23,11.2,2024-05,False
SH2024,V10100,16,14,4.2,2024-01,True
SH2012,V10100,8,5,2.6,2024-07,False
SH2059,V10751,3,2,0.8,2024-01,False
SH2039,V10751,2,0,0.0,2024-02,False
SH2016,V10751,3,2,0.7,2023-11,False
SH2004,V10751,3,2,1.6,2024-02,False
SH2041,V10751,28,27,11.6,2023-12,True
SH2019,V10751,1,0,0.0,2024-07,False
SH2051,V10751,19,12,10.3,2024-05,True
SH2018,V10751,8,6,4.4,2024-03,True
SH2032,V10751,6,4,1.2,2024-06,True
SH2038,V10751,2,1,0.9,2023-12,False
SH2009,V10752,11,5,1.9,2024-03,False
SH2005,V10752,2,1,0.6,2023-12,False
SH2045,V10752,43,37,32.5,2024-02,False
SH2051,V10753,46,31,20.6,2024-02,True
SH2005,V10753,4,3,1.3,2024-02,False
SH2020,V10753,12,8,6.0,2024-03,False
SH2053,V10754,42,35,18.5,2024-03,False
SH2048,V10754,30,25,10.8,2024-10,False
SH2056,V10754,3,2,0.9,2024-01,False
SH2045,V10754,24,10,3.6,2023-12,False
SH2041,V10754,25,24,15.9,2024-06,False
SH2043,V10754,4,3,1.0,2024-07,False
SH2059,V10754,6,5,3.2,2024-01,False
SH2052,V10754,2,1,0.8,2024-05,False
SH2021,V10754,30,20,8.4,2023-11,True
SH2001,V10754,1,0,0.0,2024-10,False
SH2011,V10754,8,6,2.8,2024-04,False
SH2033,V10754,5,4,2.2,2024-06,True
SH2002,V10754,34,27,21.9,2024-10,True
SH2016,V10755,1,0,0.0,2023-11,False
SH2047,V10755,1,0,0.0,2024-05,False
SH2046,V10755,14,9,6.0,2024-02,True
SH2021,V10755,23,15,8.3,2024-03,True
SH2051,V10755,17,10,3.5,2024-01,True
SH2005,V10755,5,3,1.0,2024-10,False
SH2036,V10755,5,4,3.3,2023-11,False
SH2045,V10755,38,26,17.0,2024-08,False
SH2039,V10755,1,0,0.0,2024-06,False
SH2031,V10755,8,4,1.7,2024-10,False
SH2020,V10755,18,16,10.2,2024-05,False
SH2006,V10755,6,3,2.2,2024-10,True
SH2029,V10755,3,1,0.4,2024-05,False
SH2031,V10756,6,4,2.3,2023-11,False
SH2018,V10756,1,0,0.0,2024-04,False
SH2025,V10756,52,48,16.2,2023-12,False
SH2000,V10756,61,26,15.3,2024-08,True
SH2056,V10756,4,3,1.1,2023-11,True
SH2021,V10756,7,4,2.0,2023-11,False
SH2015,V10756,5,3,2.3,2024-06,True
SH2029,V10757,2,1,0.5,2024-03,False
SH2023,V10757,3,2,1.4,2024-05,False
SH2003,V10757,1,0,0.0,2024-06,False
SH2039,V10757,5,4,2.8,2024-10,True
SH2002,V10757,24,14,7.4,2024-09,False
SH2027,V10757,1,0,0.0,2024-01,False
SH2028,V10758,13,8,3.8,2024-01,True
SH2012,V10758,5,4,3.4,2024-07,False
SH2031,V10758,22,7,2.5,2024-01,True
SH2055,V10759,70,43,31.2,2024-10,False
SH2032,V10759,8,7,4.2,2023-12,True
SH2044,V10759,4,2,1.2,2024-10,False
SH2008,V10759,9,5,3.8,2024-01,True
SH2004,V10759,55,31,24.8,2024-05,False
SH2005,V10760,3,2,1.2,2024-10,False
SH2057,V10760,5,1,0.4,2024-08,False
SH2026,V10760,14,10,8.4,2024-06,True
SH2010,V10761,32,26,15.0,2024-08,False
SH2020,V10761,15,6,5.2,2024-09,False
SH2013,V10761,1,0,0.0,2023-11,False
SH2017,V10761,25,17,6.5,2024-05,True
SH2041,V10761,6,4,2.0,2024-09,True
SH2044,V10761,2,1,0.5,2024-02,False
SH2025,V10761,14,6,3.4,2024-09,False
SH2032,V10761,20,16,10.2,2024-06,False
SH2012,V10761,8,6,4.1,2024-10,False
SH2042,V10761,7,3,1.4,2024-07,True
SH2054,V10762,3,1,0.7,2024-05,False
SH2045,V10762,9,4,1.8,2024-02,False
SH2046,V10762,18,13,11.4,2024-04,True
SH2029,V10762,12,5,1.8,2024-02,False
SH2007,V10762,29,26,22.0,2024-01,False
SH2016,V10762,3,2,1.2,2023-12,False
SH2044,V10762,1,0,0.0,2024-05,False
SH2036,V10763,2,1,0.8,2024-04,False
SH2051,V10763,7,5,1.7,2024-04,True
SH2001,V10763,1,0,0.0,2024-01,False
SH2028,V10763,18,12,9.9,2024-02,False
SH2030,V10763,3,2,0.7,2024-09,False
SH2057,V10763,3,1,0.6,2024-02,False
SH2045,V10763,46,39,26.3,2023-11,False
SH2043,V10763,14,7,4.3,2024-10,True
SH2049,V10763,29,19,7.9,2024-04,True
SH2002,V10763,34,24,12.3,2024-02,True
SH2006,V10763,4,1,0.3,2024-03,False
SH2042,V10764,1,0,0.0,2024-09,False
SH2016,V10764,3,2,0.9,2024-07,False
SH2051,V10764,34,20,15.7,2024-07,False
SH2005,V10764,5,4,1.6,2024-09,True
SH2036,V10765,2,0,0.0,2024-08,False
SH2050,V10765,20,15,6.6,2024-03,False
SH2012,V10765,1,0,0.0,2024-08,False
SH2058,V10765,23,14,4.4,2023-11,True
SH2021,V10765,14,9,6.5,2024-08,True
SH2002,V10765,14,10,4.1,2024-05,False
SH2031,V10766,7,5,3.6,2024-07,False
SH2047,V10766,3,2,1.5,2023-12,False
SH2032,V10766,35,19,7.7,2023-11,True
SH2015,V10766,4,3,1.6,2024-01,True
SH2039,V10766,6,3,2.5,2024-01,True
SH2001,V10766,40,22,9.7,2024-01,True
SH2014,V10766,2,1,0.8,2024-08,False
SH2007,V10767,17,11,6.2,2024-04,True
SH2002,V10767,21,17,13.8,2024-09,False
SH2019,V10767,1,0,0.0,2024-09,False
SH2004,V10767,44,25,17.5,2024-02,True
SH2058,V10767,12,9,3.2,2023-12,False
SH2054,V10767,8,5,2.3,2024-03,False
SH2032,V10767,7,2,0.7,2023-11,False
SH2008,V10767,9,7,3.7,2024-03,True
SH2003,V10767,2,1,0.5,2024-01,False
SH2049,V10767,35,26,12.8,2024-07,False
SH2014,V10767,20,18,8.3,2024-05,True
SH2022,V10767,5,1,0.9,2024-02,False
SH2053,V10768,23,22,13.9,2024-03,False
SH2005,V10768,3,2,1.8,2024-02,False
SH2003,V10768,4,3,2.5,2024-10,False
SH2022,V10768,6,3,1.9,2024-05,False
SH2023,V10769,2,1,0.4,2024-04,False
SH2037,V10769,34,32,14.6,2024-08,False
SH2004,V10769,16,14,6.7,2024-06,False
SH2001,V10769,18,11,5.1,2023-12,False
SH2031,V10769,10,7,2.3,2024-06,False
SH2054,V10769,9,8,7.2,2024-10,True
SH2047,V10769,2,1,0.5,2023-11,False
SH2017,V10769,11,8,6.2,2024-10,True
SH2030,V10769,5,4,1.3,2024-02,True
SH2039,V10770,4,1,0.8,2024-03,False
SH2058,V10770,3,2,0.9,2024-06,False
SH2012,V10770,23,15,10.3,2024-08,False
SH2011,V10771,9,7,2.8,2023-12,True
SH2048,V10771,33,19,7.9,2024-08,False
SH2059,V10771,6,4,1.3,2024-05,False
SH2009,V10771,12,8,2.6,2024-01,True
SH2055,V10771,35,24,15.6,2024-05,True
SH2018,V10771,5,4,1.5,2024-02,False
SH2011,V10772,3,2,1.5,2024-10,False
SH2030,V10772,1,0,0.0,2024-01,False
SH2058,V10772,6,4,1.9,2023-11,True
SH2052,V10772,14,5,4.5,2024-01,True
SH2000,V10772,25,19,11.2,2024-06,False
SH2023,V10772,14,5,2.8,2023-11,True
SH2027,V10772,2,1,0.3,2024-08,False
SH2008,V10772,10,4,2.3,2024-10,True
SH2031,V10772,18,12,4.1,2024-02,True
SH2038,V10772,7,5,3.5,2023-12,False
SH2013,V10773,6,3,2.1,2024-03,False
SH2018,V10773,5,2,1.2,2024-06,False
SH2043,V10773,15,6,3.1,2024-06,True
SH2040,V10773,10,7,4.4,2024-01,False
SH2050,V10773,10,5,3.2,2024-01,False
SH2015,V10773,3,1,0.6,2024-08,False
SH2023,V10773,15,12,10.7,2024-02,False
SH2028,V10773,15,14,4.4,2024-06,False
SH2032,V10773,10,7,2.4,2024-05,False
SH2006,V10773,3,1,0.6,2024-06,False
SH2012,V10773,7,4,2.7,2024-03,True
SH2017,V10773,3,2,0.6,2024-01,False
SH2048,V10773,11,9,3.8,2024-09,True
SH2034,V10773,6,4,2.2,2024-07,True
SH2009,V10773,18,13,8.5,2024-08,False
SH2040,V10774,23,18,13.6,2023-12,False
SH2021,V10774,9,4,3.1,2024-01,True
SH2041,V10774,5,2,1.0,2024-08,False
SH2037,V10774,29,22,8.8,2024-01,True
SH2036,V10774,2,0,0.0,2024-10,False
SH2045,V10774,45,24,20.9,2024-06,False
SH2040,V10775,1,0,0.0,2024-05,False
SH2014,V10775,43,29,19.5,2024-09,True
SH2051,V10775,17,14,10.3,2023-11,False
SH2032,V10775,37,21,9.2,2024-10,False
SH2038,V10775,3,1,0.7,2024-07,False
SH2055,V10775,74,52,33.0,2024-05,False
SH2013,V10775,4,3,2.1,2024-01,False
SH2027,V10775,1,0,0.0,2024-06,False
SH2006,V10775,3,2,1.1,2024-05,False
SH2050,V10775,12,9,4.8,2024-02,False
SH2048,V10775,41,30,26.0,2024-08,False
SH2037,V10775,7,5,3.3,2024-01,False
SH2022,V10775,7,5,3.8,2024-10,False
SH2041,V10775,4,2,0.7,2024-05,False
SH2049,V10776,32,18,14.9,2024-03,False
SH2056,V10776,38,32,9.7,2024-08,False
SH2037,V10776,19,13,10.7,2023-12,False
SH2046,V10776,6,3,1.8,2024-06,True
SH2018,V10776,6,3,1.5,2024-04,True
SH2002,V10776,17,9,6.6,2024-08,True
SH2030,V10776,2,1,0.6,2024-02,False
SH2010,V10776,8,5,2.6,2024-08,True
SH2005,V10776,4,2,1.7,2024-07,False
SH2045,V10776,11,6,3.0,2024-05,False
SH2059,V10776,6,3,1.8,2024-01,False
SH2036,V10776,5,3,2.5,2024-01,False
SH2021,V10776,8,3,2.2,2024-01,True
SH2032,V10776,21,19,7.7,2023-11,False
SH2043,V10777,10,7,4.5,2024-03,False
SH2046,V10777,13,6,1.9,2024-07,False
SH2028,V10777,8,7,2.3,2024-01,True
SH2056,V10777,16,6,1.8,2024-10,False
SH2018,V10777,8,6,5.1,2024-01,False
SH2027,V10778,2,1,0.8,2024-05,False
SH2034,V10778,3,2,0.9,2024-01,False
SH2017,V10778,17,13,9.6,2023-11,True
SH2053,V10778,37,22,7.6,2024-03,False
SH2040,V10778,32,16,6.8,2024-10,True
SH2020,V10778,29,17,11.0,2023-12,False
SH2000,V10778,4,3,2.4,2024-08,False
SH2033,V10778,5,3,1.5,2023-12,False
SH2024,V10778,38,31,13.3,2024-06,False
SH2043,V10778,4,3,2.6,2023-12,False
SH2004,V10778,50,23,9.2,2024-06,False
SH2048,V10778,15,10,8.4,2023-12,False
SH2003,V10778,3,1,0.8,2024-07,False
SH2050,V10778,38,30,17.0,2024-01,False
SH2047,V10779,4,3,2.2,2023-11,True
SH2014,V10779,44,26,22.1,2023-11,False
SH2050,V10779,34,20,11.7,2024-07,True
SH2038,V10779,2,1,0.5,2024-01,False
SH2052,V10779,2,1,0.5,2024-09,False
SH2017,V10780,30,21,8.4,2024-07,False
SH2050,V10780,31,14,8.0,2024-05,True
SH2043,V10780,4,3,2.3,2023-11,True
SH2053,V10780,29,13,11.6,2023-11,False
SH2000,V10780,61,45,18.4,2024-08,False
SH2007,V10780,41,33,21.0,2024-09,False
SH2057,V10781,6,5,4.0,2024-04,True
SH2014,V10781,4,3,1.1,2024-01,False
SH2043,V10781,20,14,9.0,2023-11,False
SH2056,V10781,41,30,17.7,2023-11,False
SH2012,V10781,17,12,8.4,2024-06,False
SH2005,V10781,7,6,2.9,2024-06,False
SH2018,V10781,2,1,0.4,2024-08,False
SH2016,V10781,2,1,0.4,2024-02,False
SH2030,V10781,6,4,1.3,2023-12,False
SH2059,V10781,2,1,0.7,2023-11,False
SH2038,V10781,8,3,1.8,2024-05,True
SH2022,V10782,1,0,0.0,2024-08,False
SH2031,V10782,9,6,5.0,2024-05,True
SH2050,V10782,27,22,13.7,2024-02,True
SH2000,V10782,8,6,1.8,2024-07,True
SH2041,V10782,21,14,4.9,2024-06,True
SH2018,V10782,4,2,1.5,2024-08,False
SH2030,V10782,6,5,2.7,2023-12,True
SH2051,V10782,48,14,5.3,2024-03,True
SH2039,V10782,6,5,4.4,2024-08,True
SH2023,V10782,14,6,3.4,2024-09,False
SH2048,V10783,32,25,14.6,2024-04,False
SH2005,V10783,10,6,3.5,2024-01,True
SH2057,V10783,10,8,6.5,2024-06,False
SH2025,V10783,63,50,22.8,2023-12,True
SH2028,V10783,51,39,26.0,2024-03,True
SH2010,V10783,15,13,11.0,2024-06,False
SH2029,V10784,9,4,2.0,2024-03,True
SH2047,V10784,2,1,0.8,2024-01,False
SH2016,V10784,2,1,0.8,2023-12,False
SH2023,V10784,2,1,0.5,2024-01,False
SH2008,V10784,2,1,0.8,2024-04,False
SH2011,V10784,6,3,1.0,2024-06,False
SH2027,V10784,4,3,2.2,2024-10,False
SH2013,V10784,6,3,2.3,2024-04,False
SH2002,V10784,24,20,12.7,2023-12,True
SH2054,V10784,8,6,2.7,2024-05,False
SH2052,V10784,7,5,2.0,2024-10,True
SH2025,V10784,44,36,13.2,2024-06,False
SH2014,V10784,35,23,14.0,2024-01,True
SH2017,V10784,25,22,10.5,2024-10,False
SH2028,V10785,30,24,10.8,2024-02,False
SH2016,V10785,4,3,1.9,2024-09,False
SH2005,V10785,1,0,0.0,2023-12,False
SH2054,V10785,7,5,2.9,2024-07,False
SH2022,V10785,7,5,2.8,2024-05,False
SH2034,V10785,4,1,0.3,2024-06,False
SH2020,V10785,46,41,34.9,2024-05,True
SH2050,V10785,38,24,17.7,2024-01,False
SH2021,V10785,33,25,11.1,2024-02,False
SH2018,V10785,4,2,1.7,2024-03,False
SH2000,V10785,70,59,51.5,2024-06,True
SH2010,V10785,25,17,13.9,2023-12,False
SH2033,V10785,5,3,1.4,2024-06,True
SH2023,V10785,12,7,5.0,2024-03,False
SH2002,V10786,38,37,29.4,2023-11,False
SH2032,V10786,2,1,0.7,2023-11,False
SH2031,V10786,6,5,4.0,2023-11,True
SH2044,V10786,2,1,0.3,2024-03,False
SH2021,V10787,18,12,4.6,2024-06,True
SH2052,V10787,12,5,3.4,2024-06,False
SH2051,V10787,38,19,6.5,2024-08,True
SH2006,V10787,3,1,0.4,2024-04,False
SH2002,V10787,29,17,12.5,2024-07,False
SH2037,V10788,26,21,16.7,2024-03,False
SH2013,V10788,9,7,2.9,2024-02,False
SH2043,V10788,15,11,6.8,2024-08,True
SH2015,V10788,2,1,0.5,2024-09,False
SH2048,V10788,32,30,13.8,2024-04,False
SH2040,V10788,15,14,7.7,2024-08,False
SH2016,V10788,4,3,2.1,2024-04,False
SH2034,V10788,8,6,4.1,2024-04,False
SH2023,V10788,15,10,6.6,2024-04,False
SH2029,V10788,2,1,0.3,2024-03,False
SH2018,V10788,7,4,2.2,2024-09,True
SH2008,V10788,11,6,4.0,2024-02,False
SH2059,V10788,1,0,0.0,2024-08,False
SH2030,V10788,2,1,0.9,2024-06,False
SH2025,V10788,67,31,15.2,2024-02,False
SH2006,V10789,4,3,2.5,2024-05,True
SH2024,V10789,24,22,12.7,2024-02,False
SH2015,V10789,6,5,1.5,2023-11,True
SH2036,V10789,5,3,1.1,2024-06,True
SH2050,V10789,8,7,3.1,2024-09,False
SH2041,V10789,23,18,6.8,2024-10,True
SH2013,V10789,9,7,5.7,2024-07,False
SH2039,V10789,5,3,1.5,2023-12,True
SH2002,V10789,9,7,4.6,2023-11,False
SH2031,V10789,7,4,2.8,2023-11,True
SH2009,V10790,22,18,14.7,2024-09,False
SH2017,V10790,8,6,5.4,2024-10,True
SH2011,V10790,5,3,2.6,2024-09,True
SH2019,V10790,4,2,0.6,2024-10,False
SH2000,V10790,27,20,16.3,2024-07,True
SH2028,V10790,51,46,22.0,2023-12,False
SH2046,V10790,8,7,5.0,2024-10,True
SH2002,V10790,32,25,19.7,2024-06,False
SH2041,V10791,24,15,7.2,2024-02,True
SH2057,V10791,3,0,0.0,2023-12,False
SH2029,V10791,7,5,3.3,2023-11,True
SH2009,V10791,20,12,8.3,2024-08,True
SH2028,V10791,24,22,6.6,2024-10,True
SH2004,V10791,22,16,8.0,2024-10,True
SH2049,V10791,45,32,21.8,2023-12,False
SH2034,V10791,5,4,2.7,2024-02,True
SH2051,V10791,39,24,17.4,2024-03,True
SH2005,V10791,7,6,2.0,2024-03,True
SH2019,V10792,1,0,0.0,2024-06,False
SH2043,V10792,5,4,2.4,2024-04,True
SH2055,V10792,37,32,14.1,2024-01,False
SH2033,V10792,4,2,1.0,2024-03,False
SH2029,V10792,3,1,0.4,2024-03,False
SH2058,V10792,19,11,5.8,2024-04,False
SH2052,V10792,10,6,2.2,2023-11,True
SH2024,V10792,4,2,1.3,2024-10,False
SH2014,V10792,6,4,2.8,2024-08,False
SH2000,V10792,1,0,0.0,2024-07,False
SH2037,V10792,1,0,0.0,2024-01,False
SH2045,V10793,26,22,17.3,2024-10,False
SH2057,V10793,7,5,1.7,2024-07,False
SH2041,V10793,32,17,7.4,2024-03,True
SH2005,V10793,3,1,0.5,2024-05,False
SH2034,V10793,3,2,1.5,2024-08,False
SH2017,V10793,4,3,0.9,2024-06,False
SH2026,V10793,12,6,2.9,2024-02,False
SH2007,V10793,30,18,8.2,2024-03,False
SH2016,V10793,3,1,0.8,2024-10,False
SH2054,V10793,3,1,0.3,2024-02,False
SH2015,V10793,3,1,0.5,2024-07,False
SH2009,V10793,11,5,2.1,2024-04,False
SH2047,V10793,2,0,0.0,2023-12,False
SH2006,V10793,1,0,0.0,2024-10,False
SH2047,V10794,3,1,0.8,2024-09,False
SH2011,V10794,2,1,0.4,2024-05,False
SH2027,V10794,1,0,0.0,2024-06,False
SH2014,V10794,9,2,1.1,2024-02,False
SH2045,V10794,27,16,9.6,2024-08,False
SH2026,V10794,14,10,3.0,2024-06,False
SH2054,V10794,2,1,0.4,2024-04,False
SH2022,V10794,9,4,1.2,2024-01,False
SH2010,V10795,5,4,2.2,2024-04,True
SH2019,V10795,1,0,0.0,2024-08,False
SH2009,V10795,2,1,0.8,2023-11,False
SH2000,V10795,5,2,1.8,2024-01,False
SH2018,V10795,2,1,0.9,2024-02,False
SH2043,V10795,19,15,10.3,2024-05,True
SH2027,V10795,2,1,0.4,2024-01,False
SH2015,V10795,1,0,0.0,2024-08,False
SH2059,V10795,1,0,0.0,2024-03,False
SH2008,V10795,8,5,4.4,2024-03,False
SH2000,V10796,40,38,15.6,2024-01,False
SH2003,V10796,1,0,0.0,2024-09,False
SH2020,V10796,19,14,10.4,2024-05,True
SH2049,V10796,23,15,6.6,2024-04,False
SH2022,V10796,9,6,4.1,2024-07,False
SH2042,V10796,5,4,3.5,2024-09,True
SH2016,V10796,1,0,0.0,2024-03,False
SH2037,V10796,38,22,7.9,2024-01,False
SH2006,V10796,1,0,0.0,2024-05,False
SH2019,V10797,4,1,0.4,2024-03,False
SH2024,V10797,47,30,18.6,2024-10,False
SH2012,V10797,15,11,6.5,2024-07,False
SH2050,V10797,20,5,3.6,2024-01,False
SH2005,V10797,6,4,1.7,2024-02,False
SH2046,V10797,2,1,0.8,2024-02,False
SH2039,V10797,7,5,1.8,2024-08,False
SH2049,V10797,45,23,13.5,2024-03,False
SH2028,V10797,6,3,1.6,2024-07,False
SH2004,V10797,25,6,5.3,2024-09,False
SH2057,V10797,3,1,0.6,2023-11,False
SH2030,V10797,4,2,1.0,2024-03,False
SH2034,V10797,11,9,3.0,2023-12,True
SH2045,V10797,2,1,0.5,2024-09,False
SH2009,V10798,1,0,0.0,2024-04,False
SH2025,V10798,33,24,10.7,2024-05,False
SH2006,V10798,2,1,0.7,2023-11,False
SH2020,V10798,44,32,24.9,2024-04,True
SH2015,V10798,7,3,1.7,2023-12,True
SH2028,V10798,23,18,11.2,2024-01,False
SH2047,V10798,4,2,1.2,2023-12,False
SH2030,V10799,2,1,0.7,2024-04,False
SH2026,V10799,20,13,4.5,2023-11,True
SH2013,V10799,1,0,0.0,2024-02,False
SH2032,V10799,24,14,11.3,2024-04,False
SH2042,V10799,18,12,9.0,2024-08,True
SH2058,V10799,27,23,18.9,2024-07,True
SH2044,V10799,7,6,2.6,2024-10,True
SH2026,V10800,15,12,8.8,2024-05,False
SH2018,V10800,6,4,2.2,2024-09,False
SH2000,V10800,8,6,3.7,2024-06,True
SH2059,V10800,3,1,0.7,2024-08,False
SH2032,V10800,1,0,0.0,2024-05,False
SH2016,V10801,3,1,0.6,2024-10,False
SH2028,V10801,16,10,7.1,2024-01,False
SH2032,V10801,33,30,12.0,2024-01,False
SH2009,V10801,5,2,1.4,2024-07,False
SH2008,V10801,2,1,0.7,2023-11,False
SH2044,V10802,1,0,0.0,2024-01,False
SH2002,V10802,23,17,12.9,2024-09,False
SH2017,V10802,28,25,19.4,2024-06,False
SH2055,V10802,35,23,8.4,2024-03,False
SH2026,V10803,17,10,4.9,2024-09,True
SH2010,V10803,34,25,22.4,2024-09,True
SH2020,V10803,26,9,3.4,2024-10,False
SH2029,V10803,8,2,1.1,2024-06,False
SH2043,V10803,6,3,1.5,2024-03,False
SH2055,V10803,12,10,6.1,2024-09,True
SH2039,V10803,2,1,0.5,2024-08,False
SH2053,V10803,40,36,26.2,2024-05,False
SH2025,V10803,45,27,19.6,2024-03,False
SH2018,V10803,2,1,0.8,2024-02,False
SH2040,V10803,44,34,26.2,2024-09,False
SH2000,V10803,38,30,21.4,2024-01,True
SH2042,V10804,21,14,9.4,2024-08,True
SH2049,V10804,44,18,12.1,2024-10,False
SH2036,V10804,1,0,0.0,2023-11,False
SH2021,V10805,31,10,5.8,2024-01,False
SH2054,V10805,2,0,0.0,2024-04,False
SH2015,V10805,1,0,0.0,2023-11,False
SH2013,V10805,5,3,1.9,2024-07,True
SH2018,V10805,7,5,4.1,2023-12,True
SH2039,V10805,6,3,2.4,2024-07,False
SH2025,V10806,36,31,14.7,2023-12,True
SH2020,V10806,40,36,22.8,2024-05,True
SH2009,V10806,4,2,0.7,2024-02,False
SH2033,V10806,7,6,5.2,2024-05,True
SH2026,V10806,23,20,11.4,2024-01,True
SH2019,V10806,2,0,0.0,2024-03,False
SH2059,V10806,2,1,0.8,2024-02,False
SH2040,V10807,26,11,4.8,2024-02,True
SH2016,V10807,1,0,0.0,2024-10,False
SH2049,V10807,31,22,16.1,2024-06,False
SH2055,V10807,18,13,8.2,2024-04,True
SH2048,V10807,4,3,1.1,2024-04,False
SH2057,V10807,10,7,4.5,2023-11,False
SH2056,V10807,41,23,14.6,2024-01,False
SH2025,V10807,70,59,46.4,2024-01,False
SH2018,V10807,2,1,0.4,2024-01,False
SH2048,V10808,32,16,12.5,2024-02,False
SH2045,V10808,17,11,9.3,2024-04,False
SH2029,V10808,7,6,2.2,2024-04,False
SH2003,V10809,4,1,0.4,2024-03,False
SH2013,V10809,1,0,0.0,2024-05,False
SH2024,V10809,23,16,11.0,2023-11,True
SH2026,V10809,15,12,8.9,2024-05,False
SH2008,V10809,5,2,1.4,2024-01,False
SH2033,V10810,7,6,5.3,2024-06,True
SH2042,V10810,2,1,0.8,2024-10,False
SH2055,V10810,26,18,10.0,2024-02,True
SH2010,V10810,17,14,11.5,2023-12,False
SH2023,V10810,2,1,0.8,2024-03,False
SH2049,V10810,12,4,3.3,2024-09,False
SH2001,V10811,14,5,1.7,2023-11,False
SH2025,V10811,13,6,2.1,2024-06,False
SH2014,V10811,4,2,1.8,2024-01,False
SH2045,V10811,48,34,26.3,2024-06,False
SH2052,V10811,7,4,3.4,2024-07,False
SH2049,V10811,32,30,12.3,2024-06,True
SH2009,V10812,9,6,5.2,2023-12,True
SH2016,V10812,4,3,2.6,2024-10,False
SH2018,V10812,8,7,2.4,2024-01,True
SH2047,V10812,1,0,0.0,2023-11,False
SH2045,V10812,39,14,12.5,2024-10,False
SH2049,V10812,35,29,23.1,2023-12,False
SH2024,V10812,24,19,12.7,2024-08,False
SH2030,V10812,1,0,0.0,2023-12,False
SH2032,V10812,32,17,11.0,2024-06,False
SH2029,V10812,9,5,2.8,2024-08,True
SH2000,V10812,31,24,19.4,2024-01,True
SH2046,V10812,2,1,0.4,2024-05,False
SH2005,V10812,5,3,1.0,2024-03,False
SH2027,V10813,1,0,0.0,2024-01,False
SH2014,V10813,42,36,31.0,2024-03,False
SH2000,V10813,46,25,21.6,2024-07,False
SH2025,V10813,21,15,6.8,2024-09,False
SH2015,V10813,2,1,0.7,2023-12,False
SH2018,V10813,1,0,0.0,2024-03,False
SH2013,V10813,2,1,0.8,2024-05,False
SH2008,V10813,3,2,1.2,2024-10,False
SH2011,V10813,8,4,1.8,2024-05,False
SH2026,V10813,8,6,2.3,2024-06,False
SH2032,V10813,8,5,4.2,2024-10,False
SH2017,V10813,15,13,7.3,2023-11,True
SH2022,V10813,2,1,0.4,2023-11,False
SH2028,V10813,49,34,29.9,2024-01,False
SH2040,V10814,25,15,7.3,2023-12,False
SH2047,V10814,3,2,1.1,2023-11,False
SH2030,V10814,8,7,5.9,2024-04,False
SH2041,V10814,14,9,4.7,2024-10,True
SH2037,V10814,35,9,7.1,2024-04,False
SH2034,V10814,5,3,1.3,2024-08,True
SH2033,V10814,8,6,2.8,2024-04,False
SH2018,V10814,2,1,0.8,2024-07,False
SH2003,V10814,2,1,0.9,2024-05,False
SH2010,V10814,7,5,1.9,2024-06,True
SH2050,V10814,27,20,7.8,2023-12,False
SH2038,V10814,1,0,0.0,2024-05,False
SH2021,V10814,27,22,15.9,2024-04,False
SH2055,V10814,32,26,23.0,2024-02,True
SH2000,V10814,40,34,20.0,2024-08,False
SH2042,V10815,14,12,10.7,2024-06,True
SH2019,V10815,4,2,1.0,2024-07,False
SH2001,V10815,24,14,7.4,2024-07,False
SH2049,V10815,34,31,15.9,2024-07,True
SH2000,V10815,41,26,16.8,2024-01,False
SH2045,V10815,24,13,11.1,2023-11,True
SH2051,V10816,50,43,13.7,2024-08,False
SH2046,V10816,28,22,19.5,2023-11,True
SH2014,V10816,39,25,17.5,2024-10,True
SH2024,V10816,40,35,11.0,2024-01,False
SH2023,V10816,21,19,13.8,2024-09,False
SH2048,V10816,37,26,18.2,2024-07,False
SH2027,V10816,1,0,0.0,2024-01,False
SH2045,V10816,17,16,11.0,2024-10,True
SH2038,V10816,2,1,0.6,2024-08,False
SH2009,V10816,21,14,9.8,2023-11,True
SH2055,V10816,69,61,25.6,2024-10,False
SH2015,V10817,4,2,0.9,2024-07,False
SH2020,V10817,38,22,12.5,2023-11,False
SH2016,V10817,2,1,0.8,2024-01,False
SH2025,V10817,48,31,17.2,2024-03,False
SH2033,V10818,6,5,2.7,2024-06,False
SH2045,V10818,48,42,28.9,2024-05,True
SH2000,V10818,67,53,40.9,2024-04,False
SH2050,V10818,12,10,6.7,2024-02,False
SH2019,V10818,1,0,0.0,2023-11,False
SH2008,V10818,6,2,0.8,2024-10,False
SH2037,V10819,5,3,2.4,2024-02,True
SH2023,V10819,21,20,15.6,2024-05,False
SH2008,V10819,9,5,3.8,2024-08,True
SH2052,V10819,13,5,2.1,2024-09,True
SH2055,V10819,20,8,6.9,2024-07,False
SH2047,V10819,2,1,0.7,2024-09,False
SH2042,V10819,22,17,15.2,2024-01,True
SH2022,V10819,3,2,1.3,2024-10,False
SH2018,V10819,8,7,5.9,2024-02,False
SH2038,V10820,4,3,2.0,2024-07,False
SH2001,V10820,39,30,19.5,2024-03,False
SH2051,V10820,26,7,5.9,2024-09,True
SH2050,V10820,30,19,17.0,2024-06,True
SH2047,V10821,3,2,1.3,2024-04,False
SH2008,V10821,10,6,3.9,2024-09,True
SH2033,V10821,9,8,6.7,2024-07,False
SH2051,V10821,39,29,10.9,2024-04,True
SH2059,V10821,5,2,1.1,2024-08,False
SH2028,V10821,42,35,28.1,2024-06,False
SH2022,V10821,1,0,0.0,2024-10,False
SH2048,V10821,9,8,3.5,2024-07,False
SH2036,V10821,1,0,0.0,2024-04,False
SH2054,V10821,5,1,0.4,2024-06,False
SH2024,V10822,19,12,10.3,2024-09,False
SH2016,V10822,3,2,1.7,2024-10,False
SH2032,V10822,5,1,0.4,2023-12,False
SH2027,V10822,4,2,1.1,2023-12,False
SH2039,V10822,6,3,0.9,2024-01,False
SH2041,V10822,1,0,0.0,2024-01,False
SH2014,V10822,11,8,3.6,2024-10,True
SH2031,V10822,21,17,12.7,2024-07,False
SH2052,V10823,8,7,2.4,2024-10,False
SH2050,V10823,12,7,4.5,2024-06,True
SH2031,V10823,4,1,0.5,2024-09,False
SH2033,V10823,8,4,3.3,2024-06,False
SH2057,V10823,10,6,4.2,2024-03,False
SH2005,V10823,3,1,0.3,2024-01,False
SH2015,V10823,7,5,3.1,2024-10,False
SH2011,V10823,7,4,3.0,2023-12,False
SH2044,V10823,3,1,0.5,2024-06,False
SH2053,V10824,41,34,18.4,2023-11,False
SH2026,V10824,8,3,1.3,2023-12,True
SH2005,V10824,8,6,4.6,2024-04,False
SH2003,V10824,3,2,0.9,2024-07,False
SH2028,V10824,18,8,3.0,2024-01,True
SH2027,V10824,2,1,0.5,2024-02,False
SH2025,V10824,18,15,7.3,2024-01,True
SH2022,V10824,4,2,0.8,2023-12,False
SH2016,V10824,4,2,1.7,2023-11,False
SH2015,V10824,2,1,0.3,2024-07,False
SH2024,V10824,2,1,0.8,2024-08,False
SH2022,V10825,6,4,2.4,2024-01,True
SH2014,V10825,37,15,12.6,2024-05,True
SH2034,V10825,1,0,0.0,2023-11,False
SH2005,V10825,5,3,2.1,2024-10,True
SH2049,V10825,6,2,1.0,2023-12,False
SH2056,V10825,16,6,1.9,2023-11,False
SH2054,V10825,7,5,2.8,2024-01,False
SH2024,V10825,3,2,0.9,2023-11,False
SH2044,V10825,6,2,1.5,2024-01,False
SH2040,V10825,22,18,8.5,2024-08,False
SH2021,V10825,12,6,1.9,2024-10,False
SH2012,V10825,3,2,0.9,2024-09,False
SH2013,V10826,6,5,2.4,2023-12,False
SH2033,V10826,8,5,3.6,2023-12,False
SH2003,V10826,2,0,0.0,2024-07,False
SH2029,V10826,6,3,2.6,2024-04,True
SH2052,V10826,6,3,1.6,2024-01,True
SH2039,V10826,2,1,0.4,2024-03,False
SH2002,V10826,28,22,14.4,2024-05,True
SH2036,V10826,2,1,0.7,2024-07,False
SH2043,V10826,16,9,6.9,2024-04,True
SH2053,V10826,12,9,5.8,2024-06,False
SH2032,V10826,25,18,9.8,2024-09,True
SH2042,V10826,1,0,0.0,2024-10,False
SH2038,V10827,8,3,2.0,2024-09,False
SH2032,V10827,13,8,5.8,2024-09,False
SH2056,V10827,27,22,9.9,2024-02,True
SH2002,V10827,27,15,13.2,2024-08,False
SH2053,V10828,25,18,5.5,2024-01,True
SH2055,V10828,70,65,35.2,2024-10,True
SH2000,V10828,38,22,19.0,2024-09,False
SH2012,V10828,22,17,14.3,2024-03,False
SH2031,V10828,24,17,8.3,2023-11,True
SH2044,V10828,6,5,1.8,2024-02,False
SH2002,V10829,22,17,9.5,2023-12,True
SH2003,V10829,3,2,0.9,2024-03,False
SH2019,V10829,2,0,0.0,2023-12,False
SH2045,V10829,12,8,6.3,2024-08,False
SH2046,V10829,10,4,2.2,2024-03,False
SH2016,V10829,1,0,0.0,2024-03,False
SH2026,V10829,4,3,1.8,2024-05,False
SH2010,V10830,33,26,9.9,2024-02,False
SH2004,V10830,55,36,18.3,2024-09,True
SH2015,V10830,4,2,1.2,2024-10,False
SH2024,V10830,1,0,0.0,2024-01,False
SH2052,V10830,5,3,1.4,2024-02,True
SH2037,V10830,20,18,16.0,2024-07,True
SH2044,V10830,6,5,2.5,2024-01,True
SH2048,V10830,38,22,8.8,2024-09,False
SH2000,V10830,6,5,2.9,2024-04,True
SH2036,V10830,4,2,1.1,2023-12,False
SH2008,V10830,4,2,1.6,2023-12,False
SH2034,V10830,4,2,0.9,2024-02,False
SH2013,V10830,4,2,1.3,2024-06,False
SH2043,V10830,13,10,4.5,2024-02,False
SH2013,V10831,7,4,3.3,2024-06,False
SH2025,V10831,40,36,14.8,2024-01,True
SH2056,V10831,30,15,11.6,2024-10,False
SH2046,V10831,16,13,8.1,2024-07,True
SH2002,V10831,10,4,1.5,2024-01,False
SH2008,V10831,9,7,4.7,2024-08,False
SH2001,V10831,14,11,4.7,2024-10,True
SH2024,V10831,28,17,14.7,2024-01,False
SH2015,V10831,4,2,1.7,2024-04,False
SH2012,V10831,14,9,6.5,2024-08,True
SH2055,V10831,50,29,11.6,2024-07,False
SH2037,V10831,19,13,10.1,2024-07,False
SH2005,V10831,1,0,0.0,2024-01,False
SH2041,V10831,4,3,1.2,2024-06,True
SH2033,V10832,5,2,1.0,2024-10,False
SH2046,V10832,14,11,3.3,2024-05,False
SH2032,V10832,15,12,5.2,2024-10,False
SH2036,V10832,5,2,1.7,2024-02,False
SH2045,V10832,10,5,3.7,2024-03,False
SH2030,V10832,8,4,2.0,2024-07,False
SH2011,V10832,1,0,0.0,2024-07,False
SH2013,V10832,9,6,2.3,2024-03,True
SH2056,V10832,2,1,0.5,2024-10,False
SH2021,V10833,22,15,5.0,2024-09,False
SH2056,V10833,16,8,3.1,2024-04,False
SH2007,V10833,6,4,2.5,2024-10,True
SH2037,V10833,26,23,13.5,2024-07,True
SH2041,V10833,8,7,5.4,2024-02,False
SH2040,V10833,41,23,13.2,2024-02,False
SH2043,V10833,3,1,0.6,2024-09,False
SH2015,V10833,3,2,0.8,2024-09,False
SH2032,V10833,27,15,10.1,2024-01,True
SH2047,V10833,3,2,1.3,2024-09,False
SH2042,V10833,17,15,8.8,2024-04,True
SH2011,V10833,5,4,3.1,2024-05,False
SH2037,V10834,46,31,18.4,2024-10,False
SH2029,V10834,13,10,5.0,2024-01,True
SH2059,V10834,1,0,0.0,2023-11,False
SH2045,V10834,24,21,10.3,2024-03,True
SH2052,V10834,9,5,4.3,2024-05,False
SH2007,V10834,28,17,10.5,2024-02,False
SH2040,V10834,4,3,1.3,2023-12,False
SH2024,V10834,13,12,4.0,2024-05,True
SH2015,V10834,3,2,0.7,2024-01,False
SH2017,V10834,26,19,9.1,2024-04,True
SH2033,V10834,8,5,2.6,2024-09,False
SH2057,V10834,8,6,3.5,2024-02,False
SH2048,V10834,15,13,7.1,2023-12,False
SH2023,V10834,15,10,8.3,2024-06,False
SH2046,V10834,29,27,20.1,2024-05,True
SH2008,V10835,4,1,0.6,2023-11,False
SH2003,V10835,5,2,1.7,2023-11,False
SH2043,V10835,10,7,6.0,2024-04,False
SH2052,V10835,10,9,7.6,2023-11,False
SH2024,V10835,48,35,30.2,2024-10,True
SH2054,V10835,2,1,0.6,2024-05,False
SH2001,V10835,13,10,7.7,2024-09,True
SH2053,V10835,33,28,14.9,2024-03,False
SH2014,V10835,38,17,10.2,2023-12,False
SH2042,V10835,25,13,10.7,2024-10,False
SH2044,V10835,2,0,0.0,2024-10,False
SH2034,V10835,12,10,8.5,2024-09,False
SH2025,V10835,4,2,1.0,2024-07,False
SH2050,V10836,2,1,0.7,2024-08,False
SH2004,V10836,5,3,2.1,2023-12,True
SH2053,V10836,25,8,6.9,2024-10,False
SH2010,V10836,2,1,0.9,2024-09,False
SH2028,V10836,10,8,7.1,2024-01,True
SH2059,V10836,1,0,0.0,2024-08,False
SH2022,V10836,6,4,3.2,2024-05,False
SH2033,V10836,7,6,5.3,2023-12,False
SH2038,V10836,2,1,0.6,2024-09,False
SH2030,V10836,7,1,0.5,2024-01,False
SH2044,V10836,1,0,0.0,2024-02,False
SH2057,V10836,11,10,9.0,2024-04,False
SH2018,V10836,8,4,1.7,2024-03,False
SH2011,V10836,6,1,0.7,2023-11,False
SH2006,V10837,1,0,0.0,2024-02,False
SH2005,V10837,1,0,0.0,2024-07,False
SH2040,V10837,44,31,17.4,2023-11,True
SH2016,V10837,3,1,0.7,2024-08,False
SH2019,V10837,1,0,0.0,2024-05,False
SH2024,V10837,48,20,17.4,2024-08,False
SH2049,V10837,4,3,0.9,2024-03,False
SH2053,V10837,2,1,0.5,2024-05,False
SH2004,V10837,18,17,9.1,2024-06,True
SH2020,V10837,4,2,0.9,2024-04,False
SH2008,V10837,5,4,2.9,2024-06,False
SH2013,V10837,5,4,2.8,2023-12,True
SH2015,V10837,2,1,0.8,2024-01,False
SH2057,V10838,12,9,3.1,2024-01,False
SH2034,V10838,2,1,0.9,2024-01,False
SH2050,V10838,11,9,7.8,2024-07,False
SH2043,V10838,9,7,2.2,2024-09,False
SH2006,V10838,1,0,0.0,2024-10,False
SH2036,V10838,5,3,1.9,2024-04,False
SH2047,V10838,1,0,0.0,2024-08,False
SH2010,V10838,12,6,2.9,2024-07,False
SH2042,V10838,18,10,6.9,2023-12,False
SH2014,V10839,34,31,19.2,2024-04,False
SH2054,V10839,7,4,3.1,2024-10,False
SH2005,V10839,8,6,2.5,2024-07,False
SH2052,V10839,11,7,5.4,2024-09,False
SH2003,V10839,3,2,0.6,2024-01,False
SH2023,V10839,8,5,4.3,2024-03,True
SH2047,V10839,4,2,1.2,2024-02,False
SH2021,V10839,4,2,1.4,2024-01,False
SH2034,V10839,11,8,5.8,2024-03,True
SH2030,V10839,7,5,4.0,2024-08,False
SH2050,V10839,37,22,16.5,2024-01,True
SH2003,V10840,2,1,0.3,2023-11,False
SH2045,V10840,34,22,15.0,2024-05,False
SH2054,V10840,9,6,5.1,2024-01,False
SH2048,V10840,22,11,3.5,2023-11,True
SH2051,V10840,8,6,5.0,2023-11,False
SH2026,V10840,27,18,9.3,2024-07,False
SH2006,V10840,2,1,0.8,2024-04,False
SH2046,V10840,16,14,6.4,2024-05,False
SH2032,V10840,22,18,12.2,2024-08,False
SH2058,V10840,15,8,3.4,2023-12,False
SH2028,V10840,10,8,5.0,2024-10,False
SH2011,V10840,8,6,2.7,2023-12,False
SH2025,V10841,2,1,0.8,2024-09,False
SH2031,V10841,5,3,1.6,2024-08,True
SH2005,V10841,3,1,0.6,2024-09,False
SH2014,V10842,17,8,3.8,2024-04,True
SH2057,V10842,7,4,3.2,2024-06,True
SH2046,V10842,23,7,3.7,2024-04,False
SH2034,V10842,7,5,4.4,2024-01,False
SH2036,V10842,1,0,0.0,2024-05,False
SH2037,V10842,1,0,0.0,2024-09,False
SH2029,V10842,4,3,1.7,2023-12,False
SH2030,V10843,5,3,1.0,2024-02,False
SH2006,V10843,1,0,0.0,2024-10,False
SH2027,V10843,3,2,1.4,2024-03,False
SH2002,V10843,18,16,9.3,2023-12,False
SH2005,V10843,1,0,0.0,2024-04,False
SH2007,V10843,25,20,9.2,2024-04,False
SH2018,V10843,5,3,1.8,2024-08,True
SH2028,V10844,20,16,9.3,2024-01,True
SH2055,V10844,28,25,15.9,2024-04,False
SH2034,V10844,3,1,0.9,2024-10,False
SH2006,V10844,4,2,1.0,2023-12,False
SH2015,V10844,7,5,3.4,2024-10,False
SH2040,V10844,31,18,11.3,2024-09,False
SH2001,V10844,30,21,14.0,2024-06,False
SH2008,V10844,10,7,4.9,2024-01,False
SH2019,V10844,3,2,1.1,2024-01,False
SH2053,V10844,42,17,14.7,2024-08,True
SH2012,V10844,2,0,0.0,2024-07,False
SH2003,V10845,5,4,2.3,2023-12,False
SH2002,V10845,15,12,5.7,2024-08,False
SH2019,V10845,2,1,0.4,2024-06,False
SH2023,V10845,7,3,1.4,2024-10,False
SH2026,V10845,18,16,12.7,2024-01,True
SH2059,V10845,4,2,1.1,2024-03,False
SH2045,V10845,41,21,9.1,2024-01,False
SH2006,V10845,5,2,1.2,2024-10,False
SH2047,V10846,3,1,0.8,2024-07,False
SH2045,V10846,46,42,29.9,2024-04,False
SH2018,V10846,1,0,0.0,2024-07,False
SH2002,V10846,33,27,11.0,2024-07,True
SH2000,V10847,62,54,36.0,2023-11,False
SH2011,V10847,8,7,3.0,2024-06,True
SH2001,V10847,21,17,10.8,2024-03,False
SH2031,V10847,1,0,0.0,2024-06,False
SH2058,V10847,5,3,1.1,2024-03,True
SH2051,V10847,28,14,8.9,2024-05,False
SH2040,V10847,29,20,10.1,2024-10,False
SH2033,V10847,1,0,0.0,2024-10,False
SH2009,V10847,9,8,4.6,2024-02,False
SH2005,V10847,2,0,0.0,2023-11,False
SH2022,V10847,8,5,3.9,2024-09,True
SH2039,V10847,4,2,1.1,2024-03,False
SH2000,V10848,11,10,4.1,2023-12,True
SH2053,V10848,48,31,18.4,2024-01,False
SH2056,V10848,8,6,5.2,2023-12,False
SH2029,V10848,13,8,6.7,2024-01,True
SH2022,V10848,4,3,1.3,2023-11,True
SH2021,V10848,31,13,10.0,2024-01,True
SH2040,V10848,29,25,10.3,2024-08,False
SH2050,V10848,16,15,10.8,2023-12,True
SH2006,V10848,2,1,0.3,2024-02,False
SH2010,V10848,15,11,7.7,2024-03,False
SH2020,V10848,26,18,15.6,2024-10,False
SH2008,V10848,10,8,3.1,2024-03,False
SH2030,V10848,2,1,0.7,2023-11,False
SH2039,V10848,6,3,1.1,2024-04,True
SH2036,V10849,3,2,1.3,2023-12,False
SH2056,V10849,6,2,0.7,2024-05,False
SH2022,V10849,4,2,0.7,2024-09,False
SH2018,V10849,1,0,0.0,2024-02,False
SH2039,V10849,1,0,0.0,2023-12,False
SH2023,V10849,5,4,3.4,2024-02,False
SH2011,V10849,6,5,1.7,2024-05,False
SH2046,V10850,26,22,13.2,2024-01,True
SH2012,V10850,22,15,5.4,2024-06,False
SH2044,V10850,7,5,4.0,2024-10,True
SH2047,V10850,2,1,0.4,2024-02,False
SH2038,V10850,6,4,2.8,2023-12,False
SH2006,V10850,2,1,0.6,2023-12,False
SH2032,V10850,29,12,5.4,2024-09,False
SH2000,V10850,69,61,38.8,2024-09,True
SH2042,V10850,26,17,8.7,2024-07,True
SH2026,V10850,9,7,5.0,2024-04,True
SH2027,V10850,2,1,0.3,2024-07,False
SH2045,V10850,43,32,15.1,2024-10,True
SH2018,V10850,6,4,2.1,2024-09,False
SH2036,V10850,3,2,1.3,2024-03,False
SH2021,V10851,31,23,8.0,2024-05,True
SH2019,V10851,4,2,1.1,2024-06,False
SH2041,V10851,31,9,3.4,2024-01,True
SH2017,V10851,25,23,15.8,2024-02,False
SH2008,V10851,4,3,2.4,2024-08,True
SH2051,V10851,31,16,9.6,2024-05,False
SH2028,V10851,30,24,10.1,2024-10,True
SH2018,V10851,6,4,1.8,2024-04,True
SH2006,V10851,4,3,1.6,2024-07,True
SH2053,V10851,44,32,14.4,2024-03,False
SH2058,V10851,32,25,20.3,2024-10,False
SH2031,V10851,22,19,6.6,2024-06,True
SH2025,V10851,66,60,28.9,2024-02,False
SH2059,V10852,1,0,0.0,2024-10,False
SH2057,V10852,2,0,0.0,2024-10,False
SH2027,V10852,3,2,1.8,2023-12,False
SH2029,V10852,5,3,1.2,2024-01,True
SH2040,V10852,12,6,4.9,2023-11,False
SH2017,V10852,25,14,10.8,2024-05,True
SH2002,V10853,14,8,6.3,2023-12,False
SH2036,V10853,6,2,0.7,2024-08,False
SH2045,V10853,7,4,1.6,2024-07,True
SH2020,V10853,35,22,7.4,2024-10,False
SH2040,V10853,13,10,4.2,2024-06,False
SH2012,V10853,12,9,6.0,2023-11,False
SH2000,V10853,49,38,30.6,2024-01,False
SH2011,V10853,4,3,1.9,2024-08,False
SH2013,V10853,6,5,2.2,2024-08,False
SH2019,V10853,3,1,0.8,2023-12,False
SH2038,V10853,2,1,0.3,2024-02,False
SH2026,V10853,10,9,4.5,2024-08,False
SH2006,V10853,1,0,0.0,2024-10,False
SH2057,V10854,11,7,3.6,2024-04,True
SH2022,V10854,9,5,3.9,2024-08,False
SH2053,V10854,2,1,0.5,2024-03,False
SH2034,V10854,5,3,2.2,2024-06,True
SH2043,V10854,17,15,6.2,2024-10,True
SH2001,V10854,7,6,2.3,2024-03,False
SH2020,V10854,5,4,3.4,2024-03,False
SH2044,V10854,1,0,0.0,2024-07,False
SH2047,V10854,1,0,0.0,2024-09,False
SH2049,V10854,17,14,12.5,2024-04,False
SH2021,V10854,31,20,11.7,2024-05,False
SH2042,V10854,22,13,5.1,2024-02,True
SH2029,V10854,10,5,3.6,2024-01,True
SH2009,V10854,5,2,1.6,2024-10,False
SH2058,V10854,26,23,18.5,2024-10,True
SH2008,V10855,4,1,0.7,2024-09,False
SH2025,V10855,42,33,27.1,2024-05,True
SH2059,V10855,1,0,0.0,2024-10,False
SH2005,V10855,5,4,1.7,2024-02,False
SH2037,V10855,37,29,20.9,2024-02,True
SH2013,V10855,1,0,0.0,2024-07,False
SH2004,V10855,4,2,0.8,2023-11,False
SH2007,V10855,11,10,3.6,2024-03,True
SH2052,V10855,8,6,4.0,2024-06,False
SH2034,V10855,4,3,1.2,2024-01,True
SH2017,V10855,3,2,0.7,2024-09,False
SH2001,V10855,14,7,5.4,2023-12,False
SH2032,V10855,36,30,15.9,2024-05,False
SH2030,V10855,6,5,3.6,2024-02,True
SH2011,V10856,6,3,2.1,2024-02,False
SH2051,V10856,43,38,28.9,2023-11,True
SH2039,V10856,5,3,1.6,2024-01,False
SH2038,V10857,6,3,1.5,2024-07,True
SH2043,V10857,9,6,2.9,2024-10,False
SH2041,V10857,5,3,1.4,2024-01,False
SH2000,V10857,34,24,17.7,2024-08,False
SH2026,V10857,1,0,0.0,2024-01,False
SH2025,V10857,23,21,17.3,2024-02,True
SH2013,V10857,9,4,3.1,2024-08,False
SH2008,V10857,2,1,0.6,2023-12,False
SH2058,V10857,6,3,1.0,2023-11,True
SH2052,V10857,9,6,5.2,2024-09,True
SH2022,V10857,1,0,0.0,2023-11,False
SH2019,V10857,2,1,0.5,2024-09,False
SH2026,V10858,2,1,0.6,2023-11,False
SH2057,V10858,11,8,6.8,2024-08,False
SH2010,V10858,25,18,15.7,2023-12,False
SH2029,V10858,14,13,6.1,2024-02,False
SH2036,V10858,5,2,1.6,2024-09,False
SH2020,V10858,4,3,1.1,2023-11,True
SH2053,V10858,46,33,29.1,2024-04,False
SH2022,V10858,7,6,4.2,2024-08,True
SH2006,V10858,5,3,2.3,2024-04,True
SH2056,V10859,4,2,1.1,2024-08,False
SH2024,V10859,38,20,13.7,2024-03,False
SH2039,V10859,6,5,1.7,2024-09,False
SH2037,V10859,50,25,18.6,2024-08,False
SH2033,V10860,3,1,0.6,2024-05,False
SH2056,V10860,31,24,18.0,2024-01,True
SH2023,V10860,14,11,5.0,2024-08,True
SH2059,V10861,4,1,0.7,2024-03,False
SH2037,V10861,4,2,1.3,2024-03,False
SH2058,V10861,21,9,4.0,2023-12,False
SH2029,V10861,5,2,1.5,2024-07,False
SH2030,V10861,4,2,1.2,2024-04,False
SH2049,V10862,33,19,10.4,2024-08,True
SH2042,V10862,14,9,3.8,2024-08,False
SH2014,V10862,9,6,2.7,2024-04,False
SH2051,V10862,17,7,2.3,2024-10,False
SH2010,V10862,39,22,12.7,2024-07,False
SH2002,V10862,29,20,10.6,2023-11,False
SH2037,V10862,24,16,6.5,2024-03,True
SH2026,V10862,11,9,6.2,2024-06,False
SH2013,V10863,2,1,0.7,2024-01,False
SH2012,V10863,14,8,2.6,2024-09,False
SH2010,V10863,9,3,1.9,2024-07,True
SH2006,V10863,5,2,0.6,2024-01,False
SH2002,V10863,20,16,7.4,2023-11,True
SH2011,V10863,3,2,0.8,2024-08,False
SH2021,V10863,15,11,9.2,2024-04,False
SH2051,V10863,18,10,7.3,2024-06,False
SH2059,V10863,5,4,3.0,2024-02,False
SH2050,V10863,5,3,2.3,2024-09,False
SH2024,V10864,4,2,1.1,2023-12,False
SH2037,V10864,25,14,8.4,2024-05,True
SH2041,V10864,22,17,14.3,2024-02,False
SH2030,V10864,8,6,5.1,2024-10,False
SH2010,V10864,13,5,4.1,2024-07,True
SH2020,V10864,16,13,7.7,2024-06,True
SH2001,V10864,37,34,13.9,2024-02,False
SH2009,V10864,17,4,1.3,2024-06,False
SH2043,V10864,7,3,2.5,2024-09,True
SH2006,V10864,6,5,2.4,2024-02,False
SH2039,V10864,2,1,0.6,2024-03,False
SH2017,V10864,4,2,1.5,2023-12,False
SH2048,V10864,42,25,21.3,2024-09,False
SH2056,V10865,4,3,1.5,2024-04,True
SH2004,V10865,12,11,3.7,2023-12,False
SH2038,V10865,5,4,3.1,2024-03,False
SH2023,V10865,5,3,1.3,2024-02,True
SH2029,V10865,2,1,0.4,2024-06,False
SH2050,V10865,7,4,1.6,2024-02,True
SH2049,V10866,34,18,11.3,2024-03,False
SH2005,V10866,6,2,1.8,2024-08,False
SH2050,V10866,21,12,4.6,2024-05,False
SH2030,V10866,2,1,0.7,2024-02,False
SH2020,V10866,7,4,3.5,2024-04,False
SH2014,V10866,8,5,2.1,2024-07,True
SH2031,V10866,22,19,15.4,2024-07,False
SH2021,V10867,12,6,4.8,2024-09,False
SH2013,V10867,9,5,1.7,2024-04,False
SH2005,V10867,4,3,2.4,2023-12,False
SH2043,V10867,19,7,3.3,2024-07,False
SH2041,V10867,20,9,5.2,2024-06,False
SH2018,V10867,2,1,0.7,2024-09,False
SH2022,V10867,6,5,4.4,2024-10,False
SH2008,V10867,7,4,3.4,2024-07,False
SH2034,V10868,2,1,0.4,2023-11,False
SH2000,V10868,62,31,22.9,2024-04,True
SH2006,V10868,3,2,1.2,2024-06,False
SH2044,V10868,3,1,0.4,2024-07,False
SH2050,V10868,1,0,0.0,2024-02,False
SH2002,V10868,24,19,10.2,2024-10,False
SH2040,V10869,31,26,20.7,2023-12,True
SH2024,V10869,24,12,9.9,2024-05,False
SH2003,V10869,3,1,0.3,2024-04,False
SH2038,V10869,8,6,2.7,2024-07,False
SH2026,V10869,21,17,13.7,2024-09,False
SH2021,V10869,2,0,0.0,2024-01,False
SH2004,V10869,54,45,19.3,2024-07,False
SH2027,V10869,3,2,0.8,2024-10,False
SH2022,V10869,8,6,4.9,2024-09,False
SH2036,V10869,5,2,1.2,2024-03,False
SH2051,V10869,10,7,3.0,2024-07,True
SH2042,V10869,24,22,9.8,2024-08,True
SH2016,V10869,1,0,0.0,2024-05,False
SH2015,V10869,6,3,1.6,2023-12,False
SH2019,V10869,2,1,0.7,2024-01,False
SH2057,V10870,9,4,3.3,2024-09,False
SH2017,V10870,28,19,8.0,2024-02,False
SH2008,V10870,8,3,1.2,2023-12,True
SH2058,V10871,26,21,13.4,2024-09,False
SH2047,V10871,2,1,0.9,2023-11,False
SH2009,V10871,12,9,6.3,2024-01,True
SH2018,V10871,8,4,1.2,2024-02,False
SH2052,V10871,14,8,3.0,2024-03,False
SH2027,V10871,3,2,1.5,2024-05,False
SH2043,V10872,8,7,2.4,2024-07,False
SH2002,V10872,20,16,11.6,2024-06,False
SH2059,V10872,5,3,1.2,2024-05,False
SH2015,V10872,3,2,1.1,2024-08,False
SH2022,V10872,8,2,1.8,2024-02,False
SH2033,V10872,6,4,2.7,2024-05,False
SH2017,V10872,25,19,10.3,2024-08,False
SH2032,V10872,22,18,14.3,2024-02,False
SH2005,V10872,6,4,3.0,2024-01,False
SH2044,V10873,2,1,0.8,2024-06,False
SH2054,V10873,1,0,0.0,2024-06,False
SH2046,V10873,23,16,6.7,2024-07,False
SH2011,V10873,8,4,1.6,2024-06,False
SH2013,V10873,4,2,1.4,2024-09,False
SH2058,V10873,7,4,2.6,2024-05,True
SH2039,V10873,5,3,2.2,2024-03,True
SH2034,V10873,3,2,1.2,2024-04,False
SH2028,V10873,32,28,16.7,2024-09,False
SH2006,V10873,2,1,0.5,2024-09,False
SH2033,V10874,8,7,5.0,2024-05,False
SH2007,V10874,22,12,8.1,2024-08,False
SH2004,V10874,19,12,9.3,2024-02,False
SH2056,V10874,36,31,13.6,2024-05,False
SH2055,V10874,57,44,13.7,2024-10,True
SH2054,V10874,8,4,3.5,2024-10,False
SH2029,V10874,9,5,3.3,2024-07,False
SH2038,V10875,5,4,3.4,2024-10,False
SH2007,V10875,37,28,20.6,2024-08,False
SH2050,V10875,3,2,1.7,2023-12,False
SH2039,V10875,1,0,0.0,2024-08,False
SH2052,V10875,14,12,3.8,2024-02,False
SH2045,V10875,7,4,3.5,2024-07,True
SH2017,V10875,7,5,3.1,2023-11,True
SH2047,V10875,1,0,0.0,2024-08,False
SH2042,V10875,3,2,0.7,2024-06,False
SH2029,V10876,10,7,5.4,2024-06,False
SH2058,V10876,10,8,6.6,2024-07,False
SH2012,V10876,2,1,0.7,2024-03,False
SH2015,V10876,1,0,0.0,2024-03,False
SH2009,V10876,6,5,4.1,2024-03,False
SH2052,V10876,7,4,3.5,2024-02,False
SH2051,V10876,59,33,22.4,2024-10,False
SH2041,V10877,1,0,0.0,2024-06,False
SH2019,V10877,3,2,1.2,2023-12,False
SH2042,V10877,14,11,6.4,2024-07,True
SH2055,V10877,31,24,14.7,2023-11,True
SH2034,V10877,12,10,5.6,2024-07,False
SH2033,V10877,3,2,1.0,2024-04,False
SH2059,V10877,4,2,1.0,2023-12,False
SH2056,V10877,37,24,19.3,2024-04,True
SH2039,V10877,7,6,2.3,2024-02,False
SH2046,V10877,14,13,6.3,2024-02,False
SH2051,V10877,43,41,14.2,2024-06,False
SH2025,V10877,28,26,18.4,2024-06,True
SH2021,V10878,29,16,7.3,2024-02,False
SH2032,V10878,1,0,0.0,2024-06,False
SH2041,V10878,6,4,1.8,2023-11,False
SH2022,V10878,5,2,0.9,2024-05,False
SH2012,V10878,2,1,0.9,2024-05,False
SH2049,V10878,16,10,8.1,2024-07,True
SH2053,V10879,30,19,16.5,2023-11,False
SH2049,V10879,14,12,9.5,2023-11,True
SH2043,V10879,5,3,1.7,2024-10,False
SH2003,V10879,5,4,1.4,2023-11,False
SH2026,V10879,8,4,1.3,2024-10,False
SH2052,V10879,4,1,0.4,2024-04,False
SH2019,V10879,2,0,0.0,2024-09,False
SH2011,V10879,2,1,0.6,2024-01,False
SH2050,V10879,4,3,1.6,2024-05,False
SH2048,V10879,22,18,5.6,2024-10,False
SH2028,V10879,37,12,10.8,2024-04,False
SH2057,V10879,6,2,1.3,2024-01,False
SH2008,V10880,1,0,0.0,2024-01,False
SH2036,V10880,3,2,1.3,2024-05,False
SH2056,V10880,10,5,2.3,2024-02,False
SH2020,V10880,29,28,9.9,2023-11,True
SH2022,V10880,1,0,0.0,2024-06,False
SH2002,V10880,8,5,1.8,2024-09,False
SH2050,V10880,15,10,5.4,2024-04,True
SH2030,V10880,5,2,0.8,2024-10,False
SH2032,V10880,8,5,4.0,2023-12,False
SH2024,V10880,23,10,5.5,2024-04,False
SH2033,V10880,7,4,3.6,2024-08,False
SH2034,V10880,5,3,1.1,2024-04,True
SH2031,V10880,16,10,7.7,2024-04,False
SH2055,V10880,56,50,25.1,2024-10,True
SH2002,V10881,11,10,8.0,2024-04,False
SH2041,V10881,11,8,3.2,2024-01,True
SH2023,V10881,7,4,3.4,2024-06,True
SH2024,V10881,40,26,10.5,2023-11,False
SH2028,V10882,34,13,8.7,2024-05,False
SH2008,V10882,10,8,2.8,2024-04,True
SH2029,V10882,2,1,0.5,2023-12,False
SH2021,V10882,1,0,0.0,2024-06,False
SH2041,V10882,1,0,0.0,2024-03,False
SH2050,V10882,15,11,7.1,2024-01,False
SH2056,V10882,44,31,15.8,2024-10,False
SH2017,V10882,22,5,1.8,2024-05,False
SH2057,V10882,5,3,1.4,2024-06,True
SH2036,V10882,6,4,1.2,2023-11,False
SH2042,V10882,13,9,4.3,2024-03,False
SH2000,V10882,43,14,9.1,2024-07,True
SH2052,V10883,4,3,1.4,2024-05,False
SH2005,V10883,8,6,2.3,2024-04,False
SH2034,V10883,1,0,0.0,2024-10,False
SH2006,V10883,1,0,0.0,2024-08,False
SH2002,V10883,38,29,10.3,2024-08,True
SH2041,V10883,33,19,14.7,2024-09,False
SH2031,V10883,17,12,5.8,2023-11,True
SH2053,V10883,31,19,12.8,2024-05,True
SH2006,V10884,1,0,0.0,2024-09,False
SH2021,V10884,27,23,13.8,2024-01,False
SH2015,V10884,5,2,0.8,2024-10,False
SH2053,V10884,17,13,7.2,2024-10,False
SH2047,V10884,2,1,0.6,2024-03,False
SH2057,V10884,11,6,3.2,2024-02,False
SH2027,V10884,2,0,0.0,2024-10,False
SH2007,V10884,49,36,13.3,2024-09,False
SH2059,V10884,5,2,1.7,2024-02,False
SH2013,V10884,2,1,0.7,2024-07,False
SH2003,V10885,2,0,0.0,2024-05,False
SH2040,V10885,30,27,9.8,2024-01,True
SH2044,V10885,2,1,0.6,2024-02,False
SH2046,V10885,19,16,10.7,2024-08,True
SH2014,V10885,10,8,3.3,2024-09,False
SH2053,V10886,40,35,28.6,2024-03,False
SH2020,V10886,32,22,10.7,2024-03,True
SH2036,V10886,6,3,1.2,2024-03,False
SH2058,V10886,28,20,16.7,2024-07,True
SH2008,V10886,10,5,2.1,2024-08,True
SH2057,V10886,3,1,0.5,2023-12,False
SH2017,V10886,22,12,7.5,2024-08,False
SH2018,V10887,7,5,3.1,2024-03,False
SH2038,V10887,1,0,0.0,2024-09,False
SH2053,V10887,10,8,3.6,2024-05,False
SH2020,V10887,42,23,13.1,2024-10,True
SH2036,V10887,1,0,0.0,2023-12,False
SH2006,V10887,3,2,1.7,2024-10,False
SH2002,V10887,15,7,3.7,2024-09,False
SH2011,V10887,2,1,0.5,2023-11,False
SH2023,V10887,7,5,1.5,2024-01,False
SH2009,V10887,7,4,2.8,2023-12,False
SH2042,V10887,20,18,16.1,2024-01,True
SH2039,V10887,4,3,2.4,2024-01,False
SH2013,V10887,4,2,0.7,2024-03,False
SH2004,V10887,11,8,4.2,2024-08,False
SH2032,V10887,5,4,2.3,2024-10,True
SH2049,V10888,35,22,8.8,2024-04,True
SH2034,V10888,7,5,3.8,2024-08,False
SH2041,V10888,7,6,4.6,2023-11,True
SH2019,V10888,3,1,0.5,2024-04,False
SH2051,V10888,42,30,11.3,2024-02,False
SH2006,V10888,6,4,2.2,2024-04,False
SH2040,V10889,24,15,11.0,2024-01,False
SH2048,V10889,52,30,18.6,2024-08,False
SH2024,V10889,22,14,7.8,2024-10,True
SH2023,V10889,8,5,3.1,2024-02,True
SH2016,V10889,2,1,0.6,2024-03,False
SH2002,V10889,33,24,12.0,2024-10,False
SH2041,V10889,23,3,1.4,2024-10,False
SH2000,V10889,4,2,1.7,2024-01,False
SH2007,V10889,6,4,3.5,2024-09,True
SH2057,V10889,9,8,6.7,2023-12,False
SH2050,V10889,18,14,11.2,2024-01,True
SH2018,V10890,7,6,5.0,2024-06,False
SH2039,V10890,3,2,1.4,2024-04,False
SH2047,V10890,3,2,1.5,2024-02,False
SH2059,V10890,4,3,2.0,2024-09,True
SH2045,V10890,12,6,4.7,2024-06,True
SH2013,V10890,2,1,0.4,2024-07,False
SH2058,V10890,21,18,8.2,2024-08,False
SH2015,V10890,4,2,1.5,2023-11,False
SH2018,V10891,5,3,2.6,2024-07,True
SH2020,V10891,23,18,13.2,2024-07,False
SH2052,V10891,7,6,2.7,2024-03,False
SH2013,V10891,6,4,1.8,2024-04,True
SH2013,V10892,6,4,2.4,2024-06,False
SH2032,V10892,9,5,4.2,2024-09,False
SH2038,V10892,6,4,1.2,2024-09,True
SH2046,V10893,15,12,3.8,2024-03,True
SH2009,V10893,7,4,2.2,2024-04,False
SH2019,V10893,3,1,0.4,2023-12,False
SH2034,V10893,4,3,1.7,2024-03,True
SH2016,V10893,4,3,2.1,2024-04,False
SH2041,V10893,9,8,4.6,2023-12,False
SH2045,V10893,41,25,7.8,2024-10,False
SH2021,V10893,4,3,1.2,2024-03,True
SH2006,V10894,2,1,0.5,2024-10,False
SH2049,V10894,21,16,11.9,2024-07,True
SH2022,V10894,7,3,2.3,2024-07,False
SH2032,V10894,38,26,18.0,2023-12,False
SH2030,V10894,6,3,1.8,2024-01,True
SH2014,V10894,34,21,9.1,2024-09,False
SH2024,V10894,17,13,6.8,2024-06,False
SH2051,V10894,31,21,17.1,2023-11,False
SH2023,V10894,13,12,4.4,2024-03,False
SH2016,V10894,1,0,0.0,2024-05,False
SH2042,V10894,20,8,7.0,2024-04,True
SH2052,V10894,14,5,3.7,2024-08,False
SH2034,V10894,5,4,1.4,2024-07,False
SH2027,V10895,2,0,0.0,2024-01,False
SH2028,V10895,14,11,8.8,2024-01,False
SH2054,V10895,6,4,2.9,2024-04,True
SH2044,V10895,1,0,0.0,2023-12,False
SH2047,V10895,4,3,1.6,2024-04,False
SH2043,V10895,5,4,2.3,2024-05,False
SH2057,V10895,4,2,1.3,2023-12,False
SH2040,V10895,18,8,2.5,2024-01,False
SH2056,V10896,9,6,3.0,2024-05,False
SH2016,V10896,2,1,0.8,2023-12,False
SH2050,V10896,5,2,1.4,2024-10,False
SH2011,V10896,1,0,0.0,2024-06,False
SH2040,V10896,37,29,16.5,2023-11,True
SH2025,V10896,7,6,3.4,2024-02,False
SH2011,V10897,1,0,0.0,2023-11,False
SH2048,V10897,28,25,21.0,2023-11,False
SH2009,V10897,22,14,11.2,2024-04,False
SH2024,V10897,44,18,9.2,2023-11,False
SH2018,V10897,1,0,0.0,2024-06,False
SH2059,V10898,6,4,1.7,2024-03,False
SH2054,V10898,7,5,3.6,2024-08,False
SH2012,V10898,9,6,2.8,2024-03,False
SH2054,V10899,6,4,2.7,2023-12,False
SH2033,V10899,8,5,2.5,2024-10,True
SH2055,V10899,60,55,39.8,2024-07,True
SH2057,V10899,10,2,0.8,2024-06,False
SH2001,V10899,41,28,20.3,2024-07,False
SH2015,V10899,4,3,2.4,2024-02,True
SH2028,V10899,19,13,7.1,2023-12,False
SH2009,V10899,4,3,2.0,2024-07,False
SH2044,V10899,7,6,3.0,2024-01,False
SH2022,V10900,2,1,0.6,2024-06,False
SH2042,V10900,27,17,10.6,2023-11,False
SH2036,V10900,1,0,0.0,2024-02,False
SH2033,V10900,5,4,1.8,2024-02,True
SH2051,V10900,30,28,11.1,2024-01,False
SH2018,V10900,4,2,0.6,2024-07,False
SH2053,V10900,45,42,22.1,2024-09,False
SH2016,V10900,4,3,2.0,2024-04,True
SH2015,V10900,2,1,0.8,2024-01,False
SH2007,V10900,11,7,3.7,2023-12,True
SH2034,V10900,2,0,0.0,2024-09,False
SH2021,V10900,9,7,6.3,2024-01,True
SH2043,V10900,10,7,5.7,2024-05,True
SH2038,V10900,4,3,2.3,2024-08,True
SH2017,V10901,15,11,9.7,2023-11,True
SH2049,V10901,17,9,3.3,2024-01,False
SH2041,V10901,15,12,4.3,2024-10,False
SH2038,V10901,6,5,1.6,2024-09,False
SH2030,V10901,3,2,0.8,2024-07,False
SH2039,V10901,3,1,0.8,2024-09,False
SH2058,V10901,30,24,11.3,2024-03,True
SH2024,V10901,24,21,14.3,2024-09,False
SH2045,V10901,48,33,12.8,2024-01,False
SH2055,V10901,64,53,45.1,2024-08,False
SH2005,V10901,8,5,4.3,2024-04,False
SH2000,V10901,49,28,10.5,2024-01,True
SH2044,V10901,4,2,0.7,2024-01,False
SH2041,V10902,2,1,0.8,2024-08,False
SH2013,V10902,1,0,0.0,2024-02,False
SH2055,V10902,54,11,6.8,2024-05,False
SH2036,V10902,5,2,1.5,2024-10,False
SH2059,V10902,1,0,0.0,2023-11,False
SH2014,V10902,14,5,3.3,2024-01,True
SH2004,V10902,33,27,12.6,2024-08,False
SH2040,V10902,33,30,20.0,2024-10,False
SH2020,V10902,13,9,4.4,2024-02,False
SH2008,V10902,3,2,1.2,2023-11,False
SH2002,V10902,31,22,12.9,2024-05,True
SH2001,V10902,10,7,5.8,2024-02,False
SH2025,V10902,23,14,6.5,2024-10,False
SH2004,V10903,2,1,0.9,2023-11,False
SH2043,V10903,7,3,1.0,2023-12,True
SH2025,V10903,69,41,15.1,2024-02,True
SH2045,V10903,23,18,13.4,2024-02,True
SH2048,V10904,49,45,26.1,2024-04,True
SH2047,V10904,3,1,0.3,2024-06,False
SH2053,V10904,46,40,35.0,2024-02,False
SH2059,V10904,3,2,1.2,2024-07,False
SH2005,V10904,9,5,3.4,2024-10,False
SH2049,V10904,43,31,17.5,2024-03,True
SH2044,V10904,5,4,2.6,2024-04,True
SH2027,V10904,1,0,0.0,2024-04,False
SH2042,V10904,8,4,3.0,2024-04,False
SH2014,V10904,3,2,1.6,2023-12,False
SH2021,V10904,30,27,10.8,2024-02,False
SH2015,V10904,4,2,1.5,2024-07,False
SH2008,V10905,6,2,1.2,2024-03,False
SH2023,V10905,7,5,3.5,2024-01,True
SH2029,V10905,5,3,1.7,2024-05,True
SH2013,V10905,1,0,0.0,2024-07,False
SH2051,V10905,9,7,3.8,2023-11,False
SH2050,V10905,27,21,14.8,2024-03,False
SH2048,V10905,45,26,11.0,2024-02,False
SH2055,V10905,3,1,0.7,2024-07,False
SH2005,V10905,2,1,0.5,2024-09,False
SH2027,V10905,4,3,2.0,2024-09,False
SH2036,V10905,6,5,2.1,2024-10,False
SH2039,V10905,2,1,0.6,2024-02,False
SH2023,V10906,21,13,7.0,2024-06,True
SH2017,V10906,19,10,8.0,2024-04,False
SH2034,V10906,3,2,0.9,2024-02,False
SH2056,V10906,30,23,8.5,2024-02,True
SH2038,V10907,1,0,0.0,2024-07,False
SH2011,V10907,2,1,0.4,2024-08,False
SH2033,V10907,2,1,0.6,2024-10,False
SH2005,V10907,2,1,0.6,2024-09,False
SH2029,V10907,4,3,2.2,2024-05,False
SH2034,V10907,12,8,3.0,2024-01,False
SH2045,V10907,28,16,5.0,2024-05,False
SH2052,V10907,15,11,4.4,2024-03,False
SH2009,V10907,18,13,8.0,2024-01,False
SH2020,V10907,46,40,33.2,2024-07,True
SH2048,V10908,44,40,29.4,2024-04,False
SH2047,V10908,2,1,0.8,2024-06,False
SH2001,V10908,8,6,1.9,2024-03,True
SH2022,V10908,6,4,3.4,2024-01,False
SH2006,V10908,2,1,0.8,2023-12,False
SH2037,V10908,14,8,5.7,2024-02,False
SH2044,V10908,3,2,1.2,2024-03,False
SH2027,V10908,4,3,1.3,2024-10,True
SH2054,V10908,3,1,0.8,2024-07,False
SH2028,V10908,45,41,36.1,2024-10,False
SH2030,V10908,8,6,3.0,2024-06,True
SH2010,V10909,11,7,5.7,2023-11,False
SH2005,V10909,3,1,0.3,2023-12,False
SH2032,V10909,19,18,9.9,2024-08,False
SH2047,V10909,4,2,0.9,2024-08,False
SH2059,V10909,3,2,1.6,2024-05,False
SH2052,V10909,13,11,8.6,2024-04,False
SH2029,V10909,12,10,6.3,2024-10,False
SH2034,V10909,1,0,0.0,2023-11,False
SH2001,V10909,20,10,5.1,2024-01,False
SH2012,V10909,5,2,1.7,2023-11,False
SH2046,V10909,26,18,8.4,2024-05,True
SH2031,V10909,12,10,8.0,2024-01,False
SH2033,V10909,3,2,0.8,2024-05,False
SH2058,V10910,5,2,1.6,2024-01,False
SH2005,V10910,3,0,0.0,2024-02,False
SH2029,V10910,10,9,6.2,2024-04,True
SH2040,V10910,32,28,24.6,2023-12,True
SH2001,V10910,30,16,12.9,2023-11,False
SH2002,V10910,38,18,15.3,2024-10,False
SH2009,V10910,4,1,0.9,2024-05,False
SH2010,V10910,1,0,0.0,2024-08,False
SH2053,V10910,8,7,4.4,2024-05,False
SH2032,V10910,6,5,3.6,2024-09,True
SH2030,V10910,7,6,4.7,2024-02,True
SH2048,V10910,35,9,3.5,2024-10,False
SH2023,V10911,6,4,1.5,2023-11,True
SH2053,V10911,34,16,12.7,2024-10,True
SH2055,V10911,71,64,19.9,2024-09,True
SH2033,V10911,2,1,0.9,2024-08,False
SH2003,V10911,4,3,2.6,2024-02,False
SH2045,V10911,43,31,22.6,2024-08,True
SH2007,V10911,16,12,4.8,2024-07,False
SH2016,V10911,3,2,1.8,2024-04,False
SH2048,V10911,51,17,6.0,2024-03,True
SH2051,V10911,3,1,0.4,2024-02,False
SH2059,V10911,5,4,2.3,2023-11,False
SH2049,V10911,31,24,15.0,2024-06,False
SH2047,V10911,1,0,0.0,2024-05,False
SH2009,V10912,8,5,2.8,2024-09,False
SH2051,V10912,24,11,5.5,2024-03,False
SH2047,V10912,3,1,0.5,2023-11,False
SH2036,V10912,1,0,0.0,2024-07,False
SH2023,V10912,8,3,1.0,2024-02,True
SH2005,V10912,5,3,1.9,2024-03,False
SH2021,V10912,9,6,2.4,2023-11,False
SH2004,V10912,51,49,33.6,2024-06,False
SH2032,V10912,22,13,7.7,2024-08,True
SH2007,V10912,10,7,3.7,2024-10,True
SH2040,V10912,14,6,4.3,2024-02,False
SH2054,V10913,2,1,0.6,2024-06,False
SH2031,V10913,16,14,8.2,2023-11,False
SH2050,V10913,4,3,2.3,2024-08,False
SH2003,V10913,1,0,0.0,2024-04,False
SH2008,V10913,3,2,1.4,2024-04,False
SH2055,V10914,5,3,1.5,2024-09,False
SH2031,V10914,3,2,1.4,2024-05,False
SH2010,V10914,12,10,6.4,2024-05,False
SH2021,V10914,36,24,7.5,2024-08,False
SH2043,V10914,3,2,1.7,2023-12,False
SH2021,V10915,22,14,8.4,2024-01,False
SH2045,V10915,20,17,12.5,2024-02,False
SH2000,V10915,69,57,22.4,2024-10,False
SH2019,V10915,2,1,0.3,2024-02,False
SH2043,V10915,7,6,4.4,2024-06,False
SH2054,V10915,8,6,2.1,2024-01,False
SH2017,V10915,11,5,3.0,2024-03,False
SH2050,V10915,33,15,7.3,2023-11,True
SH2052,V10915,2,1,0.4,2024-03,False
SH2028,V10915,21,15,5.0,2024-08,False
SH2016,V10916,4,3,2.6,2024-03,True
SH2013,V10916,3,1,0.4,2024-06,False
SH2018,V10916,8,4,2.9,2024-06,True
SH2040,V10916,3,2,1.8,2024-01,False
SH2031,V10916,18,11,5.2,2024-02,False
SH2043,V10916,2,1,0.8,2024-05,False
SH2022,V10917,7,5,3.3,2024-08,False
SH2000,V10917,19,18,6.8,2024-06,False
SH2044,V10917,2,1,0.5,2024-06,False
SH2034,V10917,3,2,1.2,2023-11,False
SH2045,V10917,12,10,7.1,2024-08,False
SH2056,V10917,28,21,17.6,2024-03,True
SH2032,V10917,3,1,0.5,2024-01,False
SH2037,V10917,16,11,6.4,2024-10,False
SH2031,V10917,16,8,2.5,2024-10,True
SH2055,V10917,6,5,3.1,2024-03,True
SH2057,V10917,2,1,0.4,2024-03,False
SH2026,V10918,21,13,4.5,2024-08,False
SH2016,V10918,2,1,0.4,2024-06,False
SH2025,V10918,23,17,5.7,2024-03,True
SH2011,V10918,6,4,2.8,2024-01,False
SH2021,V10918,27,15,12.3,2024-09,True
SH2057,V10918,3,2,1.1,2023-11,False
SH2000,V10918,62,55,49.4,2023-12,False
SH2006,V10918,3,1,0.8,2024-03,False
SH2054,V10918,3,2,1.0,2024-08,False
SH2005,V10918,1,0,0.0,2024-02,False
SH2051,V10918,27,20,17.3,2024-08,True
SH2039,V10918,7,5,4.3,2024-02,False
SH2029,V10918,10,8,6.4,2024-10,True
SH2045,V10918,24,11,8.4,2024-07,True
SH2002,V10919,3,2,1.5,2024-09,False
SH2044,V10919,1,0,0.0,2024-04,False
SH2047,V10919,3,2,1.3,2024-06,False
SH2018,V10919,7,5,3.7,2024-06,True
SH2030,V10919,7,5,2.3,2024-10,False
SH2020,V10919,17,10,6.0,2024-06,True
SH2036,V10919,4,3,1.9,2024-04,True
SH2022,V10919,1,0,0.0,2023-11,False
SH2015,V10920,2,1,0.9,2024-08,False
SH2004,V10920,28,13,9.0,2024-02,False
SH2029,V10920,1,0,0.0,2024-07,False
SH2016,V10920,3,1,0.8,2023-12,False
SH2040,V10920,7,3,2.2,2023-12,True
SH2038,V10920,5,4,3.6,2024-05,False
SH2021,V10920,34,19,16.9,2024-04,False
SH2018,V10920,2,1,0.3,2024-07,False
SH2006,V10920,6,5,3.6,2024-01,False
SH2020,V10920,45,42,23.5,2024-08,False
SH2057,V10921,3,2,1.7,2024-09,False
SH2028,V10921,34,29,17.5,2024-05,False
SH2020,V10921,22,8,4.5,2024-04,False
SH2007,V10922,20,14,6.7,2024-01,False
SH2043,V10922,12,9,5.7,2024-07,True
SH2011,V10922,9,8,6.9,2023-11,False
SH2036,V10922,3,2,1.2,2024-10,False
SH2037,V10922,26,18,14.0,2024-06,False
SH2012,V10922,12,9,6.9,2024-02,False
SH2045,V10922,18,13,11.4,2023-11,False
SH2057,V10922,5,2,1.0,2023-11,False
SH2033,V10922,6,3,1.9,2024-10,False
SH2054,V10922,5,4,2.7,2024-04,True
SH2017,V10923,17,16,10.9,2023-12,False
SH2023,V10923,3,2,0.8,2024-10,False
SH2040,V10923,39,19,12.5,2024-03,False
SH2050,V10923,15,9,4.3,2024-02,True
SH2002,V10923,33,25,17.6,2023-12,False
SH2054,V10923,5,2,0.6,2023-11,False
SH2011,V10923,8,5,3.6,2024-07,False
SH2009,V10923,20,9,5.6,2024-07,False
SH2051,V10923,18,9,3.0,2024-03,True
SH2057,V10923,9,5,2.1,2024-07,False
SH2004,V10923,23,9,7.4,2024-08,False
SH2016,V10923,4,2,1.1,2024-08,False
SH2046,V10924,28,23,13.1,2024-10,False
SH2003,V10924,2,1,0.6,2024-06,False
SH2027,V10924,1,0,0.0,2023-12,False
SH2028,V10924,42,20,12.6,2024-03,False
SH2006,V10924,5,2,0.8,2024-07,False
SH2057,V10924,6,3,1.0,2024-08,False
SH2019,V10924,4,3,0.9,2024-06,False
SH2038,V10924,4,3,1.6,2023-11,True
SH2058,V10924,31,24,10.7,2024-08,False
SH2010,V10924,17,15,5.0,2024-05,False
SH2034,V10924,12,9,7.4,2024-03,True
SH2044,V10924,1,0,0.0,2024-10,False
SH2051,V10924,55,40,24.7,2024-03,False
SH2031,V10924,2,1,0.4,2024-08,False
SH2033,V10925,4,3,2.4,2024-09,False
SH2013,V10925,6,5,2.6,2024-09,True
SH2027,V10925,3,1,0.4,2023-11,False
SH2051,V10925,31,18,9.5,2024-05,False
SH2008,V10925,3,2,1.2,2023-11,False
SH2030,V10925,10,6,3.1,2024-04,True
SH2019,V10925,3,2,1.5,2023-12,False
SH2032,V10925,1,0,0.0,2024-10,False
SH2016,V10925,2,0,0.0,2024-08,False
SH2024,V10925,13,12,4.1,2024-04,False
SH2033,V10926,8,5,1.9,2024-07,True
SH2001,V10926,3,2,0.6,2024-06,False
SH2016,V10926,2,1,0.7,2024-02,False
SH2049,V10926,38,30,13.0,2024-07,False
SH2014,V10926,23,14,4.8,2024-05,True
SH2018,V10926,6,4,2.3,2023-12,False
SH2037,V10927,5,3,2.1,2024-10,True
SH2017,V10927,7,6,5.2,2024-03,True
SH2029,V10927,7,4,3.0,2024-02,False
SH2033,V10927,6,4,2.4,2024-10,True
SH2025,V10927,49,40,30.6,2024-01,False
SH2058,V10927,29,20,16.5,2023-12,True
SH2045,V10927,24,13,5.1,2024-02,True
SH2051,V10927,60,54,43.3,2024-10,False
SH2010,V10927,2,1,0.6,2024-03,False
SH2047,V10927,4,2,0.7,2024-05,False
SH2023,V10927,12,5,2.4,2024-02,False
SH2004,V10927,41,32,20.8,2024-10,False
SH2026,V10927,16,9,4.7,2023-12,True
SH2055,V10927,59,53,18.1,2023-12,False
SH2014,V10928,6,3,2.3,2024-09,False
SH2018,V10928,8,7,3.5,2024-02,False
SH2021,V10928,5,2,1.4,2024-08,False
SH2012,V10928,17,12,6.1,2024-07,False
SH2059,V10928,4,2,1.3,2024-03,False
SH2025,V10928,12,3,1.5,2024-09,True
SH2029,V10928,12,6,4.7,2024-03,True
SH2004,V10928,26,19,7.2,2024-06,True
SH2005,V10928,8,6,4.3,2024-10,True
SH2012,V10929,7,5,1.9,2024-03,False
SH2002,V10929,35,30,12.1,2023-11,False
SH2056,V10929,37,31,13.9,2024-05,True
SH2026,V10929,3,2,1.5,2024-06,False
SH2000,V10929,35,26,19.1,2024-01,False
SH2011,V10930,7,5,2.8,2023-11,False
SH2048,V10930,46,42,35.3,2024-10,False
SH2049,V10930,18,15,8.5,2024-08,False
SH2051,V10930,43,33,24.7,2024-07,False
SH2016,V10930,4,3,1.0,2023-11,False
SH2058,V10930,6,4,2.5,2024-10,False
SH2014,V10930,30,23,14.3,2024-08,False
SH2023,V10930,22,15,10.5,2024-07,False
SH2052,V10930,6,5,2.6,2023-12,False
SH2057,V10930,10,6,2.5,2024-07,True
SH2008,V10930,10,9,7.7,2024-03,False
SH2029,V10930,12,6,4.3,2024-10,True
SH2039,V10930,4,2,1.6,2023-11,False
SH2003,V10930,2,1,0.3,2024-08,False
SH2044,V10930,2,0,0.0,2024-07,False
SH2011,V10931,1,0,0.0,2024-02,False
SH2008,V10931,1,0,0.0,2024-01,False
SH2044,V10931,6,4,1.2,2023-11,False
SH2012,V10931,4,3,2.1,2024-07,True
SH2041,V10931,13,9,7.8,2024-08,False
SH2018,V10931,6,3,1.4,2024-10,False
SH2050,V10931,11,8,6.8,2024-01,False
SH2006,V10931,6,5,3.1,2024-10,False
SH2039,V10931,1,0,0.0,2024-05,False
SH2002,V10931,4,2,0.8,2024-05,False
SH2007,V10931,25,18,13.1,2024-01,False
SH2022,V10931,3,2,1.0,2024-01,False
SH2037,V10931,51,38,13.2,2024-06,True
SH2020,V10931,26,18,11.6,2024-03,True
SH2021,V10931,9,8,4.3,2024-01,False
SH2005,V10932,1,0,0.0,2024-04,False
SH2046,V10932,18,17,6.5,2024-02,False
SH2043,V10932,11,8,4.4,2024-09,True
SH2051,V10932,25,13,10.2,2024-05,True
SH2040,V10932,28,19,13.0,2024-01,True
SH2020,V10932,2,1,0.4,2024-06,False
SH2037,V10932,37,28,8.9,2024-03,True
SH2032,V10932,15,11,6.5,2023-12,False
SH2016,V10932,4,3,1.2,2024-08,True
SH2053,V10932,20,14,11.9,2024-03,True
SH2023,V10932,10,8,3.2,2024-01,False
SH2006,V10932,4,3,1.9,2024-08,False
SH2056,V10932,15,14,4.9,2024-01,False
SH2047,V10933,4,3,1.0,2024-08,False
SH2055,V10933,53,37,14.9,2023-12,False
SH2005,V10933,5,3,2.2,2024-09,False
SH2042,V10933,15,14,9.0,2024-08,True
SH2038,V10933,8,6,5.2,2024-07,False
SH2017,V10934,6,5,2.6,2024-09,True
SH2011,V10934,1,0,0.0,2024-03,False
SH2023,V10934,6,4,1.5,2023-12,True
SH2037,V10934,1,0,0.0,2023-11,False
SH2039,V10934,6,4,1.3,2024-06,True
SH2038,V10934,5,3,2.5,2024-04,False
SH2029,V10934,14,10,8.6,2024-02,False
SH2047,V10934,4,1,0.6,2024-10,False
SH2046,V10935,27,22,18.9,2023-11,False
SH2031,V10935,15,7,4.3,2023-12,True
SH2007,V10935,22,16,12.5,2023-11,True
SH2002,V10935,34,29,12.6,2023-12,True
SH2038,V10935,7,4,3.5,2024-10,True
SH2026,V10935,13,8,2.5,2024-01,True
SH2018,V10935,7,6,4.0,2024-01,False
SH2058,V10935,11,9,3.3,2024-05,True
SH2017,V10935,19,16,12.0,2024-05,False
SH2003,V10935,5,3,1.6,2024-04,False
SH2044,V10935,6,3,2.2,2024-01,False
SH2034,V10935,2,1,0.7,2024-09,False
SH2042,V10936,19,16,8.7,2024-10,True
SH2045,V10936,10,6,2.2,2024-06,False
SH2017,V10936,9,6,3.1,2024-09,True
SH2011,V10936,8,6,4.6,2024-09,True
SH2048,V10936,25,8,5.6,2024-04,False
SH2050,V10936,19,16,9.6,2024-10,False
SH2008,V10936,7,5,3.9,2024-02,False
SH2014,V10936,9,5,2.9,2024-05,True
SH2027,V10936,4,2,1.3,2023-11,False
SH2003,V10936,4,2,0.9,2024-04,False
SH2032,V10936,36,30,9.0,2024-08,False
SH2009,V10936,15,13,10.3,2024-04,False
SH2012,V10936,14,11,6.8,2024-07,False
SH2034,V10937,5,4,1.9,2024-06,True
SH2001,V10937,4,3,2.6,2024-05,False
SH2014,V10937,41,32,10.0,2023-11,False
SH2050,V10937,1,0,0.0,2024-01,False
SH2056,V10937,14,9,3.5,2024-08,True
SH2044,V10938,4,3,1.0,2024-05,True
SH2005,V10938,6,4,1.9,2023-12,True
SH2050,V10938,19,17,5.3,2024-06,False
SH2001,V10938,28,15,5.6,2024-02,True
SH2006,V10938,4,3,2.0,2024-09,False
SH2037,V10938,49,41,12.5,2023-11,False
SH2010,V10939,36,30,20.6,2023-12,True
SH2041,V10939,11,7,2.7,2024-07,True
SH2013,V10939,9,6,3.4,2024-03,False
SH2009,V10939,5,3,2.7,2024-03,True
SH2057,V10939,11,8,3.5,2024-09,False
SH2033,V10939,8,6,2.8,2024-01,False
SH2024,V10939,5,2,1.3,2024-04,False
SH2030,V10939,9,7,2.4,2023-11,False
SH2042,V10939,16,7,3.7,2024-03,False
SH2039,V10939,1,0,0.0,2024-04,False
SH2050,V10939,13,10,3.5,2024-01,True
SH2058,V10940,24,8,7.1,2024-01,True
SH2048,V10940,41,34,29.6,2024-07,False
SH2040,V10940,25,21,11.0,2024-03,False
SH2016,V10940,2,1,0.4,2024-07,False
SH2038,V10940,1,0,0.0,2024-04,False
SH2049,V10940,19,18,15.3,2024-10,False
SH2006,V10940,5,3,2.3,2024-04,True
SH2054,V10940,8,5,3.1,2024-09,False
SH2051,V10940,33,22,17.6,2024-07,False
SH2042,V10940,19,13,10.4,2024-06,True
SH2036,V10940,6,4,1.8,2024-04,False
SH2020,V10941,29,14,6.1,2024-01,True
SH2058,V10941,9,8,5.1,2024-10,False
SH2003,V10941,2,1,0.7,2024-07,False
SH2036,V10941,5,2,1.6,2024-09,False
SH2049,V10941,17,13,5.7,2024-03,True
SH2024,V10941,27,19,8.2,2024-08,False
SH2004,V10941,17,16,5.4,2024-05,False
SH2050,V10941,14,12,4.4,2023-11,False
SH2026,V10941,17,7,3.0,2024-08,True
SH2025,V10941,17,14,5.9,2023-11,True
SH2014,V10941,37,32,16.9,2024-01,True
SH2022,V10942,2,1,0.8,2024-03,False
SH2018,V10942,3,2,1.7,2024-10,False
SH2045,V10942,39,27,18.0,2024-04,True
SH2047,V10942,1,0,0.0,2024-07,False
SH2006,V10942,2,1,0.6,2024-07,False
SH2033,V10942,6,2,0.9,2023-11,False
SH2048,V10942,42,31,12.9,2024-03,False
SH2020,V10942,28,24,16.9,2024-04,False
SH2037,V10942,38,36,30.5,2024-05,True
SH2003,V10942,4,1,0.9,2024-09,False
SH2008,V10942,7,6,4.7,2024-03,False
SH2007,V10943,29,20,14.8,2024-01,True
SH2008,V10943,11,5,2.4,2024-10,False
SH2006,V10943,6,3,1.9,2024-01,True
SH2039,V10943,3,2,0.9,2024-10,False
SH2020,V10944,20,11,9.4,2024-06,True
SH2032,V10944,7,6,2.6,2024-05,False
SH2016,V10944,2,1,0.7,2024-08,False
SH2015,V10944,1,0,0.0,2024-03,False
SH2009,V10944,20,16,5.8,2023-11,True
SH2037,V10945,53,38,16.7,2023-12,False
SH2055,V10945,63,35,23.0,2024-04,False
SH2005,V10945,2,1,0.6,2024-01,False
SH2046,V10945,18,11,3.5,2024-04,False
SH2050,V10945,18,15,6.5,2024-09,False
SH2015,V10946,6,4,3.3,2024-09,True
SH2026,V10946,7,5,4.4,2023-12,True
SH2013,V10946,5,2,0.8,2023-12,False
SH2022,V10946,5,3,2.5,2024-03,False
SH2037,V10946,25,14,6.9,2024-10,False
SH2020,V10946,29,19,15.3,2024-05,False
SH2003,V10946,3,2,1.7,2024-02,False
SH2033,V10946,6,4,1.2,2024-07,False
SH2004,V10946,41,28,8.8,2024-02,False
SH2033,V10947,6,3,2.5,2024-10,True
SH2022,V10947,1,0,0.0,2024-09,False
SH2020,V10947,36,21,9.3,2024-10,False
SH2018,V10947,6,3,1.4,2024-08,False
SH2019,V10947,2,1,0.7,2024-03,False
SH2006,V10947,3,2,0.8,2023-11,False
SH2014,V10947,18,11,5.4,2024-05,True
SH2016,V10947,2,0,0.0,2024-10,False
SH2027,V10947,3,2,0.7,2024-07,False
SH2057,V10948,9,6,3.2,2024-09,False
SH2030,V10948,4,1,0.4,2024-06,False
SH2005,V10948,5,3,2.7,2024-05,False
SH2044,V10948,4,2,1.1,2023-11,False
SH2010,V10948,33,21,10.4,2024-10,True
SH2016,V10948,3,2,1.7,2024-04,False
SH2041,V10948,29,24,19.7,2024-03,False
SH2045,V10948,28,16,6.0,2024-05,False
SH2004,V10948,49,31,13.6,2024-06,True
SH2023,V10948,15,14,6.8,2024-04,False
SH2050,V10948,5,4,3.5,2024-02,False
SH2025,V10948,59,22,16.7,2024-03,True
SH2019,V10948,1,0,0.0,2024-09,False
SH2000,V10948,27,18,14.6,2024-07,True
SH2020,V10949,10,6,2.3,2024-06,True
SH2057,V10949,1,0,0.0,2024-09,False
SH2045,V10949,18,12,8.2,2024-10,False
SH2026,V10949,7,4,1.8,2024-02,True
SH2015,V10949,1,0,0.0,2024-03,False
SH2039,V10949,2,1,0.3,2024-05,False
SH2058,V10949,14,10,8.8,2024-06,True
SH2022,V10950,4,2,1.4,2024-09,False
SH2041,V10950,28,12,8.4,2024-06,True
SH2019,V10950,4,3,1.3,2023-12,False
SH2033,V10950,6,4,2.1,2024-01,False
SH2004,V10950,19,17,6.8,2024-10,True
SH2007,V10950,27,19,13.8,2023-12,True
SH2020,V10951,23,11,4.5,2024-02,False
SH2004,V10951,40,34,24.5,2024-06,False
SH2010,V10951,17,14,12.5,2024-09,False
SH2048,V10951,17,14,7.7,2023-12,True
SH2014,V10951,24,11,5.2,2024-07,False
SH2011,V10951,6,4,2.0,2024-06,True
SH2055,V10951,26,14,8.5,2024-05,False
SH2059,V10951,6,5,2.9,2024-04,True
SH2029,V10951,9,6,5.2,2023-12,True
SH2056,V10952,12,10,8.5,2024-08,True
SH2026,V10952,18,12,5.4,2024-06,False
SH2011,V10952,8,7,5.3,2024-03,False
SH2008,V10953,1,0,0.0,2023-11,False
SH2032,V10953,19,18,9.2,2024-02,True
SH2020,V10953,2,1,0.6,2024-06,False
SH2018,V10953,2,0,0.0,2023-12,False
SH2053,V10953,34,24,11.4,2024-03,True
SH2047,V10954,2,1,0.6,2024-05,False
SH2044,V10954,5,2,1.6,2024-07,False
SH2015,V10954,5,4,1.8,2024-06,True
SH2048,V10954,34,32,27.4,2024-01,True
SH2032,V10954,26,15,12.6,2024-04,False
SH2053,V10954,31,29,23.0,2024-05,False
SH2045,V10954,40,33,27.2,2024-10,False
SH2036,V10954,3,1,0.5,2023-12,False
SH2019,V10954,4,2,1.1,2023-11,False
SH2050,V10954,11,8,5.5,2024-04,False
SH2042,V10955,20,15,10.2,2024-04,False
SH2045,V10955,21,11,7.0,2024-03,True
SH2052,V10955,2,1,0.5,2024-03,False
SH2046,V10955,18,13,6.3,2024-10,False
SH2010,V10955,13,6,2.8,2024-03,True
SH2032,V10955,17,8,6.0,2023-12,False
SH2043,V10955,13,11,3.4,2024-01,False
SH2050,V10955,31,19,14.2,2023-12,True
SH2033,V10955,2,0,0.0,2024-03,False
SH2039,V10955,2,1,0.8,2024-06,False
SH2055,V10956,16,10,8.0,2024-09,True
SH2006,V10956,1,0,0.0,2024-07,False
SH2058,V10956,28,20,10.5,2024-04,False
SH2052,V10956,5,4,3.4,2024-01,True
SH2009,V10956,15,6,2.9,2024-07,True
SH2018,V10957,4,3,1.2,2024-10,False
SH2016,V10957,2,1,0.8,2024-04,False
SH2024,V10957,9,5,3.7,2024-05,True
SH2058,V10957,1,0,0.0,2024-02,False
SH2014,V10957,18,15,10.9,2024-04,True
SH2006,V10957,4,1,0.8,2024-09,False
SH2005,V10957,10,8,5.6,2024-10,False
SH2045,V10957,17,12,6.7,2024-02,True
SH2054,V10957,8,4,2.3,2023-11,False
SH2026,V10957,1,0,0.0,2024-04,False
SH2050,V10957,8,6,5.3,2023-11,False
SH2007,V10958,9,2,1.8,2024-04,False
SH2000,V10958,12,7,2.8,2024-04,False
SH2042,V10958,23,21,18.3,2024-02,False
SH2011,V10958,1,0,0.0,2024-06,False
SH2046,V10959,3,2,1.8,2024-04,False
SH2029,V10959,4,3,2.7,2024-08,True
SH2021,V10959,5,3,2.1,2024-01,True
SH2004,V10959,4,2,0.8,2024-09,False
SH2039,V10959,7,5,3.9,2023-12,True
SH2028,V10960,23,20,9.9,2024-02,False
SH2038,V10960,2,1,0.6,2024-01,False
SH2054,V10960,6,4,3.5,2024-06,True
SH2049,V10960,22,18,10.8,2024-04,False
SH2021,V10960,13,7,3.7,2024-01,True
SH2039,V10960,2,1,0.4,2024-05,False
SH2026,V10960,2,1,0.8,2024-10,False
SH2000,V10960,52,48,20.5,2024-03,True
SH2033,V10961,1,0,0.0,2024-09,False
SH2026,V10961,22,17,9.0,2024-02,True
SH2002,V10961,39,27,24.0,2024-07,True
SH2037,V10961,50,26,17.4,2024-01,False
SH2045,V10961,21,12,8.6,2024-05,True
SH2052,V10961,6,5,3.5,2024-03,False
SH2004,V10962,41,35,16.8,2024-02,True
SH2016,V10962,4,3,2.0,2024-04,True
SH2015,V10962,3,2,1.1,2024-04,False
SH2052,V10962,12,7,5.9,2024-01,True
SH2040,V10962,44,37,11.8,2024-07,False
SH2047,V10962,1,0,0.0,2023-12,False
SH2024,V10962,47,32,16.5,2024-05,True
SH2058,V10962,1,0,0.0,2024-05,False
SH2031,V10962,14,9,5.9,2024-04,True
SH2027,V10962,2,1,0.6,2024-03,False
SH2003,V10962,2,1,0.7,2024-02,False
SH2034,V10962,8,6,5.2,2024-02,False
SH2055,V10962,15,11,8.7,2023-12,True
SH2039,V10963,2,1,0.6,2024-05,False
SH2041,V10963,19,16,7.6,2023-12,False
SH2017,V10963,24,19,9.8,2024-04,True
SH2008,V10963,3,2,1.8,2023-12,False
SH2016,V10963,3,2,0.9,2024-02,False
SH2019,V10963,2,1,0.6,2024-07,False
SH2015,V10964,5,3,1.3,2024-10,False
SH2007,V10964,13,11,6.9,2024-06,False
SH2012,V10964,12,7,4.8,2024-03,True
SH2046,V10965,29,19,11.2,2024-01,True
SH2022,V10965,2,1,0.5,2024-08,False
SH2016,V10965,2,1,0.5,2024-08,False
SH2044,V10965,3,1,0.6,2024-10,False
SH2005,V10966,10,8,4.6,2024-06,False
SH2044,V10966,4,2,1.3,2023-11,False
SH2008,V10966,3,1,0.6,2024-05,False
SH2033,V10966,5,4,1.7,2024-08,False
SH2013,V10966,7,4,2.7,2024-02,True
SH2000,V10966,69,63,40.3,2024-07,True
SH2021,V10966,3,1,0.6,2024-01,False
SH2033,V10967,4,3,1.7,2024-04,False
SH2005,V10967,5,3,1.5,2024-07,False
SH2044,V10967,7,5,2.3,2024-06,True
SH2050,V10967,27,24,18.3,2024-03,False
SH2003,V10967,3,2,1.1,2024-09,False
SH2018,V10967,6,4,1.5,2024-08,True
SH2024,V10967,41,30,12.8,2023-11,True
SH2013,V10967,1,0,0.0,2024-10,False
SH2036,V10967,5,4,3.5,2024-10,True
SH2007,V10967,19,12,6.3,2024-04,True
SH2015,V10967,1,0,0.0,2024-05,False
SH2037,V10967,47,35,20.8,2024-04,False
SH2041,V10967,17,9,7.4,2024-07,False
SH2042,V10968,30,14,9.1,2024-06,False
SH2031,V10968,2,1,0.9,2024-10,False
SH2014,V10968,5,3,2.2,2024-10,True
SH2046,V10968,12,3,2.2,2024-09,False
SH2021,V10968,16,10,7.9,2024-08,False
SH2006,V10968,4,3,2.1,2024-03,False
SH2010,V10968,8,6,3.2,2024-10,False
SH2038,V10968,1,0,0.0,2023-11,False
SH2023,V10968,7,6,2.2,2024-08,True
SH2059,V10969,5,4,1.3,2024-01,True
SH2037,V10969,20,10,3.7,2024-03,False
SH2048,V10969,25,14,10.3,2023-11,False
SH2057,V10969,3,2,0.7,2024-05,False
SH2006,V10969,6,4,2.2,2024-03,True
SH2005,V10969,8,6,4.8,2024-02,True
SH2016,V10969,2,1,0.8,2024-05,False
SH2025,V10969,6,5,1.7,2023-11,True
SH2052,V10969,5,2,1.6,2023-11,False
SH2013,V10969,4,3,2.5,2024-05,True
SH2030,V10969,1,0,0.0,2024-03,False
SH2055,V10969,53,47,18.2,2024-08,False
SH2023,V10969,9,7,2.9,2024-07,True
SH2041,V10969,28,23,19.4,2024-03,False
SH2010,V10969,28,22,17.5,2024-04,True
SH2034,V10970,3,2,1.1,2024-09,False
SH2024,V10970,9,8,2.9,2024-07,True
SH2013,V10970,2,1,0.4,2023-11,False
SH2040,V10970,33,19,13.6,2024-02,True
SH2043,V10970,19,16,9.4,2024-04,False
SH2022,V10970,7,4,1.5,2024-02,True
SH2033,V10970,9,5,2.4,2024-07,False
SH2049,V10970,14,13,11.1,2024-10,False
SH2003,V10971,4,2,0.9,2024-09,False
SH2047,V10971,2,1,0.5,2024-07,False
SH2042,V10971,17,15,11.4,2024-10,False
SH2032,V10971,7,5,3.8,2024-08,False
SH2004,V10971,17,13,10.4,2024-07,False
SH2000,V10971,64,47,24.3,2024-02,True
SH2019,V10971,4,1,0.4,2024-04,False
SH2017,V10971,22,13,9.3,2024-07,False
SH2012,V10971,18,15,6.0,2024-09,True
SH2016,V10971,2,1,0.3,2024-03,False
SH2010,V10971,9,7,3.7,2024-09,False
SH2046,V10971,17,15,12.6,2024-03,False
SH2013,V10972,4,2,1.0,2023-12,False
SH2056,V10972,20,17,10.3,2024-07,True
SH2052,V10972,14,11,4.6,2024-06,True
SH2043,V10972,15,7,2.6,2024-06,False
SH2007,V10972,18,10,6.3,2024-01,False
SH2051,V10972,51,41,36.0,2024-10,True
SH2014,V10972,2,1,0.3,2023-11,False
SH2030,V10973,9,5,2.8,2024-03,False
SH2047,V10973,3,2,1.5,2024-05,False
SH2039,V10973,6,4,3.0,2024-07,True
SH2057,V10974,12,10,7.8,2023-12,False
SH2001,V10974,5,2,0.8,2023-11,False
SH2048,V10974,4,3,2.2,2024-04,True
SH2007,V10974,13,9,5.1,2024-09,False
SH2043,V10974,18,13,8.5,2024-02,False
SH2058,V10974,11,6,1.8,2024-02,False
SH2004,V10974,33,27,15.5,2024-01,False
SH2021,V10974,30,21,12.3,2024-09,False
SH2027,V10974,4,2,0.9,2024-02,False
SH2030,V10974,9,5,2.6,2024-06,True
SH2000,V10974,32,28,21.1,2024-10,False
SH2011,V10974,3,2,1.2,2023-11,False
SH2020,V10974,28,14,6.2,2024-04,True
SH2046,V10975,3,1,0.7,2024-02,False
SH2037,V10975,33,26,17.5,2024-06,True
SH2039,V10975,5,2,0.9,2024-07,False
SH2058,V10975,12,4,3.4,2024-03,False
SH2030,V10975,10,9,5.0,2024-03,False
SH2047,V10975,1,0,0.0,2024-04,False
SH2019,V10975,2,1,0.7,2024-01,False
SH2054,V10975,4,2,1.7,2024-03,False
SH2051,V10975,5,4,2.3,2024-03,True
SH2003,V10976,3,2,1.6,2023-11,False
SH2012,V10976,18,16,14.1,2023-11,True
SH2034,V10976,5,3,1.0,2023-11,True
SH2010,V10976,9,4,1.3,2024-05,False
SH2045,V10976,2,1,0.5,2024-07,False
SH2009,V10976,19,18,13.1,2024-01,False
SH2015,V10976,3,2,0.9,2023-12,False
SH2043,V10976,16,13,7.3,2024-10,True
SH2050,V10976,37,32,16.6,2023-12,True
SH2032,V10976,16,13,7.8,2024-06,True
SH2039,V10976,3,2,1.3,2024-06,False
SH2029,V10976,4,1,0.7,2024-10,False
SH2031,V10977,8,6,2.0,2024-06,True
SH2029,V10977,3,2,1.8,2023-12,False
SH2052,V10977,4,1,0.7,2024-07,False
SH2058,V10977,18,12,6.8,2024-08,False
SH2032,V10977,4,2,1.2,2024-03,False
SH2001,V10978,1,0,0.0,2024-06,False
SH2040,V10978,24,18,5.9,2024-09,False
SH2008,V10978,3,1,0.4,2024-02,False
SH2053,V10978,25,23,7.5,2023-11,True
SH2012,V10978,20,14,9.9,2024-01,False
SH2037,V10978,6,3,2.2,2024-06,False
SH2025,V10978,46,21,7.7,2024-04,False
SH2032,V10979,37,35,17.7,2024-06,True
SH2034,V10979,1,0,0.0,2024-08,False
SH2019,V10979,1,0,0.0,2024-01,False
SH2013,V10979,2,1,0.4,2024-04,False
SH2036,V10979,4,1,0.4,2024-09,False
SH2007,V10980,30,26,14.3,2024-04,False
SH2055,V10980,29,22,18.4,2024-04,True
SH2012,V10980,22,20,12.8,2024-08,False
SH2027,V10980,1,0,0.0,2024-09,False
SH2043,V10980,10,8,4.3,2024-01,True
SH2011,V10980,5,4,1.7,2024-02,True
SH2016,V10980,1,0,0.0,2024-01,False
SH2009,V10980,12,9,4.6,2024-07,False
SH2039,V10980,3,2,1.4,2024-07,False
SH2025,V10980,51,38,20.0,2024-06,True
SH2018,V10980,4,3,1.2,2024-04,False
SH2029,V10980,3,1,0.7,2024-04,False
SH2037,V10981,9,5,1.7,2024-10,False
SH2007,V10981,21,12,3.6,2024-05,True
SH2056,V10981,1,0,0.0,2024-07,False
SH2031,V10981,13,9,3.3,2023-12,False
SH2057,V10981,10,5,2.0,2024-03,False
SH2036,V10981,4,1,0.3,2023-11,False
SH2019,V10981,4,1,0.8,2024-04,False
SH2014,V10982,3,1,0.6,2024-07,False
SH2004,V10982,26,21,14.2,2024-10,True
SH2028,V10982,40,27,22.5,2024-06,False
SH2011,V10982,6,2,0.8,2024-02,False
SH2005,V10982,9,7,4.9,2024-03,False
SH2006,V10982,5,1,0.6,2024-01,False
SH2038,V10982,6,5,1.9,2024-01,False
SH2034,V10982,7,5,3.5,2024-04,False
SH2056,V10982,32,24,16.9,2024-09,False
SH2055,V10982,43,34,12.9,2024-10,True
SH2001,V10982,27,12,6.1,2024-04,False
SH2057,V10982,2,1,0.4,2023-12,False
SH2018,V10983,4,2,0.6,2024-06,False
SH2011,V10983,7,4,1.4,2024-08,True
SH2027,V10983,2,1,0.5,2024-01,False
SH2006,V10983,3,2,1.5,2024-06,False
SH2044,V10983,2,1,0.4,2024-09,False
SH2007,V10983,29,20,7.7,2024-10,True
SH2021,V10983,11,7,3.3,2024-07,False
SH2049,V10984,3,2,1.3,2024-09,False
SH2055,V10984,20,14,6.2,2024-07,True
SH2025,V10984,34,20,17.8,2024-02,False
SH2031,V10985,22,20,9.6,2024-01,True
SH2023,V10985,14,12,7.7,2024-06,False
SH2043,V10985,18,15,7.7,2024-06,True
SH2011,V10985,4,2,1.5,2024-09,False
SH2057,V10985,3,2,1.1,2024-07,False
SH2037,V10985,15,12,8.0,2024-04,False
SH2015,V10986,6,3,1.4,2024-03,True
SH2052,V10986,1,0,0.0,2024-04,False
SH2037,V10986,35,19,6.6,2024-07,True
SH2009,V10986,21,14,11.3,2024-09,False
SH2017,V10986,15,12,9.1,2024-10,False
SH2059,V10986,4,3,2.3,2024-08,False
SH2016,V10986,4,3,2.3,2023-12,False
SH2004,V10986,52,32,23.9,2024-05,False
SH2048,V10987,24,22,15.5,2024-07,False
SH2001,V10987,5,4,1.9,2024-01,False
SH2036,V10987,1,0,0.0,2024-08,False
SH2052,V10987,10,4,2.5,2023-12,False
SH2010,V10987,9,3,1.1,2024-01,False
SH2045,V10987,4,2,1.4,2024-08,False
SH2020,V10987,26,21,11.3,2024-10,True
SH2051,V10987,56,52,30.2,2024-05,False
SH2037,V10987,38,14,10.3,2024-10,False
SH2021,V10987,28,21,11.8,2024-01,False
SH2038,V10987,6,5,3.6,2024-06,False
SH2044,V10987,5,4,1.8,2024-04,True
SH2059,V10988,5,3,2.1,2023-11,True
SH2004,V10988,38,29,12.8,2024-09,False
SH2040,V10988,42,29,18.0,2024-01,False
SH2038,V10988,2,1,0.8,2024-06,False
SH2045,V10989,26,22,16.9,2024-05,False
SH2031,V10989,10,7,4.9,2024-08,True
SH2010,V10989,25,16,5.2,2024-02,True
SH2030,V10989,9,6,5.0,2024-04,False
SH2058,V10989,22,9,7.1,2024-04,False
SH2023,V10989,9,7,2.7,2024-05,False
SH2043,V10989,13,9,7.5,2023-12,False
SH2003,V10989,1,0,0.0,2024-08,False
SH2028,V10989,38,18,12.4,2024-06,False
SH2019,V10989,2,1,0.6,2023-11,False
SH2017,V10989,4,2,1.2,2024-06,False
SH2032,V10989,2,1,0.9,2024-08,False
SH2025,V10990,68,60,25.0,2024-02,True
SH2028,V10990,37,31,27.4,2024-07,False
SH2011,V10990,2,1,0.4,2024-04,False
SH2014,V10990,31,14,7.3,2024-05,True
SH2039,V10990,8,7,3.8,2024-10,False
SH2010,V10990,1,0,0.0,2024-10,False
SH2031,V10990,1,0,0.0,2024-02,False
SH2003,V10990,4,3,2.6,2024-09,False
SH2051,V10991,50,41,28.2,2024-07,False
SH2002,V10991,21,16,10.6,2024-05,True
SH2039,V10991,6,4,3.3,2024-02,False
SH2040,V10991,39,21,7.3,2024-06,False
SH2058,V10992,1,0,0.0,2024-02,False
SH2017,V10992,28,22,9.3,2023-12,False
SH2034,V10992,6,3,1.9,2024-01,False
SH2014,V10992,16,11,3.4,2024-08,True
SH2008,V10992,8,7,6.0,2023-12,False
SH2050,V10992,18,16,6.9,2024-03,True
SH2038,V10992,8,4,2.8,2024-01,False
SH2023,V10992,8,5,3.2,2024-09,True
SH2032,V10992,5,3,2.7,2024-03,False
SH2046,V10992,9,6,2.9,2024-03,False
SH2048,V10992,24,19,6.7,2024-08,False
SH2010,V10992,11,10,6.9,2024-02,False
SH2005,V10993,10,7,3.1,2024-01,False
SH2057,V10993,11,8,4.4,2024-06,True
SH2011,V10993,3,2,0.8,2024-10,False
SH2023,V10993,15,9,3.8,2024-04,False
SH2017,V10993,30,8,2.8,2024-01,True
SH2039,V10993,1,0,0.0,2024-08,False
SH2032,V10993,16,8,6.8,2023-11,True
SH2054,V10993,5,2,1.5,2024-03,False
SH2027,V10993,2,1,0.9,2024-08,False
SH2055,V10993,41,27,18.8,2024-06,False
SH2028,V10993,47,23,11.3,2024-09,True
SH2022,V10993,5,2,1.5,2023-11,False
SH2049,V10993,38,30,15.2,2024-10,False
SH2029,V10994,12,8,6.6,2024-04,True
SH2049,V10994,42,23,18.8,2024-01,False
SH2017,V10994,19,14,10.2,2024-06,False
SH2037,V10995,50,41,17.9,2023-11,True
SH2033,V10995,6,1,0.8,2024-10,False
SH2027,V10995,4,2,1.5,2024-06,False
SH2049,V10996,24,22,14.9,2024-01,True
SH2009,V10996,14,7,3.9,2024-10,True
SH2045,V10996,10,4,2.6,2024-02,False
SH2020,V10996,39,13,10.3,2023-12,False
SH2010,V10996,32,29,23.2,2024-07,False
SH2040,V10996,33,25,19.5,2024-08,True
SH2019,V10996,3,2,1.0,2023-11,False
SH2007,V10997,40,36,13.0,2024-01,False
SH2029,V10997,6,5,2.1,2024-03,False
SH2050,V10997,32,29,25.8,2024-03,False
SH2017,V10998,7,3,1.1,2024-10,True
SH2038,V10998,2,1,0.8,2024-04,False
SH2046,V10998,26,15,11.6,2024-10,False
SH2021,V10998,28,23,10.8,2024-01,False
SH2049,V10998,19,13,4.3,2024-08,True
SH2044,V10998,6,5,3.8,2024-03,False
SH2026,V10998,30,19,13.2,2023-12,False
SH2019,V10998,3,0,0.0,2023-11,False
SH2041,V10998,3,2,1.4,2024-04,False
SH2022,V10998,1,0,0.0,2023-12,False
SH2040,V10998,9,8,6.0,2024-07,False
SH2006,V10998,1,0,0.0,2024-04,False
SH2051,V10998,47,35,17.5,2024-10,False
SH2006,V10999,4,2,1.1,2024-06,False
SH2051,V10999,18,16,12.0,2023-11,True
SH2039,V10999,1,0,0.0,2024-03,False
SH2040,V10999,13,9,7.1,2023-11,True
SH2058,V11000,6,4,2.9,2024-06,False
SH2002,V11000,10,7,6.3,2024-01,True
SH2032,V11000,7,2,0.7,2024-08,False
SH2008,V11000,9,7,5.7,2024-07,True
SH2009,V11000,15,14,11.4,2024-02,True
SH2007,V11000,49,34,13.9,2024-09,False
SH2004,V11000,39,37,26.3,2024-03,False
SH2027,V11000,3,2,0.9,2024-04,False
SH2047,V11000,3,1,0.5,2024-02,False
SH2033,V11000,6,4,2.4,2024-05,True
SH2049,V11000,22,12,8.9,2024-09,False
SH2052,V11000,11,9,3.3,2024-10,False
SH2012,V11000,17,15,5.5,2023-11,True
SH2001,V10010,23,19,15.5,2024-08,True
